,correlation_with_label
calculatedfinishedsquarefeet,0.3689807951450348
bathroomcnt,0.31167083978652954
buildingqualitytypeid_10,0.15606404840946198
buildingqualitytypeid_12,0.15485268831253052
buildingqualitytypeid_11,0.14355158805847168
bedroomcnt,0.14063434302806854
propertyzoningdesc_BHR1*,0.1376747488975525
yearbuilt,0.11821191012859344
propertycountylandusecode_0101,0.11800897866487503
propertyzoningdesc_LARE20,0.10930430889129639
buildingqualitytypeid_9,0.10929305106401443
heatingorsystemtypeid_Floor/Wall,-0.10499677807092667
propertylandusetypeid_Store/Office (Mixed Use),0.10188693553209305
buildingqualitytypeid_4,-0.08960134536027908
propertyzoningdesc_LARE15,0.08647450804710388
propertycountylandusecode_0100,-0.08569066226482391
propertyzoningdesc_LARE40,0.08484382927417755
propertycountylandusecode_0103,0.08283612877130508
propertycountylandusecode_1,0.07962232828140259
propertycountylandusecode_Other,0.07657715678215027
buildingqualitytypeid_6,-0.07629930973052979
lotsizesquarefeet,0.07341231405735016
heatingorsystemtypeid_Central,0.06634560227394104
buildingqualitytypeid_7,0.06372049450874329
propertylandusetypeid_Residential General,0.06219051778316498
latitude,-0.05786195024847984
propertycountylandusecode_1200,0.05590355396270752
propertylandusetypeid_Mobile Home,-0.049567606300115585
propertyzoningdesc_SMR1*,0.049502260982990265
buildingqualitytypeid_5,-0.04874479025602341
buildingqualitytypeid_Unknown,0.04449378326535225
propertyzoningdesc_MNRS,0.04405960068106651
propertylandusetypeid_Condominium,-0.042315516620874405
propertycountylandusecode_100V,0.04220670089125633
propertycountylandusecode_010V,0.0381694994866848
propertylandusetypeid_Single Family Residential,0.03775453194975853
propertyzoningdesc_LARE11,0.034781862050294876
propertycountylandusecode_34,-0.03213026374578476
propertycountylandusecode_0,-0.029440434649586678
fips_Orange,0.02935810200870037
propertycountylandusecode_73,-0.02823656052350998
propertycountylandusecode_122,0.02782760187983513
buildingqualitytypeid_8,-0.02597997337579727
propertycountylandusecode_010E,-0.025828585028648376
heatingorsystemtypeid_Unknown,0.025702260434627533
propertycountylandusecode_0200,-0.022493135184049606
propertycountylandusecode_0104,0.022351784631609917
propertylandusetypeid_Commercial/Office/Residential Mixed Used,0.02231788821518421
propertyzoningdesc_LAC2,0.021665502339601517
propertyzoningdesc_LAR2,-0.021253174170851707
propertycountylandusecode_010C,-0.021211348474025726
buildingqualitytypeid_3,-0.020695611834526062
longitude,-0.02067568711936474
propertyzoningdesc_LARA,0.02033419907093048
"propertylandusetypeid_Duplex (2 Units, Any Combination)",-0.02022196166217327
propertycountylandusecode_71,-0.020221887156367302
propertyzoningdesc_Unknown,0.019491415470838547
propertyzoningdesc_LBR1N,-0.019227759912610054
propertyzoningdesc_CORL*,-0.01912487857043743
propertyzoningdesc_CARS*,-0.019036149606108665
fips_Los Angeles,-0.01894630305469036
propertyzoningdesc_LARE9,0.018877027556300163
propertycountylandusecode_0108,0.018526576459407806
heatingorsystemtypeid_Yes,-0.018391594290733337
propertyzoningdesc_PDR1*,-0.01828783191740513
propertycountylandusecode_1210,0.01791381649672985
propertycountylandusecode_1129,-0.01785867102444172
propertyzoningdesc_LAR5,0.01777268946170807
propertycountylandusecode_1118,-0.01770085096359253
propertyzoningdesc_LARD2,-0.017640158534049988
propertyzoningdesc_PRSF*,-0.017637263983488083
propertyzoningdesc_LARS,-0.017308177426457405
propertyzoningdesc_ARR1YY,0.016765505075454712
propertycountylandusecode_300V,0.016197189688682556
propertyzoningdesc_LCR1YY,-0.016138600185513496
propertyzoningdesc_LCR2*,-0.015809768810868263
propertyzoningdesc_BPR1*,-0.015746906399726868
propertyzoningdesc_NOR1YY,-0.015112285502254963
propertyzoningdesc_LCA106,-0.014872560277581215
fips_Ventura,-0.01482479553669691
propertycountylandusecode_1110,0.014611455611884594
propertyzoningdesc_LCRA7000*,-0.013714906759560108
propertyzoningdesc_LARD1.5,-0.013616075739264488
propertyzoningdesc_POR17200*,-0.013327428139746189
propertyzoningdesc_LKR1YY,-0.012957669794559479
propertyzoningdesc_LRRA7000*,-0.012674679048359394
propertyzoningdesc_PSR4,0.012379403226077557
propertyzoningdesc_GAR1,-0.012169692665338516
propertyzoningdesc_SCUR3,-0.012068890035152435
propertycountylandusecode_01HC,0.011683362536132336
propertyzoningdesc_SCUR2,-0.011448271572589874
propertyzoningdesc_LCR2YY,-0.011435328982770443
propertyzoningdesc_LCR3*,-0.011423070915043354
propertyzoningdesc_RPRS10000*,0.011111576110124588
propertycountylandusecode_1111,-0.0110938660800457
propertyzoningdesc_INR1YY,-0.01105811819434166
propertycountylandusecode_1128,-0.010979975573718548
propertylandusetypeid_Cluster Home,-0.010979975573718548
propertyzoningdesc_LCR110000*,0.010778844356536865
propertyzoningdesc_LMR1*,-0.01073752623051405
heatingorsystemtypeid_Solar,0.010718492791056633
propertyzoningdesc_LRA22*,-0.010535703040659428
propertyzoningdesc_LCRA06,-0.010338984429836273
propertycountylandusecode_010H,-0.01020855363458395
propertyzoningdesc_LCA1YY,-0.010104523040354252
propertyzoningdesc_NOR1*,-0.010066643357276917
propertyzoningdesc_LPR1YY,-0.009919306263327599
propertyzoningdesc_LAR3,-0.009868612512946129
propertyzoningdesc_LYR1YY,-0.00982628297060728
propertyzoningdesc_GDR1,-0.009667634032666683
propertyzoningdesc_MNR1YY,-0.009659514762461185
propertyzoningdesc_SGR3YY,-0.009586161933839321
propertyzoningdesc_LBR2N,-0.009569119662046432
propertycountylandusecode_128,0.009450105018913746
propertyzoningdesc_LRR7000*,-0.009405425749719143
propertyzoningdesc_LCR1*,-0.009372958913445473
propertyzoningdesc_WCR1YY,-0.009366261772811413
propertyzoningdesc_INR2YY,-0.00928517896682024
propertyzoningdesc_GLR4*,-0.009153230115771294
propertyzoningdesc_LKR1*,-0.0091354139149189
propertyzoningdesc_LARD3,-0.008933098055422306
propertyzoningdesc_SMR2*,0.008931928314268589
propertyzoningdesc_LCA110000*,-0.008741412311792374
propertycountylandusecode_0700,-0.008700908161699772
propertyzoningdesc_LCR3YY,-0.008680849336087704
propertylandusetypeid_Planned Unit Development,0.008664088323712349
propertyzoningdesc_LCA16000*,-0.008636715821921825
propertyzoningdesc_LCR17500*,-0.00862780213356018
propertycountylandusecode_010D,0.008542909286916256
propertycountylandusecode_1112,0.008342339657247066
propertyzoningdesc_DOR105,-0.008324878290295601
propertyzoningdesc_LBR4R,-0.008038806729018688
propertycountylandusecode_96,0.008037387393414974
propertyzoningdesc_ALRPD*,-0.00794525258243084
propertycountylandusecode_0300,-0.007889249362051487
"propertylandusetypeid_Quadruplex (4 Units, Any Combination)",0.007713868748396635
propertyzoningdesc_WCR17500*,-0.007651261053979397
propertyzoningdesc_LCA1*,-0.007620495744049549
propertyzoningdesc_WHR1YY,-0.007523030042648315
propertyzoningdesc_WCPCD1*,-0.007370068691670895
propertycountylandusecode_38,0.007200086489319801
propertycountylandusecode_010G,-0.007155357860028744
"propertylandusetypeid_Triplex (3 Units, Any Combination)",-0.0068251872435212135
propertyzoningdesc_MPR1YY,-0.006760539021342993
propertycountylandusecode_010M,-0.006691569462418556
propertyzoningdesc_RBR-1,0.006640359293669462
propertyzoningdesc_GLR1*,0.00656546326354146
propertyzoningdesc_WCR1*,-0.006386586464941502
propertycountylandusecode_1117,-0.006379482802003622
propertyzoningdesc_HAR1YY,-0.006357132922858
"propertylandusetypeid_Manufactured, Modular, Prefabricated Homes",-0.00632717227563262
propertyzoningdesc_CERS5000,-0.006247783079743385
propertycountylandusecode_0400,0.00547565845772624
propertycountylandusecode_0201,0.005111358128488064
propertyzoningdesc_ALR1YY,-0.0050157527439296246
propertycountylandusecode_1222,-0.00490248017013073
propertyzoningdesc_LCR175,-0.004701678175479174
propertyzoningdesc_WDR4*,0.004521397408097982
propertyzoningdesc_GLR4YY,-0.004427294712513685
propertycountylandusecode_040V,-0.004288097377866507
propertyzoningdesc_BUR4*,-0.003987861797213554
heatingorsystemtypeid_Radiant,-0.003801703453063965
propertycountylandusecode_0109,-0.00374789466150105
propertyzoningdesc_PSR3,-0.0036962227895855904
propertycountylandusecode_1720,0.0035795147996395826
propertycountylandusecode_135,0.003499655518680811
propertyzoningdesc_SCUR1,0.0034740851260721684
propertyzoningdesc_LCR105,-0.003298821859061718
buildingqualitytypeid_2,-0.0031064380891621113
propertycountylandusecode_010F,-0.0030751500744372606
propertylandusetypeid_Cooperative,-0.003023188328370452
propertycountylandusecode_012C,-0.0029404587112367153
buildingqualitytypeid_1,0.0029300819151103497
propertyzoningdesc_BUR1YY,-0.0029284649062901735
propertyzoningdesc_GLR1YY,0.002852108096703887
propertyzoningdesc_LAR1,-0.0028226550202816725
propertyzoningdesc_LCR18000*,-0.002674014074727893
propertyzoningdesc_LCR106,-0.002625514520332217
propertyzoningdesc_PSR1,-0.0024357703514397144
heatingorsystemtypeid_Other,-0.002417182084172964
propertyzoningdesc_PSR6,-0.002117781201377511
propertycountylandusecode_1116,-0.002076531993225217
propertyzoningdesc_SLR1YY,-0.002021071733906865
propertyzoningdesc_LAR4,-0.0019250152399763465
heatingorsystemtypeid_None,-0.0018563232151791453
propertycountylandusecode_0301,0.0017566006863489747
propertyzoningdesc_LCA22*,-0.0015515373088419437
propertyzoningdesc_Other,-0.0013347677886486053
propertycountylandusecode_01DC,-0.0013206951553002
heatingorsystemtypeid_Forced air,-0.0011935686925426126
propertyzoningdesc_LCA25*,0.0011286893859505653
propertyzoningdesc_LCA21*,0.0010967355920001864
propertycountylandusecode_1321,-0.0009691081359051168
propertycountylandusecode_1310,-0.0007888350519351661
propertyzoningdesc_LCA11*,-0.0006408204790204763
propertyzoningdesc_TORR-LO,-0.0006063197506591678
propertylandusetypeid_Other,0.00045623170444741845
propertycountylandusecode_Unknown,0.00033953742240555584
propertycountylandusecode_1410,0.000247845338890329
propertyzoningdesc_SCSP,0.0002115045062964782
propertyzoningdesc_BUR1*,0.0001351153914583847
buildingqualitytypeid_Other,0.0
fips_Other,0.0
propertylandusetypeid_Unknown,0.0
fips_Unknown,0.0
