developer_id,name_en,legal_name_en,founded_year,hq_city,website,egx_ticker,parent_group,n_projects_total,n_projects_greater_cairo,units_delivered,units_delivered_year,land_bank_acres,annual_sales_egp_bn,annual_sales_year,sales_rank_note,delivery_track_record,reputation_notes,verified,last_checked,source_ids
DEV001,Mountain View,Mountain View for Development and Real Estate Investment,2005,Cairo,mountainviewegypt.com,,,24,17,17500,2025,6228,104,2025,"4th highest-selling developer in Egypt in 2025 per The Board Consulting (reported by Egyptian Gazette, April 2026); 3rd by units delivered in 2025; 3rd in 2024 with EGP 105bn and 3rd in H1 2026 with EGP 63.7bn (The Board Consulting via Daily News Egypt)","Delivered over 2,200 units in 2025 and more than 17,500 units cumulatively (Egyptian Gazette, April 2026); site reports 1,800 units delivered in H1 2026; targets 3,000 deliveries in 2026 (Zawya)","Described by Daily News Egypt (March 2025) as among Egypt's top three developers for the fourth consecutive year; missed its EGP 150bn 2025 sales target (achieved EGP 104bn); land bank converted from 'over 6,000 feddans' at 1.038 acres per feddan",True,2026-09-22,S1-001|S1-002|S1-003|S1-004|S1-005|S1-006|S1-007|S1-018
DEV007,Orascom Development Egypt,,,,orascomdh.com,ORHD,Orascom Development Holding,6,1,,,,32.5,2024,Not in The Board Consulting top 10 for Q1 2026 or H1 2026 (Daily News Egypt),"O West began first handovers (Whyt and Tulwa) in May 2023 with over 2,000 units planned for 2023; Makadi Heights targeted 700 deliveries by end-2025 (Daily News Egypt)","Listed on EGX; FY2025 revenue EGP 24.945bn and net profit after minority interest EGP 5.549bn (Arab Finance, March 2026); about 40% of sales from international clients (Daily News Egypt, March 2026)",True,2026-09-22,S1-007|S1-008|S1-009|S1-010|S1-011|S1-012|S1-013|S1-014
DEV013,Hassan Allam Properties,Hassan Allam Properties S.A.E.,,,hap.com.eg,,Hassan Allam Holding,14,8,,,,,,"Not in The Board Consulting top 10 for 2024, Q1 2026 or H1 2026 (Daily News Egypt)","Site states communities host about 24,000 residents; eight ongoing projects in Mostakbal City, North Coast and El Gouna prioritised for completion in 2026 (Daily News Egypt, Feb 2026)",Real estate arm of Hassan Allam Holding; site cites 25 mixed-use developments and sub-developments nationwide and operating since the 1990s; n_projects_total counts the 14 named projects on the site,True,2026-09-22,S1-015|S1-016|S1-017|S1-007|S1-008|S1-018
DEV019,Lake View Urban Development,,,,,,El Hazek Group,2,2,,,,,,,,Government platform blogs name the developer of Lake View and Lake View Residence as El Hazek Construction / El Hazek Group; no official developer site or reputable press profile found; project list likely incomplete; caution: government platform blogs proved unreliable elsewhere in this slice (Reedy Group profile listed other developers' projects),True,2026-09-22,S1-019|S1-020|S1-021
DEV025,Qatari Diar,,,,qataridiar.com,,Qatari Diar Real Estate Investment Company (Qatar),4,3,,,9884,,,,St. Regis Cairo and Residences completed; NEWGIZA phases 1-3 completed or partially completed; CityGate ongoing (Qatari Diar site),"Egypt land portfolio over 40 mn sqm and USD 7bn investment portfolio (Daily News Egypt, July 2026); land bank converted from 40 mn sqm at 247.105 acres per mn sqm, a lower bound; Alam Al Roum agreement signed November 2025 per Daily News Egypt",True,2026-09-22,S1-022|S1-023|S1-024|S1-025
DEV031,M Squared Developments,,,,,,Intro Investment Holdings,3,2,1108,2025,,,,,"Delivered over 1,108 units (Daily News Egypt, Feb 2025); 65% of 2025 Masyaf Ras AlHekma deliveries handed over 6 to 12 months ahead of schedule (Daily News Egypt, Sep 2025); 140 Masyaf deliveries planned for 2026 (Zawya)",Sales target EGP 2.7bn by end of October 2025; project count covers only projects confirmed in fetched press; Trio (New Cairo) appears only on broker sites and was not included,True,2026-09-22,S1-026|S1-027|S1-028|S1-029
DEV037,Reedy Group,Reedy for Real Estate Investment,,,,,,2,1,,,,,,,"Delivered first phase of Azzar New Cairo (70% of 152 units) in December 2020, one year ahead of schedule (Daily News Egypt)","Plans about EGP 11bn investment over five years in North Coast, Sheikh Zayed and Fifth Settlement (Daily News Egypt, Dec 2020); partner of Al Ahly Sabbour on Ten Islands; government blog profile rejected as inaccurate",True,2026-09-22,S1-030|S1-031
DEV043,Taj Misr Developments,,,,tajmisr.com,,,10,,,,,,,,"Site claims 21,200+ units delivered and under development (no split between delivered and under construction)","Site claims 14 landmark projects and 450+ acres developed across New Capital, New Zayed and Marsa Allam; project locations per project not stated on fetched pages; n_projects_total counts 10 named projects on site",True,2026-09-22,S1-033|S1-034|S1-035
DEV049,Lovera Development,,,,,,,,,,,,,,,,"Could not profile: only LinkedIn and Facebook pages found; no official website, allowed press or government source",False,2026-09-22,
DEV055,Marsa Baghush Developments,,,,,,,1,0,,,,,,,,Only a government platform blog found; it names Shehab A. Mazhar Architects as developer of Marsa Baghush; no official developer site or press profile found,False,2026-09-22,S1-036
DEV061,AKA Group,AKA Group International,1986,Hurghada,akagroupint.com,,,5,0,,,,,,,Site shows Princess Resort completed 30-06-2022 and AlHambra First Avenue Southside completed 31-05-2024,Hurghada-focused; AKA International established 1972 by Ali Khalil and set up in Egypt in 1986 (founded_year = Egypt entity); also operates tourism and duty-free businesses,False,2026-09-22,S1-037
DEV067,Arab Developers Holding,Arab Developers Holding S.A.E.,,,,ARAB,,14,7,7500,2022,1302,,,,"7,500 units delivered and 10,500 sold across 15 projects as of Feb 2022; targeted more than 2,000 deliveries in 2022 (Daily News Egypt)","Formerly Porto Group (rebranded January 2022); 2025 revenue EGP 1.590bn and consolidated profit EGP 96.9mn (Arab Finance, April 2026); land bank 5.27m sqm converted at 247.105 acres per mn sqm (2022 figure); legacy Porto-branded resorts not listed because no fetched source lists them",True,2026-09-22,S1-038|S1-039|S1-040|S1-041
DEV073,Abu Soma Development Company,,,,somabay.com,,The Olayan Group and Tawfiq Gargour & Fils,6,0,,,2471,,,,,"Developer of Somabay, Red Sea; destination spans 10 million sqm (converted at 247.105 acres per mn sqm; this is the whole destination, not only unsold land bank); facilities include golf course, marina, schools and six hotels",True,2026-09-22,S1-042|S1-043
DEV079,Reportage Properties,,2014,Abu Dhabi,,,,2,1,,,,3,2024,,"Planned first Montenapoleone phase delivery by end-2025; Via 1 mall scheduled for 2026 (Daily News Egypt, March 2025); actual delivery not confirmed in fetched sources","UAE developer; Egypt sales EGP 3bn in 2024 from Montenapoleone and 2025 target EGP 6bn; ran a 'buy one, get one free' Ramadan 2025 offer",True,2026-09-22,S1-044|S1-045
DEV085,TG Developments,,,,,,,,,,,,,,,,"Could not profile: only Facebook and broker pages found (a broker page mentions a project called Palm Capital); no official website, allowed press or government source",False,2026-09-22,
DEV091,ASPECT Developments,,,,aspect-dev.com,,UDesign Holding,1,1,,,,,,,,Entered Egypt in 2025; one Egyptian project found; also active in UAE and Greece,True,2026-09-22,S1-046|S1-047|S1-048
DEV098,Al Qamzi Developments,AlQamzi Developments,,Cairo,alqamzi.com,,Al Qamzi Group (UAE),4,3,,,,,,,Seazen construction began Oct 2022 with first phase targeted for 2025 (Daily News Egypt 2022); in Feb 2026 developer reported high execution rates and aimed for early handovers; no confirmed handover found,UAE-backed developer with 12 years in Egypt as of 2022; EGP 1.42bn NBE-arranged syndicated loan for Seazen phases 1-2 (Feb 2026),True,2026-09-22,S1-049|S1-050|S1-051
DEV109,Ava Mina Group,,1994,Cairo,avaminagroup.com,,,3,3,,,,,,,,"Founded 1994 by Ashraf Awad, Ehab Awad and Nadia Habib; real estate via subsidiaries Olive Tree and BFB; group also in marble manufacturing and agriculture; project data from government blog only",True,2026-09-22,S1-052|S1-053
DEV116,Castle Development,,,,,,,3,3,,,,,,,Castle Landmark phase 1 (476 units) 85% complete in June 2021 with delivery planned August 2022 and full completion end-2024; original 2018 plan targeted 2022 delivery for the whole project (Daily News Egypt); actual handover not confirmed,"Search results show Zawya headlines saying Castle Development rebranded as 'Cred', but those pages returned HTTP 400 and could not be verified; sister company ABC for Real Estate Development founded 1982 in Jeddah; paid capital EGP 1bn (2018); LIKELY DUPLICATE of DEV119 (Cred Developments) in another slice",True,2026-09-22,S1-054|S1-055
DEV123,Eagles Developments,,,Sheikh Zayed,eagles-developments.com,,,3,,,,,,,,,Claims over 40 years of experience; Sheikh Zayed portfolio valued above EGP 3bn (site) or EGP 5bn (Daily News Egypt 2024); RIZA and RIZA 2 locations not stated on fetched pages,True,2026-09-22,S1-056|S1-057
DEV132,Evora Developments,,,,,,,1,1,,,,,,,,"Owns eight land plots across West Cairo, East Cairo and coastal zones and plans EGP 30bn of investment (Daily News Egypt, Aug 2025); only one named project found; 'Evora New Cairo' on a government blog is attributed to a different company (Egyptian Developers Company) and was not included",True,2026-09-22,S1-058
DEV138,HMD Developments,,2002,,hmd-eg.com,,,3,2,,,,,,,,"Site claims 50+ finished projects (mostly buildings, unnamed); past work in New Cairo, Maadi, Zagazig and New Administrative Capital; Velora Villa is its first West Cairo project; n_projects_total counts only named projects",True,2026-09-22,S1-059|S1-060
DEV144,Imarrae,,,,,,,1,1,,,104,,,,,Land bank 'more than 100 feddans' across East and West Cairo converted at 1.038 acres per feddan (lower bound); planned investments above EGP 100bn; KIN is its first residential project; earlier commercial and administrative projects not named in fetched sources,True,2026-09-22,S1-061|S1-062
DEV150,Jawad Developments,,,,jawaddevelopments.com,,,2,2,,,,,,,"Val Plaza scheduled to open in H1 2026 (Daily News Egypt, Dec 2025); no completed deliveries confirmed","6th of October focused; Val Plaza sold 150 units for EGP 2bn; Hayah Walk Mall reported as Hayah Residence phase 2 (search headline, not fetched)",True,2026-09-22,S1-063|S1-064
DEV156,Landmark Developments,,,,,,,5,,,,,,,,,"Daily News Egypt (May 2025) states Landmark Developments is LMD; LIKELY DUPLICATE of DEV155 (LMD) in another slice, so only a light profile was built here",True,2026-09-22,S1-066
DEV163,MRB Developments,,,,,,,0,,,,,,,,,NOT A DEVELOPER per Daily News Egypt (Jan 2026): MRB (MRB Holding) is a facility management and retail operations consultancy; District 9 in 6th of October is developed by NEXT Developments with MRB as manager; recommend dropping from developer list,True,2026-09-22,S1-067
DEV169,Marseilia Group,Egyptian Gulf Marseilia For Real Estate Investment,,,marseilia.com,MAAL,,9,2,,,,,,,"Delivered 850 units in phase 2 of Marseilia Beach 4 during 2020 (Daily News Egypt, Aug 2020)",EGX-listed (MAAL); H1 2026 standalone revenue EGP 974.4mn and net profit EGP 126.7mn (Arab Finance),True,2026-09-22,S1-068|S1-069|S1-070|S1-071|S1-072|S1-073
DEV176,Misr Abu Dhabi Real Estate Development,Misr Abu Dhabi for Real Estate Investments,,,,,,2,1,,,,,,,,"Positions itself as real estate investment, asset management and asset transformation company revitalising underused assets; backed by 'one of Egypt's most historic financial institutions' (not named in fetched release); portfolio spans residential, commercial, administrative, hospitality and healthcare",True,2026-09-22,S1-074
DEV185,New Plan Developments,,,Cairo,newplandevelopments.com,,,9,5,3100,2026,,,,,"Targets 1,700 deliveries in 2026, bringing cumulative deliveries to about 3,100 units (Daily News Egypt, Sep 2026); Serrano delivered; Eclat Residence delivered and operating","Units_delivered 3,100 is the cumulative total including the 2026 target, not a confirmed figure; 2026 sales target EGP 6bn; site says 7 years on the market; the developer site and press disagree on locations of Serrano and Talla",True,2026-09-22,S1-075|S1-076
DEV192,Prax Developments,,2026,,,,JV of Prax (Egypt) and Asas Taba Real Estate Development (Saudi Arabia),1,1,,,,,,,,Newly formed Egyptian-Saudi developer announced August 2026; no track record yet; founded_year inferred from the 2026 launch announcement,True,2026-09-22,S1-077|S1-078
DEV199,Rayz Developments,,2025,,rayz.com.eg,,AlShams for Contracting and Engineering Works,1,1,,,,,,,,"New developer (2025), real estate arm of contractor AlShams founded 1987; BRX is its first project",True,2026-09-22,S1-079|S1-080
DEV207,Sky AD Developments,Sky Abu Dhabi Developments,,,,,Diamond Group (UAE),3,2,,,,,,,"Began phase 1 handover (about 350 units) at Residence 8, New Administrative Capital, in January 2026, its first residential handover in Egypt (Daily News Egypt)","Subsidiary of UAE-based Diamond Group; search snippets also name Capital Avenue, Blue Tree and Blue Walk projects but these were not confirmed in fetched text and are not listed",True,2026-09-22,S1-081|S1-082|S1-083
DEV214,TLD,The Land Developers,2019,,,,El-Tayebi Holding Group,3,2,,,,,,,Completed first phase of Armonia (New Administrative Capital) by January 2024 (Daily News Egypt); il Bayou 40% built at that time,"Also active in Mostakbal City per Daily News Egypt 2026, but no Mostakbal City project named in fetched sources; exceeded 2023 sales target by more than 120%",True,2026-09-22,S1-084|S1-085
DEV222,United for Real Estate,United Real Estate Developments,1995,,unitedfordevelopment.com,,,4,0,,,,,,,,"IDENTITY UNCERTAIN: matched to United Real Estate Developments (unitedfordevelopment.com), whose projects are in Ain Sokhna and the Red Sea; broker sites also show a different 'United For Real Estate Development (URCD)' founded 2014, which could not be verified from allowed sources; site claims 320+ residential units and EGP 540mn+ investment",True,2026-09-22,S1-086
DEV229,ZAYA Developments,,,,,,,4,1,,,,,,,,"Self-financed developer; expansion began 2022 with La Castle; locations of La Castle 1-9, Roudy and One Three One not stated in fetched source (Facebook page lists Sheikh Zayed, not used)",True,2026-09-22,S1-087
DEV242,Damora Developments,,,,,,,1,1,,,,,,,,New developer; N5 Mall is its first project; plans EGP 2bn investments by 2026,False,2026-09-22,S1-088
DEV260,Maqam Misr Developments,,,,,,,3,3,,,,,,,"East Tower5 foundations and first basement complete as of Dec 2024, delivery planned end-2026 (Daily News Egypt)",Commercial and medical tower developer in New Administrative Capital downtown; a fourth NAC project was planned for Q1 2025,False,2026-09-22,S1-089
DEV270,SAK Developments,,1985,,sakdevelopments.com,,,3,3,,,,,,,,Site claims over 25 completed projects since 1985 (mainly unnamed); three current projects listed; broker sites place these in the New Administrative Capital while the developer site says New Cairo,False,2026-09-22,S1-090
DEV280,WestWay Developments,,,,,,,6,4,,,,,,,,"Formed by merger of Diar Hany Farag, DIG Developments and Memar Al-Farouk; EGP 15bn investment commitment; West Cairo focus",False,2026-09-22,S1-091
