name_en,aliases_en,listing_count,datasets_seen,evidence
Mountain View,(DMG )?Mountain View|DMG,12323,ameribrahim_bayut|geoshy|hassankhaled21_pf|mohammedaltet_combined|mohammedaltet_houses|mohammedaltet_villas|propertyfinder_2026|saeed_dubizzle|sherp_dubizzle|units_bayut,column|text
Palm Hills Developments,Palm Hills|PHD,9972,ameribrahim_bayut|geoshy|hassankhaled21_pf|mohammedaltet_combined|mohammedaltet_houses|mohammedaltet_villas|propertyfinder_2026|saeed_dubizzle|sherp_dubizzle|units_bayut,column|text
Hyde Park Developments,Hyde Park,5093,ameribrahim_bayut|geoshy|hassankhaled21_pf|mohammedaltet_combined|mohammedaltet_houses|mohammedaltet_villas|propertyfinder_2026|sherp_dubizzle|units_bayut,column|text
SODIC,SODIC|Sixth of October Development( (and|&) Investment)?,3971,abdelrahmanahmed110|ameribrahim_bayut|geoshy|hassankhaled21_pf|mohammedaltet_combined|mohammedaltet_houses|mohammedaltet_villas|propertyfinder_2026|saeed_dubizzle|sherp_dubizzle|units_bayut,column|text
La Vista Developments,La ?Vista,2693,abdelrahmanahmed110|ameribrahim_bayut|geoshy|hassankhaled21_pf|iyadelwy|mohammedaltet_houses|mohammedaltet_villas|propertyfinder_2026|saeed_dubizzle|sherp_dubizzle|units_bayut,column|text
Emaar Misr,Emaar( Misr| Properties)?,1348,geoshy|hassankhaled21_pf|iyadelwy|mohammedaltet_villas|propertyfinder_2026|saeed_dubizzle|sherp_dubizzle|units_bayut,column|text
Orascom Development Egypt,Orascom|ODE,929,hassankhaled21_pf|propertyfinder_2026|saeed_dubizzle|sherp_dubizzle|units_bayut,column|text
Ora Developers,Ora|ORA|Naguib Sawiris,841,geoshy|hassankhaled21_pf|propertyfinder_2026|saeed_dubizzle|units_bayut,text
Talaat Moustafa Group,Talaat M(o|ou|u)stafa|TMG,578,geoshy|hassankhaled21_pf|propertyfinder_2026|saeed_dubizzle|sherp_dubizzle|units_bayut,column|text
Al Ahly Sabbour,Al[- ]?Ahly Sabbour|Alahly Sabbour|Ahli Sab+our|Sabbour|Landmark Sabbour,435,geoshy|hassankhaled21_pf|iyadelwy|propertyfinder_2026|sherp_dubizzle|units_bayut,column|text
Al Marasem,(Al|El) Marasem|Marasem,415,geoshy|hassankhaled21_pf|propertyfinder_2026|sherp_dubizzle|units_bayut,column|text
Tatweer Misr,Tatweer( Misr)?,378,geoshy|hassankhaled21_pf|iyadelwy|propertyfinder_2026|saeed_dubizzle|sherp_dubizzle|units_bayut,column|text
Hassan Allam Properties,Hassan Allam,359,geoshy|hassankhaled21_pf|iyadelwy|propertyfinder_2026|saeed_dubizzle|sherp_dubizzle|units_bayut,column|text
Madinet Masr,Madin(et|at) (Masr|Misr|Nasr)( (for )?Housing( and| &) Development| Housing)?|MNHD,305,ameribrahim_bayut|geoshy|hassankhaled21_pf|propertyfinder_2026|sherp_dubizzle|units_bayut,column|text
City Edge Developments,City Edge,304,geoshy|hassankhaled21_pf|propertyfinder_2026|sherp_dubizzle|units_bayut,column|text
Marakez,Marakez,277,amr|geoshy|hassankhaled21_pf|iyadelwy|propertyfinder_2026|saeed_dubizzle|sherp_dubizzle|units_bayut,column|text
Dorra Group,Dorra|Durra|Dora(?= Group),222,geoshy|hassankhaled21_pf|iyadelwy|propertyfinder_2026|saeed_dubizzle|sherp_dubizzle|units_bayut,column|text
Madaar Developments,Maa?daa?r,193,hassankhaled21_pf|propertyfinder_2026|units_bayut,text
Arabia Holding,(Al )?Arabia,149,geoshy|hassankhaled21_pf|propertyfinder_2026|units_bayut,text
El Hazek,(El|Al)[- ]Ha(zek|ziq|zaq),139,hassankhaled21_pf|propertyfinder_2026,text
Arabella Developments,Arabella,99,ameribrahim_bayut|hassankhaled21_pf|mohammedaltet_houses|mohammedaltet_villas|propertyfinder_2026|sherp_dubizzle|units_bayut,column|text
PRE Developments,PRE|Pyramids Real Estate,93,amr|hassankhaled21_pf|kamelfares122|propertyfinder_2026|saeed_dubizzle|units_bayut,text
Amer Group,Amer(?= Group),83,amr|hassankhaled21_pf|propertyfinder_2026|units_bayut,text
Qatari Diar,Qatari? Diar,83,hassankhaled21_pf|propertyfinder_2026|units_bayut,text
New Giza Development,New Giza,83,hassankhaled21_pf|propertyfinder_2026|units_bayut,text
Castello Developments,Castello,80,hassankhaled21_pf|propertyfinder_2026,text
IL Cazar Developments,I[Ll] ?Cazar,79,geoshy|hassankhaled21_pf|propertyfinder_2026|units_bayut,text
Kronberg,Kronberg,79,hassankhaled21_pf|propertyfinder_2026,text
Inertia Egypt,Inertia,75,hassankhaled21_pf|propertyfinder_2026|units_bayut,text
Maven Developments,Maven,71,hassankhaled21_pf|propertyfinder_2026|units_bayut,text
M Squared Developments,M Squared|M2,70,hassankhaled21_pf|propertyfinder_2026,text
Travco Properties,Travco,69,hassankhaled21_pf|propertyfinder_2026|units_bayut,text
Roya Developments,Roo?ya,65,hassankhaled21_pf|propertyfinder_2026|units_bayut,text
Wadi Degla Developments,Wadi Degla,64,geoshy|hassankhaled21_pf|propertyfinder_2026,text
Al-Futtaim Group Real Estate,Al[- ]Futtaim,61,hassankhaled21_pf|propertyfinder_2026,text
HDP,HDP,52,hassankhaled21_pf|propertyfinder_2026|units_bayut,text
Olayan Group,(Al[- ])?Ol(a|i)(y|i)an,51,hassankhaled21_pf|propertyfinder_2026,text
Reedy Group,(Al )?Reedy,51,hassankhaled21_pf|propertyfinder_2026|units_bayut,text
Horizon Egypt,Horizon( Egypt)?,49,hassankhaled21_pf|propertyfinder_2026|units_bayut,text
The Waterway Developments,(The )?Waterway,49,geoshy|hassankhaled21_pf|propertyfinder_2026|saeed_dubizzle,text
Misr Italia Properties,Misr Italia,49,geoshy|hassankhaled21_pf|iyadelwy|propertyfinder_2026|saeed_dubizzle|sherp_dubizzle|units_bayut,column|text
Mabany Edris,Mabani Idris+|Mabany Edris|Idris Buildings,48,hassankhaled21_pf|propertyfinder_2026|units_bayut,text
Taj Misr Developments,Taj Misr,48,hassankhaled21_pf|propertyfinder_2026|units_bayut,text
Badr El Din Developments,Badr El Din,45,amr|hassankhaled21_pf|propertyfinder_2026|units_bayut,text
Al Karma Developments,Al ?Karma,44,hassankhaled21_pf|propertyfinder_2026|units_bayut,text
Tabarak Holding,Tabarak,43,ameribrahim_bayut|hassankhaled21_pf|propertyfinder_2026|sherp_dubizzle,column|text
Lake View Developments,Lake View(?= Developer| Development),41,hassankhaled21_pf|propertyfinder_2026,text
Saudi Egyptian Developers,Saudi Egyptian (Developers|Company),40,hassankhaled21_pf|propertyfinder_2026,text
G Developments,G(?= Developments),39,hassankhaled21_pf|propertyfinder_2026|units_bayut,text
Lovera Development,Lovera,37,hassankhaled21_pf|propertyfinder_2026,text
Sky Abu Dhabi,Sky Ab[ou] Dhabi,36,hassankhaled21_pf|units_bayut,text
Fawaz Alhokair Group,Fawaz Al ?Hokair,31,hassankhaled21_pf|propertyfinder_2026,text
Capital Group Properties,Capital Group( Properties)?|CGP,26,geoshy|hassankhaled21_pf|propertyfinder_2026,text
Starlight Developments,Starlight,26,hassankhaled21_pf|propertyfinder_2026,text
ARCO Developments,ARCO,25,hassankhaled21_pf|propertyfinder_2026|units_bayut,text
Marsa Baghush Developments,Marsa Baghush,24,hassankhaled21_pf|propertyfinder_2026,text
Naia Developments,Naia,22,hassankhaled21_pf|propertyfinder_2026,text
Voya Developments,Voya,20,hassankhaled21_pf|propertyfinder_2026|units_bayut,text
Nations of Sky Developments,Nations of Sky,20,hassankhaled21_pf|propertyfinder_2026|units_bayut,text
TBK Developments,TBK,18,hassankhaled21_pf|propertyfinder_2026,text
Al Abd Developments,(El|Al) Abd,18,hassankhaled21_pf|propertyfinder_2026,text
AKA Group,AKA,18,hassankhaled21_pf|propertyfinder_2026,text
Akam AlRajhi,Akam Al ?Rajhi,18,hassankhaled21_pf|units_bayut,text
Cairo Capital Developments,Cairo Capital,17,hassankhaled21_pf|propertyfinder_2026|units_bayut,text
Gates Developments,Gates(?= Developments),15,hassankhaled21_pf|propertyfinder_2026,text
IWAN Developments,IWAN,14,hassankhaled21_pf|propertyfinder_2026|units_bayut,text
Valore Developments,Valore,13,hassankhaled21_pf|propertyfinder_2026,text
Arab Developers Holding,Arab Developers Holding|ADH,13,hassankhaled21_pf|propertyfinder_2026,text
Al Amaken Developments,Al Amaken,13,propertyfinder_2026,text
Misr City Housing,Misr City (Company|Housing),13,units_bayut,text
EGYGAB,EGYGAB,12,hassankhaled21_pf|propertyfinder_2026|units_bayut,text
Lasirena Group,La ?sirena,12,hassankhaled21_pf|propertyfinder_2026,text
Beta Egypt Developments,Beta(?= Egypt| Development)( Egypt)?,11,hassankhaled21_pf|propertyfinder_2026,text
Soma Bay Development Company,Soma Bay Development|Abu Soma Development,9,hassankhaled21_pf|propertyfinder_2026,text
Memaar Al Morshedy,M[ae](m|a)maa?r Al[- ]Morshedy|Al[- ]Morshedy,9,geoshy|propertyfinder_2026|units_bayut,text
El Karnak Developments,(El )?Karnak(?= Company| Development),8,hassankhaled21_pf|units_bayut,text
Symphony Developments,Symphony(?= Real Estate| Development),8,units_bayut,text
Al Attal Holding,Al[- ]Attal,7,iyadelwy|propertyfinder_2026|saeed_dubizzle,text
Elm Development,Elm(?= Development),7,propertyfinder_2026,text
Ready Group,Ready Group,6,hassankhaled21_pf|propertyfinder_2026,text
Reportage Properties,Reportage,6,geoshy|iyadelwy|propertyfinder_2026|units_bayut,text
ENZA Developments,ENZA,5,propertyfinder_2026,text
Levels Developments,Levels(?= Developments),4,hassankhaled21_pf|propertyfinder_2026,text
Rabaa Investment,Rabaa,3,geoshy|iyadelwy,text
TG Developments,TG,3,hassankhaled21_pf|propertyfinder_2026,text
Jozoor Developments,J(o|u)zoor,3,saeed_dubizzle,text
Nile Developments,Nile(?= Developments),1,geoshy,text
