developer_id,name_en,legal_name_en,founded_year,hq_city,website,egx_ticker,parent_group,n_projects_total,n_projects_greater_cairo,units_delivered,units_delivered_year,land_bank_acres,annual_sales_egp_bn,annual_sales_year,sales_rank_note,delivery_track_record,reputation_notes,verified,last_checked,source_ids
DEV001,Mountain View,Mountain View for Development and Real Estate Investment,2005.0,Cairo,mountainviewegypt.com,,,24.0,17.0,17500.0,2025.0,6228.0,104.0,2025.0,"4th highest-selling developer in Egypt in 2025 per The Board Consulting (reported by Egyptian Gazette, April 2026); 3rd by units delivered in 2025; 3rd in 2024 with EGP 105bn and 3rd in H1 2026 with EGP 63.7bn (The Board Consulting via Daily News Egypt)","Delivered over 2,200 units in 2025 and more than 17,500 units cumulatively (Egyptian Gazette, April 2026); site reports 1,800 units delivered in H1 2026; targets 3,000 deliveries in 2026 (Zawya)","Described by Daily News Egypt (March 2025) as among Egypt's top three developers for the fourth consecutive year; missed its EGP 150bn 2025 sales target (achieved EGP 104bn); land bank converted from 'over 6,000 feddans' at 1.038 acres per feddan",True,2026-09-22,S1-001|S1-002|S1-003|S1-004|S1-005|S1-006|S1-007|S1-018
DEV007,Orascom Development Egypt,,,,orascomdh.com,ORHD,Orascom Development Holding,6.0,1.0,,,,32.5,2024.0,Not in The Board Consulting top 10 for Q1 2026 or H1 2026 (Daily News Egypt),"O West began first handovers (Whyt and Tulwa) in May 2023 with over 2,000 units planned for 2023; Makadi Heights targeted 700 deliveries by end-2025 (Daily News Egypt)","Listed on EGX; FY2025 revenue EGP 24.945bn and net profit after minority interest EGP 5.549bn (Arab Finance, March 2026); about 40% of sales from international clients (Daily News Egypt, March 2026)",True,2026-09-22,S1-007|S1-008|S1-009|S1-010|S1-011|S1-012|S1-013|S1-014
DEV013,Hassan Allam Properties,Hassan Allam Properties S.A.E.,,,hap.com.eg,,Hassan Allam Holding,14.0,8.0,,,,,,"Not in The Board Consulting top 10 for 2024, Q1 2026 or H1 2026 (Daily News Egypt)","Site states communities host about 24,000 residents; eight ongoing projects in Mostakbal City, North Coast and El Gouna prioritised for completion in 2026 (Daily News Egypt, Feb 2026)",Real estate arm of Hassan Allam Holding; site cites 25 mixed-use developments and sub-developments nationwide and operating since the 1990s; n_projects_total counts the 14 named projects on the site,True,2026-09-22,S1-015|S1-016|S1-017|S1-007|S1-008|S1-018
DEV019,Lake View Urban Development,,,,,,El Hazek Group,2.0,2.0,,,,,,,,Government platform blogs name the developer of Lake View and Lake View Residence as El Hazek Construction / El Hazek Group; no official developer site or reputable press profile found; project list likely incomplete; caution: government platform blogs proved unreliable elsewhere in this slice (Reedy Group profile listed other developers' projects),True,2026-09-22,S1-019|S1-020|S1-021
DEV025,Qatari Diar,,,,qataridiar.com,,Qatari Diar Real Estate Investment Company (Qatar),4.0,3.0,,,9884.0,,,,St. Regis Cairo and Residences completed; NEWGIZA phases 1-3 completed or partially completed; CityGate ongoing (Qatari Diar site),"Egypt land portfolio over 40 mn sqm and USD 7bn investment portfolio (Daily News Egypt, July 2026); land bank converted from 40 mn sqm at 247.105 acres per mn sqm, a lower bound; Alam Al Roum agreement signed November 2025 per Daily News Egypt",True,2026-09-22,S1-022|S1-023|S1-024|S1-025
DEV031,M Squared Developments,,,,,,Intro Investment Holdings,3.0,2.0,1108.0,2025.0,,,,,"Delivered over 1,108 units (Daily News Egypt, Feb 2025); 65% of 2025 Masyaf Ras AlHekma deliveries handed over 6 to 12 months ahead of schedule (Daily News Egypt, Sep 2025); 140 Masyaf deliveries planned for 2026 (Zawya)",Sales target EGP 2.7bn by end of October 2025; project count covers only projects confirmed in fetched press; Trio (New Cairo) appears only on broker sites and was not included,True,2026-09-22,S1-026|S1-027|S1-028|S1-029
DEV037,Reedy Group,Reedy for Real Estate Investment,,,,,,2.0,1.0,,,,,,,"Delivered first phase of Azzar New Cairo (70% of 152 units) in December 2020, one year ahead of schedule (Daily News Egypt)","Plans about EGP 11bn investment over five years in North Coast, Sheikh Zayed and Fifth Settlement (Daily News Egypt, Dec 2020); partner of Al Ahly Sabbour on Ten Islands; government blog profile rejected as inaccurate",True,2026-09-22,S1-030|S1-031
DEV043,Taj Misr Developments,,,,tajmisr.com,,,10.0,,,,,,,,"Site claims 21,200+ units delivered and under development (no split between delivered and under construction)","Site claims 14 landmark projects and 450+ acres developed across New Capital, New Zayed and Marsa Allam; project locations per project not stated on fetched pages; n_projects_total counts 10 named projects on site",True,2026-09-22,S1-033|S1-034|S1-035
DEV049,Lovera Development,,,,,,,,,,,,,,,,"Could not profile: only LinkedIn and Facebook pages found; no official website, allowed press or government source",False,2026-09-22,
DEV055,Marsa Baghush Developments,,,,,,,1.0,0.0,,,,,,,,Only a government platform blog found; it names Shehab A. Mazhar Architects as developer of Marsa Baghush; no official developer site or press profile found,False,2026-09-22,S1-036
DEV061,AKA Group,AKA Group International,1986.0,Hurghada,akagroupint.com,,,5.0,0.0,,,,,,,Site shows Princess Resort completed 30-06-2022 and AlHambra First Avenue Southside completed 31-05-2024,Hurghada-focused; AKA International established 1972 by Ali Khalil and set up in Egypt in 1986 (founded_year = Egypt entity); also operates tourism and duty-free businesses,False,2026-09-22,S1-037
DEV067,Arab Developers Holding,Arab Developers Holding S.A.E.,,,,ARAB,,14.0,7.0,7500.0,2022.0,1302.0,,,,"7,500 units delivered and 10,500 sold across 15 projects as of Feb 2022; targeted more than 2,000 deliveries in 2022 (Daily News Egypt)","Formerly Porto Group (rebranded January 2022); 2025 revenue EGP 1.590bn and consolidated profit EGP 96.9mn (Arab Finance, April 2026); land bank 5.27m sqm converted at 247.105 acres per mn sqm (2022 figure); legacy Porto-branded resorts not listed because no fetched source lists them",True,2026-09-22,S1-038|S1-039|S1-040|S1-041
DEV073,Abu Soma Development Company,,,,somabay.com,,The Olayan Group and Tawfiq Gargour & Fils,6.0,0.0,,,2471.0,,,,,"Developer of Somabay, Red Sea; destination spans 10 million sqm (converted at 247.105 acres per mn sqm; this is the whole destination, not only unsold land bank); facilities include golf course, marina, schools and six hotels",True,2026-09-22,S1-042|S1-043
DEV079,Reportage Properties,,2014.0,Abu Dhabi,,,,2.0,1.0,,,,3.0,2024.0,,"Planned first Montenapoleone phase delivery by end-2025; Via 1 mall scheduled for 2026 (Daily News Egypt, March 2025); actual delivery not confirmed in fetched sources","UAE developer; Egypt sales EGP 3bn in 2024 from Montenapoleone and 2025 target EGP 6bn; ran a 'buy one, get one free' Ramadan 2025 offer",True,2026-09-22,S1-044|S1-045
DEV085,TG Developments,,,,,,,,,,,,,,,,"Could not profile: only Facebook and broker pages found (a broker page mentions a project called Palm Capital); no official website, allowed press or government source",False,2026-09-22,
DEV091,ASPECT Developments,,,,aspect-dev.com,,UDesign Holding,1.0,1.0,,,,,,,,Entered Egypt in 2025; one Egyptian project found; also active in UAE and Greece,True,2026-09-22,S1-046|S1-047|S1-048
DEV098,Al Qamzi Developments,AlQamzi Developments,,Cairo,alqamzi.com,,Al Qamzi Group (UAE),4.0,3.0,,,,,,,Seazen construction began Oct 2022 with first phase targeted for 2025 (Daily News Egypt 2022); in Feb 2026 developer reported high execution rates and aimed for early handovers; no confirmed handover found,UAE-backed developer with 12 years in Egypt as of 2022; EGP 1.42bn NBE-arranged syndicated loan for Seazen phases 1-2 (Feb 2026),True,2026-09-22,S1-049|S1-050|S1-051
DEV109,Ava Mina Group,,1994.0,Cairo,avaminagroup.com,,,3.0,3.0,,,,,,,,"Founded 1994 by Ashraf Awad, Ehab Awad and Nadia Habib; real estate via subsidiaries Olive Tree and BFB; group also in marble manufacturing and agriculture; project data from government blog only",True,2026-09-22,S1-052|S1-053
DEV116,Castle Development,,,,,,,3.0,3.0,,,,,,,Castle Landmark phase 1 (476 units) 85% complete in June 2021 with delivery planned August 2022 and full completion end-2024; original 2018 plan targeted 2022 delivery for the whole project (Daily News Egypt); actual handover not confirmed,"Search results show Zawya headlines saying Castle Development rebranded as 'Cred', but those pages returned HTTP 400 and could not be verified; sister company ABC for Real Estate Development founded 1982 in Jeddah; paid capital EGP 1bn (2018); LIKELY DUPLICATE of DEV119 (Cred Developments) in another slice",True,2026-09-22,S1-054|S1-055
DEV123,Eagles Developments,,,Sheikh Zayed,eagles-developments.com,,,3.0,,,,,,,,,Claims over 40 years of experience; Sheikh Zayed portfolio valued above EGP 3bn (site) or EGP 5bn (Daily News Egypt 2024); RIZA and RIZA 2 locations not stated on fetched pages,True,2026-09-22,S1-056|S1-057
DEV132,Evora Developments,,,,,,,1.0,1.0,,,,,,,,"Owns eight land plots across West Cairo, East Cairo and coastal zones and plans EGP 30bn of investment (Daily News Egypt, Aug 2025); only one named project found; 'Evora New Cairo' on a government blog is attributed to a different company (Egyptian Developers Company) and was not included",True,2026-09-22,S1-058
DEV138,HMD Developments,,2002.0,,hmd-eg.com,,,3.0,2.0,,,,,,,,"Site claims 50+ finished projects (mostly buildings, unnamed); past work in New Cairo, Maadi, Zagazig and New Administrative Capital; Velora Villa is its first West Cairo project; n_projects_total counts only named projects",True,2026-09-22,S1-059|S1-060
DEV144,Imarrae,,,,,,,1.0,1.0,,,104.0,,,,,Land bank 'more than 100 feddans' across East and West Cairo converted at 1.038 acres per feddan (lower bound); planned investments above EGP 100bn; KIN is its first residential project; earlier commercial and administrative projects not named in fetched sources,True,2026-09-22,S1-061|S1-062
DEV150,Jawad Developments,,,,jawaddevelopments.com,,,2.0,2.0,,,,,,,"Val Plaza scheduled to open in H1 2026 (Daily News Egypt, Dec 2025); no completed deliveries confirmed","6th of October focused; Val Plaza sold 150 units for EGP 2bn; Hayah Walk Mall reported as Hayah Residence phase 2 (search headline, not fetched)",True,2026-09-22,S1-063|S1-064
DEV169,Marseilia Group,Egyptian Gulf Marseilia For Real Estate Investment,,,marseilia.com,MAAL,,9.0,2.0,,,,,,,"Delivered 850 units in phase 2 of Marseilia Beach 4 during 2020 (Daily News Egypt, Aug 2020)",EGX-listed (MAAL); H1 2026 standalone revenue EGP 974.4mn and net profit EGP 126.7mn (Arab Finance),True,2026-09-22,S1-068|S1-069|S1-070|S1-071|S1-072|S1-073
DEV176,Misr Abu Dhabi Real Estate Development,Misr Abu Dhabi for Real Estate Investments,,,,,,2.0,1.0,,,,,,,,"Positions itself as real estate investment, asset management and asset transformation company revitalising underused assets; backed by 'one of Egypt's most historic financial institutions' (not named in fetched release); portfolio spans residential, commercial, administrative, hospitality and healthcare",True,2026-09-22,S1-074
DEV185,New Plan Developments,,,Cairo,newplandevelopments.com,,,9.0,5.0,3100.0,2026.0,,,,,"Targets 1,700 deliveries in 2026, bringing cumulative deliveries to about 3,100 units (Daily News Egypt, Sep 2026); Serrano delivered; Eclat Residence delivered and operating","Units_delivered 3,100 is the cumulative total including the 2026 target, not a confirmed figure; 2026 sales target EGP 6bn; site says 7 years on the market; the developer site and press disagree on locations of Serrano and Talla",True,2026-09-22,S1-075|S1-076
DEV192,Prax Developments,,2026.0,,,,JV of Prax (Egypt) and Asas Taba Real Estate Development (Saudi Arabia),1.0,1.0,,,,,,,,Newly formed Egyptian-Saudi developer announced August 2026; no track record yet; founded_year inferred from the 2026 launch announcement,True,2026-09-22,S1-077|S1-078
DEV199,Rayz Developments,,2025.0,,rayz.com.eg,,AlShams for Contracting and Engineering Works,1.0,1.0,,,,,,,,"New developer (2025), real estate arm of contractor AlShams founded 1987; BRX is its first project",True,2026-09-22,S1-079|S1-080
DEV207,Sky AD Developments,Sky Abu Dhabi Developments,,,,,Diamond Group (UAE),3.0,2.0,,,,,,,"Began phase 1 handover (about 350 units) at Residence 8, New Administrative Capital, in January 2026, its first residential handover in Egypt (Daily News Egypt)","Subsidiary of UAE-based Diamond Group; search snippets also name Capital Avenue, Blue Tree and Blue Walk projects but these were not confirmed in fetched text and are not listed",True,2026-09-22,S1-081|S1-082|S1-083
DEV214,TLD,The Land Developers,2019.0,,,,El-Tayebi Holding Group,3.0,2.0,,,,,,,Completed first phase of Armonia (New Administrative Capital) by January 2024 (Daily News Egypt); il Bayou 40% built at that time,"Also active in Mostakbal City per Daily News Egypt 2026, but no Mostakbal City project named in fetched sources; exceeded 2023 sales target by more than 120%",True,2026-09-22,S1-084|S1-085
DEV222,United for Real Estate,United Real Estate Developments,1995.0,,unitedfordevelopment.com,,,4.0,0.0,,,,,,,,"IDENTITY UNCERTAIN: matched to United Real Estate Developments (unitedfordevelopment.com), whose projects are in Ain Sokhna and the Red Sea; broker sites also show a different 'United For Real Estate Development (URCD)' founded 2014, which could not be verified from allowed sources; site claims 320+ residential units and EGP 540mn+ investment",True,2026-09-22,S1-086
DEV229,ZAYA Developments,,,,,,,4.0,1.0,,,,,,,,"Self-financed developer; expansion began 2022 with La Castle; locations of La Castle 1-9, Roudy and One Three One not stated in fetched source (Facebook page lists Sheikh Zayed, not used)",True,2026-09-22,S1-087
DEV242,Damora Developments,,,,,,,1.0,1.0,,,,,,,,New developer; N5 Mall is its first project; plans EGP 2bn investments by 2026,False,2026-09-22,S1-088
DEV260,Maqam Misr Developments,,,,,,,3.0,3.0,,,,,,,"East Tower5 foundations and first basement complete as of Dec 2024, delivery planned end-2026 (Daily News Egypt)",Commercial and medical tower developer in New Administrative Capital downtown; a fourth NAC project was planned for Q1 2025,False,2026-09-22,S1-089
DEV270,SAK Developments,,1985.0,,sakdevelopments.com,,,3.0,3.0,,,,,,,,Site claims over 25 completed projects since 1985 (mainly unnamed); three current projects listed; broker sites place these in the New Administrative Capital while the developer site says New Cairo,False,2026-09-22,S1-090
DEV280,WestWay Developments,,,,,,,6.0,4.0,,,,,,,,"Formed by merger of Diar Hany Farag, DIG Developments and Memar Al-Farouk; EGP 15bn investment commitment; West Cairo focus",False,2026-09-22,S1-091
DEV002,Palm Hills Developments,Palm Hills Developments S.A.E.,1997.0,,palmhillsdevelopments.com,PHDC,,34.0,,20000.0,2026.0,11367.0,215.4,2025.0,The Board Consulting (via Daily News Egypt): #2 in H1 2026 (EGP 94bn); #2 in 9M 2025 (EGP 182bn); #2 in FY2024 (EGP 150bn),"c.12.7k units handed over of 22k sold as of June 2022; Palm Hills New Cairo handovers began 1Q2021 a year ahead of contract, The Crown early 2021 two years ahead, Badya pilot phase 4Q2021 about a year ahead (2022 IR); 1,200 units ready for handover in FY2026 (1Q2026 release); IR site states 20,000 units delivered","Listed on EGX since 2008; FY2025 net profit EGP 4.2bn; backlog EGP 263bn at 1Q2026. Data note: land bank converted from 46 million sqm (1 acre = 4,046.86 sqm), includes Abu Dhabi land",True,2026-09-22,S2-001|S2-002|S2-006|S2-007|S2-008|S2-009|S2-010
DEV008,Ora Developers,,,,oradevelopers.com,,ORA Developers (chaired by Naguib Sawiris),6.0,5.0,,,,61.8,2024.0,The Board Consulting (via Daily News Egypt): #5 in FY2024 with EGP 61.8bn; not in top 10 for 9M 2025 or H1 2026,Silversands North Coast first-phase deliveries underway (Sept 2025); Pyramid Hills West Gate under construction per website,Entered Egypt about 2018; cumulative sales EGP 145bn by Sept 2024; H1 2025 sales c.EGP 26bn; about 25% international buyers. Project count covers Egyptian projects named in sources,True,2026-09-22,S2-011|S2-012|S2-013|S2-008
DEV014,Madinet Masr,Madinet Masr for Housing and Development (formerly Madinet Nasr for Housing and Development),1959.0,New Cairo,madinetmasr.com,MASR,,29.0,,1941.0,2025.0,3163.0,52.6,2025.0,The Board Consulting (via Daily News Egypt): #9 in H1 2026 (EGP 28.4bn); #10 in 9M 2025 (EGP 36bn); #9 in FY2024 (EGP 46bn),"Delivered 1,941 units in 2025 vs 645 in 2024 (mainly Taj City and Sarai); 1,200 units in H1 2026 vs 521 in H1 2025","Former state-owned developer founded 1959, EGX listed since 1996; rebranded 2023. Data notes: 29 active projects across 5 master developments (4 in Greater Cairo); land bank converted from 12.8 million sqm; units_delivered is annual 2025 figure; HQ now in Taj City (Cairo-Suez Road)",True,2026-09-22,S2-014|S2-015|S2-016|S2-017|S2-006|S2-007|S2-008
DEV020,Arabia Holding,,,New Cairo,arabia-holding.com,,,14.0,12.0,,,2471.0,,,,,Brand now Arabia Developments; founder Tarek Shoukry; website claims over 30 years in real estate. Data notes: land bank is a lower bound converted from 'exceeding 10 million sqm'; project count is the 14 entries on the website communities pages (incl. hotel and commercial),True,2026-09-22,S2-019|S2-020
DEV026,Castello Developments,,,Hurghada,castelloeg.com,,,4.0,0.0,,,,,,,"Website lists 2,160+ units in progress; Storia Del Mare delivery stated Dec 2025, Atlantis June 2026",Red Sea (Hurghada) developer claiming 12+ years of experience. Identity matched by name only; a weak broker listing mentions a New Cairo project that no allowed source confirms,False,2026-09-22,S2-021|S2-022
DEV032,Travco Properties,,2014.0,Sheikh Zayed,travcoproperties.com,,Travco Group,3.0,0.0,,,,,,,,Real estate arm of Travco Group; all projects coastal (North Coast and Red Sea). HQ is the Travco Group head office address,True,2026-09-22,S2-023
DEV044,Badreldin Group,,,,badreldin.com,,El Badr Group,,,,,,,,,Kayan scheduled delivery 2022 (Dec 2020 press); no later delivery report found,"Badreldin Developments is the development arm of El Badr Group (Daily News Egypt 2020). Website is a placeholder; other projects (Karma compounds, malls) appear only on broker sites and were not recorded. Zawya press pages on the group returned page-not-found",True,2026-09-22,S2-026|S2-027
DEV050,Sky Abu Dhabi,Sky AD. Developments,,,,,Diamond Group (UAE),5.0,4.0,350.0,2026.0,,,,,"Began Phase One handover of c.350 units at Residence 8 in Jan 2026, described as its first residential handover in Egypt",UAE developer that entered Egypt in 2021. Official site skyaddevelopments.com did not resolve (DNS failure). units_delivered is Residence 8 Phase One only,True,2026-09-22,S2-028|S2-029
DEV056,NAIA Developments,,2021.0,,naiadevelopments.com,,,2.0,1.0,,,252.0,,,,"NAIA West first phase planned for 2024 delivery (2022 press) but was 90% complete in March 2026 with delivery set for 2026, implying slippage; Naia Bay first phase was planned for 2024",Chair Hisham El-Danasoury; total planned investments c.EGP 46bn (2026 press),True,2026-09-22,S2-030|S2-031
DEV062,Al Abd Developments,,,,,,,,,,,,,,,,NOT PROFILED: no official website or reputable press coverage found; only a listing-portal entry named Al Abd For Construction,False,2026-09-22,S2-033
DEV068,Misr City Housing,,,,,,,,,,,,,,,,"NOT PROFILED: no developer by this exact name found in allowed sources; searches return state programmes (Sakan Misr, Dar Misr) and Misr Al-Gadida for Housing and Development, which may be a different entity. Possible duplicate or mis-named entry",False,2026-09-22,
DEV074,Morshedy Group,Memaar Al Morshedy,1983.0,,morshedy.com,,,17.0,15.0,,,,,,,,Founded 1983 by Mohamed Morshedy; development arm known as Degla for real estate developments; started with residential buildings in Maadi. Project count is the pages on its website,True,2026-09-22,S2-032
DEV080,Ready Group,,,,,,,,,,,,,,,,NOT PROFILED: only broker listings found (also spelled Reedy Group); no official site or reputable press located,False,2026-09-22,S2-034
DEV086,Nile Developments,,,,nile-developments.com,,,6.0,6.0,,,,,,,Tycoon Tower under construction at about one floor every seven days (Aug 2026),"High-rise specialist in the New Administrative Capital (Nile Business City, Tycoon Tower); chair Mohamed Taher",True,2026-09-22,S2-035|S2-036|S2-037
DEV092,Aayan Developments,,,,aayandevelopments.com,,,1.0,1.0,,,,,,,,Kuwait/Gulf-backed developer that entered Egypt in July 2025 with dao Towers,True,2026-09-22,S2-038
DEV100,Al Riyadh Misr Developments,,,,alriyadhmisr.com,,,3.0,3.0,,,,,,,,"Chair Mohamed Gamea, CEO Hossam Abdel Ghani (2023). Government-blog profile is generic and gives no figures; Al-Riyadh Gardens and Oasis Heights appear only there",True,2026-09-22,S2-039|S2-040
DEV110,BROUQ Developments,,,,,,,3.0,3.0,,,,,,,,"Egyptian-Gulf alliance of Qhsp (Qatar), Alfada (UAE) and NBS Holdings; entered Egypt 2018; portfolio about EGP 2bn in 2022; planned 10 projects worth EGP 10bn+ over 5 years",True,2026-09-22,S2-041|S2-042|S2-043
DEV117,Citystars Properties,,,,citystars.com.eg,,,6.0,3.0,,,,,,,,"Developer of the Citystars Heliopolis mixed-use landmark; expanded to Katameyah, 6th of October and coastal resorts",True,2026-09-22,S2-044
DEV124,Egyptian Kuwaiti Real Estate Development,,,,,,,1.0,1.0,,,,,,,,Partnered with Grova (Hassan Allam Holding) on a $5.3bn 295-feddan project in 6th of October; a Jan 2026 co-development deal with Palm Hills for a 1.4 million sqm West Cairo project was seen only in non-allowed sources and may be the same land,True,2026-09-22,S2-045
DEV133,Founders Developments,,,,,,,,,,,,,,,,"NOT PROFILED: only broker and listing sites found (Wesal with Al Ahly Sabbour, Gardenia on Suez Road); no official site or reputable press located",False,2026-09-22,S2-046
DEV139,Harby Group,,,,harbygroup.com.eg,,,1.0,1.0,,,,,,,Seven Residence construction started Feb 2026 within about six months of launch,"Real estate and construction group with 15+ years in Cairo and Dubai, 50+ completed residential, governmental and national projects, about EGP 15bn past investments. Only one own development (Seven Residence) found in allowed sources",True,2026-09-22,S2-047
DEV145,Innovo Group,,,,,,,1.0,1.0,,,,,,,,"UK-based group formerly Al Shafar Group; mainly contractor in Egypt (12 developments for Emaar Misr, NUCA contracts); develops through Sky Innovo Developments (DEV208), whose project Park Street Edition is listed under DEV208",True,2026-09-22,S2-048|S2-049
DEV208,Sky Innovo Developments,,,,,,Sky Investments and Innovo Group (joint venture),1.0,1.0,,,,,,,,JV of Sky Real Estate (Sky Investments) and Innovo Group; entered Egypt May 2024,True,2026-09-22,S2-049|S2-048
DEV151,K Developments,,,,k-developments.com,,,2.0,2.0,,,,,,,,Chair Omar El-Fayoumi; plans in North Coast and New Cairo announced May 2026,True,2026-09-22,S2-050
DEV157,Laverde Developments,,,,laverde.com.eg,,,2.0,2.0,,,,,,,La Verde New Capital over 60% and La Verde Cassette over 65% complete in Sept 2024,Over 50% of sales from outside Egypt (expatriates and foreign buyers),True,2026-09-22,S2-051|S2-052
DEV164,Majid Al Futtaim,,,,,,Majid Al Futtaim Holding (UAE),1.0,1.0,,,,,,,,"UAE mall and retail operator (Mall of Egypt, City Centre Almaza, Alexandria, Maadi); June 2026 MIDAR partnership in MADA City is its first large residential community in Egypt. Mall assets not listed as projects",True,2026-09-22,S2-053
DEV170,Marsoum Developments,,,,marsoum-dev.com,,,2.0,1.0,,,,,,,,New developer (entered May 2026) formed by Ayman Embaby (ex Amgad) and Sayed Saber (founder of Telal Developments); EGP 20bn+ investment plan,True,2026-09-22,S2-054|S2-055
DEV177,Modon Developments,Modon Holding PSC,,Abu Dhabi,modon.com,,Modon Holding (Abu Dhabi),2.0,0.0,,,,79.0,2025.0,"The Board Consulting (via Daily News Egypt): #5 in 9M 2025 (EGP 75bn, first market entry); #7 in H1 2026 as Modon Ras El Hekma (EGP 44bn)",,"Egypt activity is the Ras El Hekma master development on the North Coast. Annual sales = Wadi Yemm sales in Q4 2025 (launched Oct 2025) per The Board Consulting; Modon reports AED 5.8bn across 2,109 units",True,2026-09-22,S2-056|S2-057|S2-058|S2-059|S2-006|S2-007
DEV187,One Development,,,,,,Al Gebely Holding,1.0,1.0,,,,,,,,Emirati developer; entered Egypt with DO New Cairo in partnership with singer Amr Diab. Not to be confused with One of One Developments,True,2026-09-22,S2-060
DEV193,Prime Living Developments,,,New Cairo,primelivingdevelopments.com,,,,,,,,,,,"Several New Heliopolis and New Cairo projects scheduled for 2026 delivery, some ahead of contract (company statement, Jan 2026)",Founders claim 15+ years of experience; land acquisition and residential projects mainly in New Cairo; project list page is JavaScript-only so project count not established,True,2026-09-22,S2-061|S2-062
DEV201,Roshan Masr Developments,,,,,,,1.0,1.0,,,,,,,,Launched operations June 2026; Egyptian-Saudi backing; first project in West Cairo not yet announced as of Aug 2026,True,2026-09-22,S2-063
DEV215,Tameer,TAMEER Egypt,1954.0,,tameer.com.eg,,,9.0,,28000.0,2025.0,,,,,"28,000+ units delivered (Jan 2025 press); DIAR II phase 1 delivered by end-2017, last phase planned 2024; AZAD deliveries since 2020 with 500 units completed; Azad Views completion was expected 2025",EGX listed since 1996 per press (ticker not captured); historic developer of New Maadi and Sheraton Heliopolis housing,True,2026-09-22,S2-064|S2-065|S2-066
DEV223,Uptown 6 October,,,,uptown6october.com,,,3.0,3.0,,,3482.0,,,,"Infrastructure 100% complete across 3,482 acres (company news)",Township developer in (New) 6th of October; not related to Emaar's Uptown Cairo. Land bank is the township area stated by the company,True,2026-09-22,S2-067
DEV230,Zaeem Holding,,,Badr City,zaeemholding.com,,,7.0,7.0,,,,,,,,"Chair Abdelrahman El Zaeem; mainly Badr City developer, expanding to El Shorouk under Lora brand; also owns 50-60 factories in industrial zones",True,2026-09-22,S2-068|S2-069|S2-070
DEV243,Deals Investment Group,,,,,,,,,,,,,,,,NOT FULLY PROFILED: official site dig-eg.org blocked automated access (HTTP 406) and only a non-allowed news site and brokers cover it; project names Track RAD (R3) and Defaf (R8) in the New Administrative Capital recorded without figures,False,2026-09-22,S2-071
DEV262,Menassat Developments,,,,menassat-eg.com,,,6.0,6.0,,,,,,,,JV of 8 co-founders (search snippet); portfolio mostly commercial/administrative plus Begonia Residence in New Cairo,True,2026-09-22,S2-072
DEV273,Sorouh Developments,,,,sorouhdevelopments.com,,,3.0,3.0,,,,,,,,New Administrative Capital developer (R7); Spanish-inspired design,True,2026-09-22,S2-073
DEV003,Hyde Park Developments,,,,hydeparkdevelopments.com,,Bank-owned; National Bank of Egypt acquired a 24% stake from Egyptian Arab Land Bank in 2024; chairman Hassan Ghanem is also CEO of Housing and Development Bank,9.0,8.0,5000.0,2025.0,1482.6,45.9,2024.0,The Board Consulting via Daily News Egypt: 10th in 2024 (EGP 45.9bn); 6th in H1 2025 (EGP 30.7bn); 7th in 9M 2025 (EGP 48bn); 5th in H1 2026 (EGP 52.9bn),"Over 5,000 units delivered at Hyde Park New Cairo per Daily News Egypt March 2025; 4,088 units delivered by Sept 2023 with some delivered 6 months ahead of schedule per company statements in Daily News Egypt",Backed by state banks; Banque du Caire EGP 750m loan for Garden Residence (2025) and Banque Misr EGP 2.6bn facility for Seashore (2025),True,2026-09-22,S3-001|S3-002|S3-003|S3-004|S3-005|S3-006|S3-007|S3-008|S3-009|S3-010
DEV009,Talaat Moustafa Group,TMG Holding S.A.E. (Talaat Mostafa Group Holding Co S.A.E.),2007.0,Giza (Dokki),talaatmoustafa.com,TMGH,,20.0,11.0,3196.0,2025.0,28417.4,382.2,2025.0,"The Board Consulting via Daily News Egypt: 1st in 2024 (EGP 510bn), 1st in H1 2025 (EGP 211bn), 1st in 9M 2025 (EGP 324bn), 1st in H1 2026 (EGP 219bn)","FY2025 IR: 3,196 units delivered across Madinaty, Al Rehab and Celia (3,035 in FY2024); Noor deliveries expected from 3Q 2026",Largest developer by sales; holding company founded 2007 over a group with five decades of history per IR; land bank c.115 million sqm includes projects outside Egypt,True,2026-09-22,S3-002|S3-003|S3-004|S3-005|S3-012|S3-013|S3-014|S3-015|S3-019
DEV015,City Edge Developments,,2018.0,,cityedgedevelopments.com,,"New Urban Communities Authority 60%, Housing and Development Bank 38%, Holding Company for Investment and Development 2% (at launch, Jan 2018)",46.0,25.0,5425.0,2025.0,269.9,61.4,2025.0,The Board Consulting via Daily News Egypt: 8th in 2024 (EGP 47bn); 6th in 9M 2025 (EGP 49bn); not in H1 2025 or H1 2026 top 10,"5,425 units delivered in 2025; over 11,000 of about 17,000 units sold delivered since establishment; targets 8,400 deliveries in 2026 (Daily News Egypt, April 2026)","State-owned public-private partnership; manages nearly 2,000 hotel rooms; land bank of about 260 feddans in East and West Cairo, converted at 1.038 acres per feddan",True,2026-09-22,S3-003|S3-005|S3-020|S3-021|S3-022|S3-023
DEV021,Arabella Developments,,,,arabella-plaza.com,,Arabella Group,6.0,3.0,,,,,,,,"Trades as Arabella Group; fetched sources give no figures on land, units or sales; no reputable press coverage found",False,2026-09-22,S3-024|S3-025|S3-026
DEV027,IL Cazar Developments,,,,ilcazar.com,,Khozam family (chairman Nader Khozam),11.0,9.0,,,,,,,"Feb 2024 press: Creek Town 96% built, Go Heliopolis 90% built with delivery expected 2024",Acquired 80 feddans in Sheikh Zayed and 120 feddans at Ras El Hekma in March 2025,True,2026-09-22,S3-027|S3-028|S3-029|S3-030
DEV033,Roya Developments,,,,royadevelopments.com,,,7.0,4.0,2200.0,2023.0,,,,,"2023: 1,200 units delivered in final phase of Telal Sidi Abdel Rahman and about 1,000 units completed in Telal El Sokhna new phase (Daily News Egypt, April 2024)","EGP 5.6bn syndicated construction loan led by AAIB and NBE (2024); ownership by Pioneers Holding reported only by broker sites, not used",False,2026-09-22,S3-031|S3-032
DEV039,Horizon Egypt Developments,,,,,,Owned by Sheikh Majid bin Saeed Al Nuaimi (Chairman of Ajman Ruler's Court); Emirati-Egyptian joint venture with Abdullah and Adnan Saffarini,3.0,1.0,,,,,,,,Hikvision smart-city partnership across projects (Dec 2025),True,2026-09-22,S3-033|S3-034|S3-035
DEV045,Al Karma Developments,,1995.0,,alkarmadevelopments.com,,,10.0,10.0,,,,,,,"Developer site lists 5 delivered projects (Karma 1, AlKarma 2, AlKarma Heights, AlKarma Residence, Mazar Mall) and Gates partially delivered",Chairman Eng. Ahmed Abou Hussein; West Cairo focus; no reputable press coverage found,False,2026-09-22,S3-036
DEV051,Fawaz Alhokair Group,,1989.0,Riyadh (Saudi Arabia),,,Saudi group; Egyptian subsidiaries Marakez (est. 2015) and FAS Real Estate,1.0,1.0,,,,,,,,Invested over USD 480m in Egypt by June 2022; planned two new residential and commercial projects in Cairo and North Coast via FAS Real Estate (not found as launched); residential activity in Egypt runs through Marakez (DEV016),True,2026-09-22,S3-037|S3-038|S3-039
DEV057,Nations of Sky,,,New Cairo,nationsofsky.com,,,8.0,4.0,,,,,,,,"Contractors named on site: SIAC, REDCON, Concord; design partners OBMI, SWA Group, DHI Group",True,2026-09-22,S3-040|S3-041
DEV063,Cairo Capital Developments,,,,cairocapitaldevelopments.com,,,5.0,3.0,,,,,,,,Site claims 200+ acres across 5 projects and operations in Egypt and Saudi Arabia; only 3 projects named on fetched page; no reputable press coverage found,True,2026-09-22,S3-042
DEV069,Valore Developments,,,,valore-misr.com,,"Valore El-Thawra launched by El Riyad Castle Development, founded by MP Ahmed Abdel Mageed",1.0,1.0,,,,,,,,"Official site is a placeholder page; other Valore-named projects (Sheraton, Smouha) are credited to different developers on broker sites and were not included",False,2026-09-22,S3-043|S3-044
DEV075,El Karnak Developments,Karnak Real Estate Developments,1993.0,Sheikh Zayed,karnakrealestatedevelopments.com,,,2.0,2.0,3150.0,,,,,,"Developer claims 49+ completed projects, 3,150+ units delivered and 400,000+ sqm built-up since 1993 (cumulative)",Started in Alexandria; no reputable press coverage found,False,2026-09-22,S3-045|S3-046
DEV081,ENZA Developments,,,Hurghada,enzadevelopments.com,,,1.0,0.0,,,,,,,,New entrant; single Red Sea project; no Greater Cairo projects; no reputable press coverage found,False,2026-09-22,S3-047
DEV087,A-Plus Developments,A+ Developments,2013.0,Sheikh Zayed,aplusdevelopmentseg.com,,,5.0,3.0,,,,,,,,West Cairo focus; no reputable press coverage found,True,2026-09-22,S3-048
DEV093,Ajna Developments,,2019.0,Cairo,ajnadevelopments.com,,,2.0,1.0,,,,,,,"No completed deliveries found; Carnelia phase one about 90% built in May 2026, deliveries expected Q4 2026 (earlier 2019 target was 2024)",Chairperson Osama Shalaby; Carnelia delivery start was 2026 per Nov 2024 press and now Q4 2026 per May 2026 press,True,2026-09-22,S3-049|S3-050|S3-051|S3-052
DEV101,Al Tameer Arabian,AlTameer Arabian,2010.0,,,,Saudi-Egyptian partnership,3.0,3.0,,,,,,,,Entered real estate in 2019; CEO Marzouk Mansour; planned 50-feddan New Alamein project under negotiation in 2021 (not confirmed),True,2026-09-22,S3-053|S3-054|S3-055
DEV111,BUILDEX Developments,,,,,,,1.0,1.0,,,,,,,,Chairman Mohamed Khaled Aboul Qassem; holds land in Green Belt and Green Revolution areas per company,True,2026-09-22,S3-056|S3-057
DEV118,Cornerstone Development,,,Cairo (Heliopolis),cornerstonedv.com,,,2.0,2.0,,,,,,,,Chairman and CEO Ashraf Boulos,True,2026-09-22,S3-058|S3-059|S3-060
DEV127,El Batal Developments,El Batal for Investment,,,,,"Real estate arm rebranded as Rock Developments (Nov 2024, capital EGP 6bn)",8.0,8.0,,,,3.0,2023.0,,"About 7,000 families living in its communities (Nov 2024)",Over 45 years of operations per company; CEO Emad Doss; overlaps with Rock Developments (DEV200),True,2026-09-22,S3-061|S3-062
DEV134,Golden Land Development,,,,,,,4.0,2.0,,,,,,,"Press lists delivered projects Mini Compound Ladress, Stip Mall and Beit Al Watan developments",Chairman Kotb Mokhtar; CEO Mohamed Hamdy,True,2026-09-22,S3-063
DEV140,Heliopolis Developers,Heliopolis Developers Group (HDG),,New Cairo (Fifth Settlement),hdg.com.eg,,,8.0,8.0,,,,,,,April 2021 press: New El Korba and Sarayat El Korba 100% complete; 65% of sold units delivered in Korbetna and Tivoli,Chairperson Tarek Abdel Latif; 25+ years of experience per site,True,2026-09-22,S3-064|S3-065|S3-066
DEV146,J Communities,,2000.0,,njdegypt.com,,J Communities became parent of New Jersey Developments in July 2026,6.0,4.0,2500.0,,,,,,"New Jersey Developments site claims 2,500+ residential units, 1,200+ commercial units and 350+ villas delivered cumulatively since 2000",Chairperson and CEO Girgis Youssef; site's land bank figure (390 km2) looks like a display error and was not used,True,2026-09-22,S3-067|S3-068
DEV152,Khaled Sabry Developments,Khaled Sabry Holding,,,,,,4.0,4.0,700.0,,,,,,"Over 700 residential units (110,000+ sqm) delivered in New Cairo projects (cumulative, May 2026 press); Rosail first phase completed ahead of June 2027 deadline","Chairperson Khaled Sabry; planned projects in Future City, R7 and North Coast (2024)",True,2026-09-22,S3-069|S3-070|S3-071|S3-072
DEV158,Lazura Developments,,,,lazuradevelopments.com,,,5.0,1.0,,,,,,,,Sources conflict: site says founded 1983 with 174+ projects; Jan 2026 press says 20+ year track record; founded_year left blank. CEO Ahmed Fouad,True,2026-09-22,S3-073|S3-074
DEV165,Makkah Developments,Makkah Real Estate Development,1988.0,Sheikh Zayed,makkah-dev.com,,,3.0,2.0,,,,,,,Developer site: 30 projects delivered in Alexandria 1988-2019; press says projects delivered in Alexandria and 6th of October,More than 35 years in Egyptian real estate per company,True,2026-09-22,S3-075|S3-076|S3-077
DEV171,Master Group,,,,,,,2.0,2.0,,,,,,,,Entered New Administrative Capital in 2017; vice chairman Mostafa Lashin; a third project (Oval Tower) reported only by non-listed sources,True,2026-09-22,S3-078|S3-079
DEV181,Najm Developments,,,,,,,1.0,1.0,,,,,,,,Chairperson Wael Ramadan; owns commercial land in New Cairo; not the same as the 'Najm' compound by Royal Developments listed on broker sites,True,2026-09-22,S3-080
DEV188,One of One Developments,,,,,,,2.0,2.0,,,,,,,,CEO Mostafa Salah; new headquarters opened May 2026; distinct from 'One Development',True,2026-09-22,S3-081|S3-082
DEV194,Pyramids Developments,,,,,,,6.0,6.0,,,,,,,,"Chairperson Hisham El Kholy (2019), Walid Eltayb (2021); New Capital investments about EGP 6bn by 2019; Paris East sales above EGP 1bn in 48 hours; other malls (Pyramids Mall, Mega Mall, Business Tower) reported only by non-listed sources",True,2026-09-22,S3-083|S3-084
DEV203,SIAC Developments,,1986.0,,siacholding.com,,SIAC Holding (established 1986),9.0,9.0,,,4942.1,,,,,"SIAC Holding manages more than 20 million sqm of land across New Capital, October, 10th of Ramadan, Sadat City and Beni Suef (converted at 4,046.86 sqm per acre; includes industrial land); founded_year is the holding's",True,2026-09-22,S3-085|S3-086
DEV209,Slvr Communities,,,,,,,3.0,3.0,,,,,,,,Chairperson Ahmed El-Sweisy; EGP 30bn five-year investment plan; owns three land plots in New Cairo (Feb 2025),True,2026-09-22,S3-087|S3-088
DEV216,Tesla Developments,Tesla Real Estate Development,,6th of October,tesladevelopments.com,,,7.0,6.0,,,,,,,,Founder and CEO Yasser Saleh; chairman Ahmed Bashir; no reputable press coverage found,True,2026-09-22,S3-089|S3-090
DEV224,Upwyde Developments,,,New Cairo,upwyde.com,,,9.0,5.0,,,,,,,,Offices in New Cairo and Sheikh Zayed; site statistics show placeholder zeros,True,2026-09-22,S3-091|S3-092|S3-093
DEV231,Zahraa El Maadi Investment and Development,Zahraa Maadi Investment and Development,,,,ZMID,,2.0,2.0,,,,,,,,EGX-listed; 2024 net profit EGP 529.02m on revenue EGP 756.90m; 2025 net profit EGP 712.267m (+36.2%),True,2026-09-22,S3-094|S3-095|S3-096|S3-097
DEV247,El Mahfouz Developments,,,,,,,1.0,1.0,,,,,,,,Over 20 years of experience in Mokattam per company,False,2026-09-22,S3-098
DEV263,Nawassy Developments,,,,nawassy.com,,,2.0,2.0,,,,,,,,CEO Hossam Soliman; official site returned HTTP 503,False,2026-09-22,S3-099|S3-100
DEV275,Urbnlanes Developments,,1994.0,,urbnlanes.com,,,7.0,3.0,,,,,,,,Founded in Kuwait in 1994 by Eng. Emeel Abdalla; claims 100+ projects across Kuwait and Egypt,False,2026-09-22,S3-101|S3-102
DEV004,SODIC,Sixth of October for Development and Investment Company (SODIC) S.A.E.,,Sheikh Zayed,sodic.com,OCDI,Aldar Properties and ADQ consortium (about 85%),26.0,23.0,2083.0,2025,4201.0,48.4,2025.0,"Not in The Board Consulting top 10 for H1 2026 (Daily News Egypt, Aug 2026)","Delivered 2,083 units in 2025 (1,486 West Cairo, 395 East Cairo, 202 North Coast), nearly double 2024; company states about 91% of units delivered ahead of schedule; more than 14,000 units delivered cumulatively","EGX-listed; about 85% acquired by Aldar Properties and ADQ consortium; land bank expanded by about 1,500 feddans in 2025 (1,000 West Cairo with Rula, 500 in Mada City East Cairo with MIDAR). Land bank acres converted from the 17 million sqm total land bank stated in the Dec 2023 IR deck (before the 2025 additions).",True,2026-09-22,S4-001|S4-002|S4-003|S4-004|S4-005|S4-006|S4-007
DEV010,Al Ahly Sabbour,,1994.0,,alahlysabbour.com,,,15.0,8.0,2500.0,2024,,32.5,2024.0,"Not in The Board Consulting top 10 for H1 2026 (Daily News Egypt, Aug 2026). EGP 27bn sales by late Sept 2025 against EGP 32bn 2025 target (Arab Finance)","Delivered 2,500 units in 2024 and planned 1,500 handovers in 2025; Green Square fully delivered; L'Avenir 100% built with 60% handed over (Feb 2025); GAIA phase 1 complete (Daily News Egypt, Feb 2025)","Website claims 65+ developments, 12M+ sqm developed and 40,000+ families. Holds over 1,000 feddans in Mostakbal City (7 projects) and 1,222 feddans on the North Coast (5 projects) per Daily News Egypt Sept 2025; land bank left blank because these are portfolio totals, not unlaunched land. Expanding to Oman (Wadi Zaha).",True,2026-09-22,S4-008|S4-016|S4-017|S4-018|S4-019|S4-006
DEV016,Marakez,,,,marakez.net,,Fawaz AlHokair Group,10.0,6.0,,,,,,"Ranked 10th in The Board Consulting top 10 for H1 2025 with EGP 13.4bn sales (Daily News Egypt, Aug 2025); not in top 10 for H1 2026","Aeon Towers were scheduled for delivery in 2019, six months ahead of schedule (Daily News Egypt, March 2019); no fetched source confirms District 5 handover dates","Mixed-use and retail-heavy developer (Mall of Arabia, Mall of Tanta, Mall of Mansoura, D5M) with large recurring lease income; EGP 3bn Banque Misr facility backed by Mall of Arabia leases (Feb 2026).",True,2026-09-22,S4-025|S4-026|S4-027|S4-028|S4-029|S4-030|S4-031|S4-032|S4-006
DEV022,PRE Group,Pioneers Properties for Urban Development,2007.0,New Cairo,pregroup-eg.com,PRDC,,15.0,8.0,19000.0,cumulative (website 2026),2965.0,,,,"Website states 19K+ delivered units (cumulative). Stone Residence (New Cairo) completed 2021 with over 4,000 units; Hadaba (158 villas) fully delivered by May 2026; Jebal El Sokhna phase I delivered; Ivoire West first phase targeted end-2026, ahead of schedule","EGX-listed holding with listed subsidiaries (Cairo for Housing and Development, Giza General Contracting, United Company for Housing and Development). Land bank converted from 12 million sqm (website). Group dates from 2007 (Roya Group); PRE Developments arm founded 2017. Won 380-feddan New Zayed bid in 2026.",True,2026-09-22,S4-033|S4-034|S4-035|S4-039|S4-040|S4-041|S4-042|S4-043
DEV028,Kronberg,,,Hurghada,kronberg-eg.com,,Partners: Safa Water Technology (Watertec Group) and Villa Development,2.0,0.0,,,,,,,No delivery record found in fetched sources,Only Kronberg developer found is a Hurghada (Red Sea) luxury developer with no Greater Cairo project; identity match with the stage-1 list is uncertain. No reputable press coverage found.,False,2026-09-22,S4-045|S4-046|S4-047
DEV034,Wadi Degla Developments,,2005.0,Maadi,wadidegladevelopments.com,,,20.0,8.0,1500.0,2025,1482.6,5.6,2025.0,Not in The Board Consulting top 10 for H1 2025 or H1 2026 (Daily News Egypt),"Delivered 1,500 units in 2024 and 1,500 in 2025 (about 3 units a day for three years); 14,600 units delivered cumulatively per website; 2025 sales EGP 5.6bn missed the EGP 10bn target","Operates 14 Wadi Degla sports club branches; clubs-plus-housing model (ClubTown). Land bank converted from 6,000,000 sqm (website). n_projects_total = 20 as stated on website; project file lists those named in fetched sources.",True,2026-09-22,S4-048|S4-049|S4-050|S4-051|S4-052|S4-030|S4-006
DEV040,Misr Italia Properties,,,,misritaliaproperties.com,,,6.0,4.0,,,1754.5,,,Contracted sales EGP 15bn in the first 8 months of 2024; EGP 7.2bn in H1 2023; not in The Board Consulting top 10 for H1 2025 or H1 2026,"IL Bosco New Capital delivered ahead of schedule in 2020; KAI Sokhna phase I (200 units) delivered in 2024; planned 1,700 unit deliveries in 2024 (Sept 2024 press)","Land bank converted from a 7.1 million sqm total portfolio (press 2023 and 2024), which may include developed land. About 17,000 families. Hospitality push: EGP 40bn over 7 years for 7 hotels.",True,2026-09-22,S4-057|S4-058|S4-059|S4-060|S4-030|S4-006
DEV046,Tabarak Developments,,,,tabarakholding.com,,Tabarak Holding Group (development arm now branded TBK Developments),6.0,5.0,,,1112.0,,,,90 Avenue (New Cairo) phase 3 handover under way in Dec 2024 with full completion targeted end-2025; A'aly AlRiyadh (Saudi Arabia) phase 3 delivery end-2025 to H1 2026,Land converted from a 4.5 million sqm land portfolio (Dec 2024 press). Group sales grew 100% in 2024 (no EGP figure given). Website tabarakholding.com failed with an SSL certificate mismatch.,True,2026-09-22,S4-061|S4-062|S4-063
DEV052,Capital Group Properties,,2015.0,,,,Abu Dhabi Capital Group (IMKAN Properties),1.0,1.0,,,,,,,"No fetched source gives a delivery count; Alburouj had about 3,500 residents in 2025 with parcels 1.3B, 3.8, 1.17 and 2.4 (963 units) under construction","Appears to now trade as IMKAN Misr, the Egyptian subsidiary of Abu Dhabi Capital Group (same CEO Ahmed Aref and same Alburouj project in the sources); rename not stated explicitly. Stage-1 website capitalgroupproperties.com belongs to an unrelated US company, so website left blank. Capital raised from EGP 881m to EGP 2.56bn (2024).",True,2026-09-22,S4-064|S4-065|S4-066|S4-067|S4-068
DEV058,Voya Developments,Voya Development,,Sheikh Zayed,voyadevelopment.com,,,4.0,4.0,,,,,,,No deliveries reported in fetched sources; COY has a 4-year completion timeline (May 2025),Small West Cairo developer; 2025 sales target EGP 4bn from COY and ZAT combined. Website claims over 15 years of construction experience.,True,2026-09-22,S4-069|S4-070
DEV064,Gates Developments,,1996.0,Cairo,gatesdevelopments.com,,,9.0,8.0,,,,,,Sales EGP 12bn in 2024 against a EGP 15bn target (reported Sept 2024),"Audaz (New Capital) 697 of 751 units delivered with the rest due end-2024; Plaza Espana and Westgate fully delivered; Catalan 85% built for 2024-2025 delivery; Gates Prive phase 1 expected 2025, one year ahead of schedule (Sept 2024 press)","Founded year from company website (a broker site says 2018; not used). 9 projects across West Cairo, New Capital and Ras El Hekma.",True,2026-09-22,S4-071|S4-072
DEV070,EGYGAB,EGYGAB Developments,,,,,,3.0,1.0,,,,,,,No delivery facts found in fetched sources,"Government platform blog cites over 40 years of experience and residential, commercial, education and health projects, but gives no locations or figures; search snippets (not verified on fetch) mention a 1977 founding and a North Coast project. Bought 83,000 sqm in Taj City from MNHD in 2021 at EGP 10,000/sqm.",False,2026-09-22,S4-073|S4-074
DEV076,Symphony Developments,Symphony Development,,,symphony-development.com,,,1.0,1.0,,,,,,,No delivery facts found in fetched sources,"Website cites 18 years of experience and past work in Al Narges (6th of October), Beit El Watan, Sheikh Zayed, Fifth Settlement and Northern Rehab. No reputable press coverage found.",False,2026-09-22,S4-075
DEV082,Levels Developments,,,,,,,,,,,,,,,,Could not profile: no official website or reputable press found. Only related hit is 'Levels Business Tower' in the New Capital by Urbnlanes Developments (a different company); broker page with no project data.,False,2026-09-22,
DEV088,AIG Developments,Aliaa Investments Global (AIG),,,aigmisr.com,,,1.0,1.0,,,,,,,No deliveries yet; AI Tower land received and delivery planned within four years (July 2026),"Single-project developer so far (AI Tower, New Capital CBD); CSCEC main contractor, Honeywell smart-building partner.",True,2026-09-22,S4-076|S4-077
DEV094,Aknan Developments,,2007.0,New Cairo,aknan.com.eg,,,4.0,4.0,700.0,cumulative (website 2026),,,,,Website states over 700 units delivered across New Cairo (cumulative),Real estate development since 2007; contracting arm older (website gives 2002 on About page and 1999 on home page). Plans three projects worth EGP 5bn in Q3 2026.,True,2026-09-22,S4-078|S4-079|S4-080
DEV102,AlWaheed Developments,,,,alwaheeddevelopment.com,,,2.0,2.0,,,,,,,"Reports completed developments in Riyadh, Jeddah, Dammam and the Eastern Province plus Egypt, without names or counts (July 2026)",Egyptian-Saudi developer focused on West Cairo; ZAHA Residence is its main Egyptian residential launch.,True,2026-09-22,S4-081|S4-082
DEV112,Better Home,,,,,,,3.0,3.0,,,,,,,No delivery facts found in fetched sources,Only the government platform blog was fetched; it lists New Capital projects without figures. Search snippets (not fetched from allowed sources) mention founding as Better Business in 1992 and Midtown projects in New Cairo and New Zayed; not used.,True,2026-09-22,S4-083
DEV119,Cred Developments,,,,,,,1.0,1.0,,,,,,,"CLM (New Capital): 200 of 478 phase 1 units delivered by Sept 2024, 300 more targeted by end-2024","CLM 86% sold (EGP 3.6bn). Search snippets mention Ever New Cairo and Ever West projects and a 2017 founding, but only broker pages carried them; not used.",True,2026-09-22,S4-084
DEV129,El Mostakbal for Urban Development,,,Cairo,,,,2.0,2.0,,,,,,,First district of Mostakbal City phase 1 planned operational by end-2021 (Sept 2021 press),"Master developer and owner of Mostakbal City (11,000 feddans) in East Cairo, selling land to many sub-developers. A 2025 Daily News Egypt article credits MIDAR with operating Mostakbal City (5,200 feddans); the link between the two companies is not stated in fetched sources.",True,2026-09-22,S4-085|S4-005
DEV135,Grova Developments,,,,grovadevelopments.com,,Hassan Allam Holding,3.0,2.0,,,,,,,New brand; no deliveries yet. Grova EastHills is its first project (2026),Real estate arm of Hassan Allam Holding (about 90 years in construction); in-house contractor Hassan Allam Construction.,True,2026-09-22,S4-086|S4-087|S4-088|S4-089
DEV141,Heliopolis Housing,Heliopolis Company for Housing and Development (Misr El-Gedida for Housing and Development),1905.0,Heliopolis,,HELI,,8.0,8.0,,,1505.1,3.137,2025.0,"Annual sales figure is income-statement sales (Arab Finance), not contracted sales; not in The Board Consulting top 10",Mainly a land owner and partner; no own delivery counts found. Jadinah phase one (560 units) preparing construction (2026),"State-affiliated listed company holding legacy land in New Heliopolis (5,400+ feddans). About 70% of development via revenue-share partners (SODIC East, Madinet Masr, Modad, others) on about 2,500 feddans; expects EGP 250bn+ partnership revenue. Land bank converted from about 1,450 feddans. Settled a 710,000 sqm dispute with NUCA (headline only, not fetched).",True,2026-09-22,S4-090|S4-091|S4-092|S4-093|S4-094|S4-004
DEV147,JORA Developments,,,6th of October,joradevelopments.com,,,1.0,1.0,,,,,,,"Reports 75 standalone buildings delivered to over 1,500 customers over 15 years (July 2026)",Small West Cairo builder moving into compounds with iXORA; has paid about 80% of the land value.,True,2026-09-22,S4-095|S4-096
DEV153,Kleek Developments,,,,kleekdevelopments.com,,Partnership of Emaar El Delta and Style Home Development,1.0,1.0,,,155.7,,,,New entrant (2025); no deliveries yet,Land bank converted from 150 feddans acquired (Jan 2025). Five-year EGP 100bn investment plan; self-financed construction.,True,2026-09-22,S4-097
DEV159,MBG Developments,Master Builders Group,2017.0,Heliopolis,mbgeg.com,,,7.0,5.0,,,,,,,Pukka (New Capital) deliveries started Dec 2024 - Jan 2025 per website; Rivergreen listed as completed flagship,New Capital focused (residential and medical); also coastal Doray Bay in Ras El Bar. No reputable press found.,True,2026-09-22,S4-098|S4-099
DEV166,Mardev Developments,,1989.0,New Cairo,mardeveg.com,,,5.0,5.0,,,,,,,Website claims 266+ completed projects (largely civil construction); no residential delivery counts found,Contractor-turned-developer; New Capital and Sheikh Zayed projects.,True,2026-09-22,S4-100|S4-101|S4-102
DEV173,Mazaya Developments,,,,,,,5.0,5.0,,,,,,,No deliveries yet. The Rook was expected in Dec 2025 (Apr 2025 press) but was about 70% complete in May 2026; Gemini Red (June 2026 target) about 50% in May 2026 - behind stated schedules,"New Capital commercial-tower developer (four mixed-use projects, EGP 8bn+); first residential project Town Ten in Obour (2026); nearly a decade in Egypt.",True,2026-09-22,S4-103|S4-104|S4-105
DEV182,Nakheel Developments,,,,,,,2.0,2.0,,,,,,,No deliveries confirmed in fetched sources; Trio V and Double Two Tower under development (Jan 2025),Developer that started in the UAE before entering Egypt; EGP 7bn portfolio in the New Capital and Delta; reinvests 90% of income in construction.,True,2026-09-22,S4-106
DEV189,Oria Developments,,,,oriadevelopments.com,,El-Lawendy Constructions (same founder),2.0,2.0,,,1235.5,,,,No delivery facts found in fetched sources,Land converted from a land portfolio exceeding 5 million sqm managed by its investment head (About page). Founder has 20+ years in contracting.,True,2026-09-22,S4-107|S4-108|S4-109
DEV196,QORE Developments,QORE,,,,,,1.0,1.0,,,,,,,New entrant (Sept 2026); no deliveries,"Part of a 19-company group with 30+ years in construction, infrastructure and manufacturing; EGP 30bn plan to 2030; evaluating about 20-feddan plots in 6th of October.",True,2026-09-22,S4-110
DEV204,STM Investment,,,,,,,1.0,1.0,,,,,,,No delivery facts found in fetched sources,"Diversified company (real estate, education, clubs, malls, technology). Develops mainly through partnerships: Stoda with Il Cazar (2025); search headlines also report partnerships with Mountain View (Kayan City) and La Vista, not fetched.",True,2026-09-22,S4-111
DEV210,Space Shapers,,,,,,Al Agouz Group (active since 2005),1.0,1.0,,,,,,,New developer; Rawaj (Sept 2026) is its first project,"Partners on Rawaj include Regus, Vodafone Business, Vezeeta and AXA Egypt.",True,2026-09-22,S4-112
DEV217,The Ark Development,,,,,,"Partnership of Organi Group, Al-Safi Group, Arabella Group and Abdul Maqsoud Group",1.0,1.0,,,,,,,No delivery facts found in fetched sources,Single large New Cairo mixed-use project launched 2022 with up to EGP 30bn investment.,True,2026-09-22,S4-113
DEV225,VIE Communities,,,,,,"Alliance of Future of Egypt for Investment and Development, Glamour Jewellery and Damas Real Estate (UAE)",2.0,2.0,,,,,,,New entrant (May 2026); no deliveries,Egyptian-Emirati alliance; two New Cairo projects with combined investment over EGP 150bn.,True,2026-09-22,S4-114
DEV232,Zawaya Developments,,,,,,,2.0,2.0,,,,,,,No deliveries found; SIA Boulevard construction under way with operation targeted within three years (Aug 2026),Small West Cairo commercial developer; SIA Mall (2025) appears to have been reworked into SIA Boulevard with EDIC after a master-plan revision (Aug 2026); treat as possibly the same site.,True,2026-09-22,S4-115|S4-116
DEV255,Hometown Developments,,2017.0,,hometown-eg.com,,,5.0,5.0,,,,,,,Udora (New Capital) 95% built in June 2025; no completed deliveries confirmed,"New Capital commercial projects managed by Savills Egypt (2025). Government blog describes Hometown 6th of October, Hometown New Capital and Hometown Mall in generic terms without figures.",True,2026-09-22,S4-117|S4-118|S4-119
DEV265,Paragon Developments,,2020.0,,,,"JV Paragon-Adeer with Adeer International (Sumou Investment, Saudi Arabia) for Sumou Boulevard",2.0,2.0,,,,,,,"No deliveries found; Sumou Boulevard deliveries planned in two tranches, 2030 and 2033","Founded in 2020; Sumou Boulevard Nexus phase sold out in 48 hours for about USD 150m (Enterprise, July 2026).",True,2026-09-22,S4-120|S4-121
DEV277,Valero Developments,,,,,,,3.0,3.0,,,,,,,No deliveries found; Circle 9 Mall 25% of concrete structure complete (Mar 2025) with completion targeted within a year,"Obour-focused, 100% self-funded; EGP 630m portfolio in Obour (Mar 2025); planning Saudi branches.",True,2026-09-22,S4-122|S4-123|S4-124
DEV005,La Vista Developments,La Vista Developments,1991.0,,lavista-developments.com,,,30.0,22.0,,,,,,Rank 9 in 9M 2025 with EGP 45bn (up from EGP 28bn); rank 10 in H1 2026 with EGP 26.5bn (The Board Consulting via Daily News Egypt),,"Founded by architect Alaa Hady and engineer Mohamed Hady; active in six destinations (New Cairo, New Capital, 6th of October, El Shorouk, North Coast, Ain Sokhna). Project counts are from the official project list.",True,2026-09-22,S5-001|S5-002|S5-005|S5-006
DEV011,Al Marasem International,Al Marasem International for Urban Development,1997.0,New Cairo,almarasem.com,,Al Marasem International (contracting group),3.0,2.0,2428.0,2025.0,1038.0,39.5,2024.0,,"Fifth Square: first phase (576 fully finished units) delivery began 15 Nov 2020; 2,428 residential units delivered by May 2025 and project 75% occupied, completion targeted mid-2026 (Daily News Egypt).","First-class general contractor (airports, Al Azhar Mosque renovation, New Capital Central Park). 1997 is the group founding year from the official site; Daily News Egypt dates the development arm to 2017. Land bank about 1,000 feddans converted to acres (1 feddan = 1.038 acres); evaluating 250 feddans East Cairo and 300 feddans West Cairo.",True,2026-09-22,S5-007|S5-008|S5-009
DEV017,Dorra Group,Dorra Holding,1943.0,,dorra.com,,Dorra Holding (subsidiaries Dorra Contracting and Dorra Developments),,,,,,,,,"Long delivered portfolio in Sheikh Zayed (Zayed 2000, Zayed Residence, Zayed Heights, Greens); press says almost half of Sheikh Zayed City was developed by Dorra (Daily News Egypt 2023).",Founded 1943 as a contractor; real estate development since 1994; first developer licensed in Sheikh Zayed; licence No. 1 in El Shorouk. Development website: dorra-developments.com.,True,2026-09-22,S5-010|S5-011|S5-012
DEV023,Amer Group,Amer Group Holding Co SAE,2007.0,Cairo,amer-group.com,AMER,,11.0,1.0,,,,,,,Official site lists 10 destinations as operational and Porto Grande under development.,"Zawya gives incorporation year 2007 and headquarters in Sheraton, Cairo. Demerged in October 2015 into Amer Group Holding and Porto Group Holdings; founder Mansour Amer left Porto Group in 2017. Zawya also lists Porto Cairo Residence, Porto New Cairo, Porto October, Porto Tartous and Porto Dead Sea in the historical portfolio (not on current official list).",True,2026-09-22,S5-015|S5-016|S5-017
DEV029,Inertia Egypt,Inertia for Real Estate Development,,"West Cairo (Cairo West Business Park, Cairo-Alexandria Desert Road km 22)",inertiaegypt.com,,,8.0,6.0,900.0,2024.0,,6.0,2025.0,,"Delivered 900 units in 2024; delivered projects include Soleya, Joulz (570 units handed over), G Cribs, Medipoint Sheikh Zayed and West Hills (Daily News Egypt 2025). Secured EGP 5.2bn syndicated loan for Jefaira.",2025 sales target was EGP 23bn but achieved sales were EGP 6bn; 2026 target EGP 16bn. Plans about 100 feddans in Cairo and a Riyadh launch.,True,2026-09-22,S5-018|S5-019|S5-020
DEV035,Al-Futtaim Group Real Estate,Al-Futtaim Group Real Estate (AFGRE),,New Cairo,cairofestivalcity.com,,Al-Futtaim Group (UAE),1.0,1.0,,,,,,,Festival Living apartments delivered; Oriana Villas over 600 homes; Aura phase delivery stated for 2023 (Zawya Projects).,"Single master development in Egypt: Cairo Festival City, 3 million sqm with 500,000 sqm green space.",True,2026-09-22,S5-021|S5-022|S5-023
DEV041,The Waterway Developments,,2010.0,,,,"Privately owned (Ahmed El-Sewedy 62%, Hossam Hassan 38%)",,,,,864.9,18.0,2025.0,,,"2026 sales target EGP 30bn; plans EGP 10bn real estate fund; 3.5 million sqm undeveloped land (converted to acres) plus 1.3 million sqm developed across North Coast, East Cairo and West Cairo; hotel arm opened a 60-room North Coast hotel in July 2025 (Arab News, Mar 2026). No official website found.",True,2026-09-22,S5-024|S5-025
DEV047,Saudi Egyptian Developers,Saudi Egyptian Developers Company (SED),1975.0,New Cairo,se-developers.com,,50/50 joint venture of the Egyptian Ministry of Housing and the Saudi Ministry of Finance,50.0,,,,,,,,"Official site claims 50+ completed projects and 30,000+ families served; 50th project (Central) launched June 2022.",State-owned bilateral company established 1975 by international agreement between Egypt and Saudi Arabia.,True,2026-09-22,S5-026|S5-028
DEV053,Starlight Developments,,,,starlightdevelopments.com,,,3.0,2.0,,,,,,,,Official site claims over three decades of luxury development and the Katameya brand heritage; CEO Sherif Aboutaleb.,True,2026-09-22,S5-029|S5-030|S5-031
DEV059,Akam AlRajhi Developments,,,New Cairo,akamalrajhi.com,,Joint venture of Akam Real Estate Development (Egypt) and Al Rajhi group (Saudi Arabia),,,,,,,,,,"D.O.S.E on the North Coast reached nearly EGP 5bn sales by Sept 2023; IHG voco hotel partnership. Government blog also names Scenario, Al Rajhi Tower, The Residence and Central District without detail; not included as projects.",True,2026-09-22,S5-032|S5-033|S5-034
DEV065,Iwan Developments,IWAN Developments,,,iwandevelopments.com,,,10.0,7.0,,,,,,,Official project pages publish occupancy and handover rates: JEWAR 100% handed over (87% occupied); ATRIO 83% handed over; ALMA 71% handed over; JEDAR 63% occupied with clubhouse still under construction.,"Official site says 18 years in the industry and operations from 2011 (inconsistent, founding year left blank). West Cairo focus (Sheikh Zayed, 6th of October) plus Majada in Ain Sokhna.",True,2026-09-22,S5-035|S5-036|S5-037|S5-039|S5-040
DEV071,Lasirena Group,,2006.0,,lasirenagroup.com,,,9.0,0.0,,,,,,,"Official site states a target of delivering 1,700 units in 2024 and a long-term goal of 20,000 delivered units.","Tourism and resort developer; portfolio is almost entirely coastal (Ain Sokhna, Red Sea, Sinai, North Coast). Canan Capital is commercial with city not stated.",False,2026-09-22,S5-042
DEV077,ELM Developments,,2024.0,Sheikh Zayed,elm-developments.com,,,2.0,2.0,0.0,,,,,,New developer (2024); first project ELM Tree launched Aug 2025 with CCC Egypt as contractor; no deliveries yet.,Chaired by former Housing Minister Dr. Assem El-Gazzar; vice chairman and managing director Dr. Yasser Abdel Maqsoud.,True,2026-09-22,S5-043|S5-044
DEV083,Jozoor Developments,,,,,,,,,,,,,,,,"NOT PROFILED: no official website resolved (jozooreg.com DNS failure) and no reputable press found; only social media and a forbidden portal listing. Name may be confused with JUZUR Developments (DEV148), a different English spelling.",False,2026-09-22,
DEV089,ALJAR Developments,ALJAR Development (formerly Bunyan Company),1999.0,,aljardevelopment.com,,Founder Dr. Ahmed Abd El Magid (also chairman of Valore Group),6.0,4.0,2000.0,2025.0,,,,,"More than 2,000 residential and commercial units delivered as of May 2025 (Daily News Egypt).","Founder is deputy chair of the parliamentary housing committee. aljardevelopments.com returned HTTP 451; used aljardevelopment.com. units_delivered is a lower bound ('more than 2,000').",True,2026-09-22,S5-045|S5-046|S5-047
DEV096,Al Dawlia Developments,Al Dawlia Boutique Developments,,,aldawliadevelopments.com,,,7.0,,,,,,,,Official site labels all seven projects as on ground.,Official site claims 21+ years of activity and 800+ employees.,True,2026-09-22,S5-048
DEV106,Arkan Palm Developments,,,,arkanpalm.com,,,6.0,6.0,,,,,,,,"West Cairo mixed-use developer; 205 Towers construction awarded to CCC and Badreldin in Sept 2024 (official site). Broker sites describe it as a Badreldin company; not confirmed by the official page, so parent_group left blank. Statistics widget on site shows zeros.",True,2026-09-22,S5-050
DEV113,Biography Developments,Biography (formerly Attal Properties),,Cairo,elattal.com,,El Attal Holding,4.0,3.0,500.0,2026.0,,,,,"About 500 units delivered at Park Lane New Capital (90% built) by Apr 2026; 65 units at 101 targeted for end-2026; Bay Side first deliveries Q1 2027; West Leaves phase one March 2028 (Zawya, Apr 2026).","Real estate arm of El Attal Holding, rebranded from Attal Properties to Biography; planning a EGP 2.2bn real estate fund (June 2026). elattal.com loaded with no readable project content.",True,2026-09-22,S5-051|S5-052
DEV120,Dar Al Alamia Developments,Dar Al Alamia Real Estate Development,2010.0,New Cairo,daralalamia.com,,"Dar Al Alamia Holding (Al Alamia furniture, founded 1971)",2.0,2.0,,,,,,,,"Group started as Al Alamia furniture in 1971; construction arm 2010 built Galala University colleges and New Capital government buildings (contracting, not development). founded_year is the construction and development arm. The government blog profile lists generic project names not found elsewhere; not used.",True,2026-09-22,S5-053|S5-054|S5-055
DEV130,Empire State Developments,,,New Cairo,empirestate.com.eg,,"Empire Group (Empire Furniture, 2001)",3.0,2.0,,,,,,,El Centro in the New Capital is operating (Daily News Egypt 2024); a 473-unit coastal resort was 30% built in Aug 2024.,Plans EGP 17bn of investment including New Zayed and New Sphinx (West Cairo) and a Saudi partnership; chairperson Mostafa Mohsen.,True,2026-09-22,S5-056|S5-057
DEV136,HHD,Heliopolis Company for Housing and Development,1905.0,Cairo (Heliopolis),,HELI,,3.0,3.0,,,3064.1,,,,"Historically a land monetiser: sold Heliopark (7.12m sqm) to NOSI for EGP 15bn in Q4 2023 and signed revenue-share deals with SODIC, Mg Developments and Middle East for Investment on New Heliopolis plots (HC Securities 2024).","Identified HHD as Heliopolis Company for Housing and Development (Zawya headline uses HHD). Land bank 12.4m sqm remaining in New Heliopolis City as of Mar 2024 converted to acres; New Heliopolis total 5,400+ feddans; self-development of 600 feddans; 766 feddans in Hadayek Al-Asima announced 2025. Founded 1905 by Baron Empain.",True,2026-09-22,S5-058|S5-059
DEV142,IGI Developments,,1994.0,Cairo,igi-developments.com,,International Group for Investments (established 1942),7.0,,,,617.8,,,,"Projects house over 40,000 families/people (Daily News Egypt 2025; Zawya 2026).","Claims Egypt's first gated communities in 6th of October (Gardenia, 1994). Land portfolio 2.5 million sqm converted to acres (Zawya 2026). Offered a 30% buyback guarantee in Aug 2025. Partner with Kulture on Patterns (New Cairo) and a West Cairo mixed-use project (EGP 5bn, construction from Nov 2026).",True,2026-09-22,S5-060|S5-061|S5-062
DEV148,JUZUR Developments,,,New Cairo (Cairo Business Park),juzur-eg.com,,,2.0,2.0,,,,,,,,"Start-up developer backed by local and international investors; portfolio investments nearly EGP 13bn (Arab Finance, May 2026); CEO Hossam Reda.",True,2026-09-22,S5-063|S5-064
DEV154,Kulture Developments,,2024.0,,,,,3.0,2.0,0.0,,,,,,New developer (2024); no deliveries yet.,"CEO Mohamed Abdelhamid; chairman Ahmad Mohamed Alaawad. Maliv (60 acres, Sixth Settlement) is reported only by Invest-Gate and brokers, so it is listed without area.",True,2026-09-22,S5-062
DEV160,METRA Developments,,,,,,,16.0,,300.0,2026.0,,,,,"15 completed projects with more than 300 units delivered and EGP 750m invested (Daily News Egypt, Sept 2026).",Contractor-developer with 15+ years of activity. Only Liwan Residence is named in sources; the 15 earlier projects are unnamed. units_delivered is a lower bound.,True,2026-09-22,S5-065
DEV167,Margins Developments,Margins Corporation for Development and Project Management,2020.0,New Cairo,marginsdevelopments.com,,,4.0,4.0,,,,,,H1 2024 sales EGP 2.2bn (Daily News Egypt).,Official site labels Zia Business Complex under construction.,"Partnership of two businessmen with a contracting track record (~130 projects incl. 22 public schools); 2024 investments over EGP 12bn; Minor Hotels partnership (Oaks, Sheraton-branded residences).",True,2026-09-22,S5-066|S5-067
DEV174,Mercon Developments,,2019.0,New Cairo,mercondevelopments.com,,,8.0,5.0,840.0,,,,,,Official site claims 840+ units delivered and 70+ projects (including contracting work).,Contractor background with 15+ years; worked with China State Construction on New Capital projects. units_delivered is a lower bound; year not stated.,True,2026-09-22,S5-068
DEV183,New City Developments,New City Housing and Development (formerly Orascom Housing Communities),,,,,GB Capital and a UK investment fund (acquired Dec 2020 from Orascom Development Egypt),2.0,1.0,,,,,,,Zawya Projects headline: Eco West delivery to start in 2024.,Acquired for EGP 128.6m in Dec 2020 by GB Capital (Raouf Ghabbour) and a UK fund; capital raised to EGP 365m. Targets middle-income buyers.,True,2026-09-22,S5-069|S5-070|S5-071
DEV190,Palmier Developments,,,,palmierdevelopments.com,,,7.0,7.0,,,,,,,,All seven listed projects are in New Zayed (official site); chairperson Mohamed El-Hag; VERT with partners Melee Developments and Queens Clinics.,True,2026-09-22,S5-072|S5-073
DEV197,Qurtuba Developments,,2019.0,,qurtuba.com.eg,,,7.0,3.0,4000.0,,,,,,"Official site claims 50+ projects and 4,000+ residential units delivered, mostly in New Damietta; Levora Residence (New Damietta) delivered July 2023.",Chairperson Mohamed Omar; core delivery standard is core and shell. units_delivered is a lower bound; year not stated.,True,2026-09-22,S5-074|S5-075|S5-076
DEV205,Saudi Group Developments,,,,saudigroupdev.com,,Saudi-Egyptian partnership,1.0,1.0,,,,,,,,"Chairman Yahya bin Ahmed Al-Ansari, CEO Bashar Mohamed Abu Hamar; site claims 37+ years combined experience and SAR 1.23bn project value across Saudi Arabia and Egypt. Only Valea is named in Egypt. Not the same company as Saudi Egyptian Developers (DEV047).",True,2026-09-22,S5-077|S5-078
DEV211,Special Group,Special Group for Trade and Investment,,,,,,1.0,1.0,0.0,,,,,,First real estate development (2025); contractor background in construction and infrastructure.,Chairperson Mohamed Asaad; sales and marketing managed by Mint Real Estate Asset Management.,True,2026-09-22,S5-079
DEV218,The MarQ Communities,,2019.0,New Cairo,themarqcommunities.com,,,5.0,5.0,,,1300.0,6.0,2024.0,,"First units at The MarQ Gardens handed over by March 2025, completion targeted end-2025; The Water MarQ completion expected 2025 (Daily News Egypt).","2025 sales target EGP 25bn and EGP 8bn construction spend; chairperson and CEO Amr Badr. Land portfolio over 1,300 acres (official site).",True,2026-09-22,S5-080|S5-081
DEV226,VRE Developments,Value Real Estate Development,,New Cairo,valuedevelopments.com.eg,,,7.0,7.0,,,,,,,"Delivered more than 10 projects across New Cairo, Shorouk and Zahraa Al Maadi (Zawya, Apr 2026).",Rebranded from Value Developments to VRE Developments in 2026; mostly commercial malls and administrative projects; official site claims 25 years of activity.,True,2026-09-22,S5-082|S5-083
DEV233,Zhour Developments,,,,,,,1.0,1.0,,,,,,,,Chairperson Tarek Nasr El-Din. Only FioRI found in allowed sources.,True,2026-09-22,S5-084
DEV257,Just Development,,,,,,,1.0,1.0,,,,,,,,"Zawya: private firm chaired by Osama Gomaa, planning an EGP 1bn mixed-use project (offices, retail, serviced apartments) in the New Capital with construction from 2026. A site justrealestates.com (JUST Developments: shareholding company est. 2020, EGP 200m capital, Albania towers) may or may not be the same firm; not used for data.",False,2026-09-22,S5-085|S5-086
DEV266,Prime Hills Developments,,,,,,,1.0,1.0,,,,,,,,Chairperson Gomaa Marouf; evaluating West Cairo and North Coast expansion.,False,2026-09-22,S5-087
DEV278,Wealth Holding,,,,wealthholding-eg.com,,"Group of seven companies (construction, urban development, real estate)",5.0,2.0,,,,,,,,"23 years in construction and development; EGP 27bn+ invested since inception incl. projects in Qatar, UAE, Turkiye and Kazakhstan; chairperson Sohair Koriem. Official site returned no readable content. Wealth Plus Developments (VERS, New Cairo) not confirmed as related; excluded.",False,2026-09-22,S5-088|S5-089
DEV006,Emaar Misr,Emaar Misr for Development S.A.E.,,,emaarmisr.com,EMFD,Emaar Properties,8.0,5.0,,,,49.0,2024.0,"The Board Consulting via Daily News Egypt: 7th in FY2024 (EGP 49bn); 3rd in 9M 2025 (EGP 174bn, up from EGP 44bn); 4th in Q1 2026 (EGP 35.6bn); 4th in H1 2026 (EGP 60.9bn)",Press reports Belle Vie unit deliveries commenced in 2025-2026 and continue through end of 2026; construction of Mivida Gardens began less than four months after launch (Oct 2025),9M 2025 consolidated net profit EGP 4.29bn vs EGP 10.34bn in 9M 2024; revenue EGP 14.58bn; total assets EGP 179.67bn. emaarmisr.com not fetched (forbidden by brief),True,2026-09-22,S6-001|S6-002|S6-003|S6-004|S6-005|S6-006|S6-007
DEV012,Tatweer Misr,,2014.0,,tatweermisr.com,,,6.0,2.0,5000.0,2024.0,1828.6,33.0,2024.0,The Board Consulting via Daily News Egypt: 3rd in Q1 2026 (EGP 43.8bn); 6th in H1 2026 (EGP 50.5bn),"Cumulative 5,000 units delivered by end-2024, 1,400 of them in 2024; 500 units delivered in Q1 2025; target of 2,000 deliveries in 2025","2024 was first profitable year since 2014 founding (net profit EGP 1.7bn). Land bank 7,400,000 sqm converted to acres (1 acre = 4,046.86 sqm). H1 2024 sales EGP 21bn, 75% from foreign investors",True,2026-09-22,S6-003|S6-005|S6-008|S6-009|S6-010|S6-011
DEV018,Madaar Developments,,2015.0,,madaar.com,,Partnership with Sunrise Group,3.0,1.0,,,1038.0,,,,"Website states 3,400+ happy residents after 10 years; Azha Ras El Hekma phase 1 sold out in 48 hours","Cumulative sales about EGP 40bn (Azha Ain Sokhna plus Azha Ras El Hekma). Land bank: website says 1,000 feddans (converted at 1.038 acres per feddan); Daily News Egypt says 1,000+ acres",True,2026-09-22,S6-012|S6-013|S6-014
DEV024,NEWGIZA,,,,newgiza.com,,Qatari Diar (lists NEWGIZA as its project),1.0,1.0,,,1500.0,,,,"Qatari Diar reports phases 1-3 completed, remainder partially completed","Single 1,500-acre master-planned community in 6th of October with 11 neighbourhoods; nearly 90% of land for open spaces and streets",True,2026-09-22,S6-015|S6-016|S6-017
DEV030,Maven Developments,,,,,,RiverWards Group (US),2.0,0.0,,,,,,,,Sister company of US-based RiverWards Group; first Egypt project Baymount launched 2020; second project Cali Coast launched June 2021,True,2026-09-22,S6-018|S6-019
DEV036,Housing and Development Properties,Housing and Development Properties (HDP),,,hdp.com.eg,,,,,,,,,,,,"hdp.com.eg renders an empty page (JavaScript-only, no content even in Chrome). Parent (Housing and Development Bank) not confirmed by a fetched source, left blank. Government blog project list is uncorroborated",True,2026-09-22,S6-020|S6-021
DEV042,Mabany Edris,,,Sheikh Zayed,mabanyedris.com,,,10.0,,,,,,,,Website marks Green 6 phase 1 as delivered; Koun phase 1 30% complete in May 2025 with delivery expected 2027; 2025 target of at least 300 units delivered,"Over 25 years of experience, began as construction and engineering firm (Daily News Egypt 2025); CEO Mohamed Idris; planned EGP 2bn investment in 2025",True,2026-09-22,S6-022|S6-023
DEV048,G Developments,,,,thegdevelopments.com,,,6.0,2.0,,,,77.0,2024.0,The Board Consulting via Daily News Egypt: 4th in FY2024 (EGP 77bn); 8th in 9M 2025 as G Developments (Art Life) (EGP 45bn); 8th in H1 2026 (EGP 30bn),,"Official site lists New Kairo (Al Shorouk City), Seashell Ras El Hekma, Playa Ras El Hekma, Playa, Seashell; ranking reports it as G Developments (Art Life). Relationship to NEWGIZA (DEV024) not confirmed by a primary source",True,2026-09-22,S6-001|S6-003|S6-004|S6-024|S6-025
DEV054,ARCO Developments,,2005.0,,,,,,,,,,,,,,Founders Sheikh Fahd Al-Shoubakshi and Abdel-Rahman Al-Sharbtly; portfolio value over EGP 5bn per government blog (uncorroborated),True,2026-09-22,S6-027
DEV060,TBK Developments,,,New Cairo,tbkdevelopments.com,,Tabarak Holding,5.0,5.0,,,988.4,,,,,"Chair Ali Al Shorbany; EGP 180bn total investment announced May 2025 including an 800-feddan plot near Sphinx International Airport (EGP 136bn, planned with HHCP). Land bank over 4 million sqm per website, converted to acres (1 acre = 4,046.86 sqm)",True,2026-09-22,S6-028|S6-029
DEV066,Amaken Development,,,Cairo,amakendevelopment.com,,,9.0,5.0,,,,,,,,"Website says founded over 18 years ago by a real estate investor. Separate Al Amaken Developments (Genista Zayed, Genista New Zayed, Rouh Zayed per trade press) may be a different company; not merged",True,2026-09-22,S6-030
DEV072,Beta Developments,,1993.0,Cairo,betadevelopments.com,,,7.0,,,,,,,,,Founder Eng. Alaa Fikry; HQ Heliopolis. Website gives project names only,True,2026-09-22,S6-032|S6-033
DEV078,El Attal Holding,,,,elattal.com,,,4.0,3.0,,,,,,,,Over 80 years of experience (2026 press); real estate subsidiary Attal Properties rebranded to Biography in March 2026; chairman Eng. Ahmed El Attal. elattal.com returned no readable content,True,2026-09-22,S6-034|S6-035
DEV090,ARDIC Developments,ARDIC (joint-stock company),1998.0,Cairo,ardic-developments.com,,,6.0,6.0,,,,,,,"Delivered first phase (30 acres) of Zizinia El Mostakbal, scheduled Q3 2024 per May 2024 press","Chairman Dr. Samir Aref; CEO Tamer El Akkad; board includes Misr Life Insurance, ADCB and Faisal Islamic Bank; 3,500+ clients; acquiring new East Cairo plot with NUCA (Nov 2025)",True,2026-09-22,S6-036|S6-037|S6-038
DEV097,Al Naser Developments,,,New Administrative Capital,alnaserdevelopments.com,,,4.0,4.0,,,,,,,Press and website: among the first developers to present a completed project in the New Administrative Capital (Golden Tower 1),"30+ years in the Gulf and Egypt, 150+ projects executed worth over USD 2bn (mostly contracting); Radisson to manage hotel in its fourth Egypt project (third in New Capital), Aug 2026",True,2026-09-22,S6-039|S6-040
DEV107,Arkania Developments,,,,,,,5.0,1.0,,,,,,,,"Chair Ashraf Mostafa; total investments about EGP 9.4bn by end-2025; mainly New Mansoura / Delta, first New Cairo project REFAD (2026)",True,2026-09-22,S6-041
DEV114,Brevan Developments,,,,,,,1.0,1.0,,,,,,,,Founding partners Saber Zahran and Ibrahim Abdel-Azim; CEO Saeed Sakr; Lake House phase 2 targets over EGP 1bn in sales,True,2026-09-22,S6-042
DEV122,Dubai Development,,,,,,,2.0,2.0,,,,,,,,"Reported by Zawya as Egypt-based Dubai Developments, active in the New Administrative Capital (Capital Dubai Mall 60% complete at time of article)",True,2026-09-22,S6-043
DEV131,Everestview Development,,2004.0,Sheikh Zayed,everestview.net,,,11.0,,,,,,,,"Two West Cairo projects delivered, Montania Gardens under construction (Aug 2026 press); website claims thousands of units delivered",Entered West Cairo in 2021; plans North Coast tourism project,True,2026-09-22,S6-044|S6-045
DEV137,HIG Development,,,,,,,5.0,,,,,,,,,"Portfolio nearly EGP 10bn; previously developed Centro Mall, Parco Mall, Casa Mall and Strip Mall (locations not stated); Barah Residence is first residential project",True,2026-09-22,S6-046
DEV143,Illume Societies,,,,,,,1.0,1.0,,,,,,,,"Chair Mohamed Gomaa; first project Illume Residence (2026); plans 4-5 more projects in New Cairo, Sheikh Zayed and 6th of October",True,2026-09-22,S6-047
DEV149,Jadeer Developments,,,New Cairo,jadeergroup.com,,,8.0,8.0,,,,,,,,"Chair Mahmoud Abou El Kheir; press cites 110+ projects across New Cairo and Sheikh Zayed; ongoing OBEX, CODE, Garnet and RED G with deliveries through 2030",True,2026-09-22,S6-048|S6-049|S6-050
DEV155,LMD,Landmark Real Estate Development,,,,,,8.0,7.0,,,,,,,Completed construction of ONE NINETY Business Quarter phase 1 with handover underway (March 2025),Founder and CEO Amr Sultan; W Hotels brand debut in Africa at ONE NINETY with Marriott; tenants include Arab African International Bank and PwC,True,2026-09-22,S6-051|S6-052|S6-053
DEV162,MIDAR,MIDAR for Investment and Urban Development,,Cairo,,,,2.0,2.0,,,,,,,,"Master developer of Mostakbal City and Mada in New Cairo; June 2026 revenue-sharing deal with Majid Al Futtaim for a 2.3 sq km community in Mada (USD 3.1bn+, about 6,000 units in phase 1); MIDAR expects EGP 40bn+ future revenues",True,2026-09-22,S6-054
DEV168,Marquee Developments,,,,marquee-developments.com,,,1.0,1.0,,,,,,,,"Egyptian-European investment; CEO Mohamed Amer; founders previously executed projects in Nasr City, Heliopolis and Hurghada; Shababeek (Dec 2024) is first project",True,2026-09-22,S6-055
DEV175,Methaq Arab Group,Methaq Arab Group (MAG),,,mag.com.eg,,,2.0,2.0,,,,,,,,Emirati and Saudi-Egyptian capital; Chair Sheikh Abdullah Al-Amoudi; 25+ completed projects in Abu Dhabi; first Egypt project announced Aug 2025 (EGP 60bn East Cairo mixed-use); targets EGP 3bn contracted sales by end-2026,True,2026-09-22,S6-056|S6-057
DEV184,New Event Developments,,,New Cairo,neweventdev.com,,,5.0,5.0,,,,,,,,Active in Egypt and Saudi Arabia; early investor in New Capital; LAYAL is its fourth New Capital project,True,2026-09-22,S6-058|S6-059
DEV191,Polaris Homes,,,,,,Polaris Parks (Turkish industrial park developer),2.0,2.0,,,,,,,,"Residential arm launched June 2026; parent has 20 years in Egypt, USD 560m direct investment attracted and 10m+ sqm of industrial parks; MD Osman Evren Arikan",True,2026-09-22,S6-060
DEV198,Ramtan Developments,Ramatan Developments,2020.0,New Cairo,ramatanco.com,,Econ Constructions,2.0,2.0,,,,,,,Government platform (Feb 2025) gave expected delivery Dec 2025 for Ramtan units; NBE marketing ready-to-move fully finished units (July 2026),NBE Investment Trustees Department markets fully finished units with up to 10-year plans (July 2026),True,2026-09-22,S6-061|S6-062|S6-063
DEV206,Sckylers Developments,,,,,,,1.0,1.0,2500.0,,,,,,"Press: more than 2,500 units delivered to date (as contractor/developer in Egypt and Germany)",25+ years in contracting and development; OC (Sept 2025) is first own-brand project in Egypt; AXA insurance cover for clients,True,2026-09-22,S6-064
DEV212,Squares Developments,,,,squaresdev.com,,,3.0,3.0,,,,,,,,Sage Lakes is its third project; portfolio EGP 15bn targeted to rise to EGP 22bn; planning North Coast launch. Names of first two projects not found in fetched sources,True,2026-09-22,S6-065
DEV219,Times Developments,,,,times.com.eg,,,2.0,2.0,,,,,,,Aster phase 1 (about 450 units) expected to be delivered by end of 2026; self-financed EGP 30bn construction over two years,"Chair Ahmed El Sergany; evaluating land in West Cairo, Red Sea and North Coast",True,2026-09-22,S6-066
DEV228,Winvestor Developments,,2021.0,,,,Joint Egyptian-Saudi investment platform,3.0,3.0,,,,,,,I Sheraton about 80% complete with phased delivery from June 2026 (April 2026 press),Egyptian-Saudi platform; target EGP 25bn investments by 2030.,True,2026-09-22,S6-067|S6-068
DEV236,Al-Shennawy Group,,1980.0,,,,,3.0,,,,,,,,,"Mainly contractor and ready-mix concrete producer; real estate arm El Shennawy Development launched 2022. Possible link to Everestview (DEV131), whose chair is Eng. Mohamed Samir El Shenawy per search snippet, not verified",False,2026-09-22,S6-069
DEV259,MA Group,,,Sheikh Zayed,magroupegy.com,,,11.0,,,,,,,,,"Website lists 2 compounds, 7 malls, a Giza hotel and Civil Seven; no locations or dates given",True,2026-09-22,S6-070
DEV267,Radix Development,,2018.0,,radix-development.com,,Al-Salmanya Group,4.0,4.0,,,,,,,,Chairman and founder Salman Bin Khalil Al Sabaan; CEO Mohammed Salah,True,2026-09-22,S6-071
DEV279,Wealth Plus Developments,,,,,,,1.0,1.0,,,,,,,,"VERS Commercial Arena with Makyn Developments (May 2026); other malls (At Nine, Wingate) appear only on broker sites, not included",True,2026-09-22,S6-072
