project_id,developer_id,project_name_en,city,district,project_category,land_area_acres,launch_year,first_delivery_year,delivery_status,unit_types,finishing_levels,facilities,avg_price_per_m2_egp,price_type,price_date,starting_price_egp,payment_plan,notes,source_ids
DEV005-P01,DEV005,El Patio Oro,New Cairo,,residential,,,,unknown,,,,,,,,,,S5-001
DEV005-P02,DEV005,El Patio Town,New Cairo,,residential,,,,unknown,,,,,,,,,,S5-001
DEV005-P03,DEV005,La Vista 1,New Cairo,,residential,,,,unknown,,,,,,,,,,S5-001
DEV005-P04,DEV005,La Vista 2,New Cairo,,residential,,,,unknown,,,,,,,,,,S5-001
DEV005-P05,DEV005,La Vista 3,New Cairo,,residential,,,,unknown,,,,,,,,,,S5-001
DEV005-P06,DEV005,La Vista 4,New Cairo,,residential,,,,unknown,,,,,,,,,,S5-001
DEV005-P07,DEV005,La Vista 5,New Cairo,,residential,,,,unknown,,,,,,,,,,S5-001
DEV005-P08,DEV005,La Vista 6,New Cairo,,residential,,,,unknown,,,,,,,,,,S5-001
DEV005-P09,DEV005,La Vista 7,New Cairo,,residential,,,,unknown,,,,,,,,,,S5-001
DEV005-P10,DEV005,El Patio 1,New Cairo,,residential,,,,unknown,,,,,,,,,,S5-001
DEV005-P11,DEV005,El Patio 2,New Cairo,,residential,,,,unknown,,,,,,,,,,S5-001
DEV005-P12,DEV005,El Patio 3,New Cairo,,residential,,,,unknown,,,,,,,,,,S5-001
DEV005-P13,DEV005,El Patio 5,New Cairo,,residential,,,,unknown,,,,,,,,,,S5-001
DEV005-P14,DEV005,El Patio 5 East,New Cairo,,residential,,,,unknown,,,,,,,,,,S5-001
DEV005-P15,DEV005,El Patio 6,New Cairo,,residential,,,,unknown,,,,,,,,,,S5-001
DEV005-P16,DEV005,El Patio 7,New Cairo,,residential,,,,unknown,,,,,,,,,,S5-001
DEV005-P17,DEV005,El Patio Casa,New Cairo,,residential,,,,unknown,,,,,,,,,,S5-001
DEV005-P18,DEV005,El Patio Prime,New Cairo,,residential,,,,unknown,,,,,,,,,,S5-001
DEV005-P19,DEV005,El Patio Zahraa,New Cairo,,residential,,,,unknown,,,,,,,,,,S5-001
DEV005-P20,DEV005,La Vista City,New Administrative Capital,,mixed-use,,,,unknown,standalone villa|twin house|townhouse,,hospital|schools|sports club|swimming pools|clubhouse|landscape|security gates|gym|administrative zone,,,,,,Described as the developer's first mixed-use project; 16 parcels each with a clubhouse plus a main clubhouse.,S5-001|S5-003
DEV005-P21,DEV005,El Patio Jade,New Administrative Capital,,residential,,,,unknown,,,,,,,,,,S5-001
DEV005-P22,DEV005,El Patio Vera,6th of October,,residential,,,,unknown,,,,,,,,,,S5-001
DEV005-P23,DEV005,El Patio Sola,El Shorouk,,residential,,,,unknown,,,,,,,,,,S5-001
DEV005-P24,DEV005,Bay East,North Coast,,coastal/resort,,,,unknown,,,,,,,,,,S5-001
DEV005-P25,DEV005,La Vista Ras El Hikma,North Coast,Ras El Hekma,coastal/resort,,,,unknown,,,landscape|security gates|swimming pools|gym,,,,,,"Official page cites 1,100 m of beachfront.",S5-001|S5-004
DEV005-P26,DEV005,La Vista Bay,North Coast,,coastal/resort,,,,unknown,,,,,,,,,,S5-001
DEV005-P27,DEV005,La Vista Gardens,Ain Sokhna,,coastal/resort,,,,unknown,,,,,,,,,,S5-001
DEV005-P28,DEV005,La Vista Ray,Ain Sokhna,,coastal/resort,,,,unknown,,,,,,,,,,S5-001
DEV005-P29,DEV005,La Vista Topaz,Ain Sokhna,,coastal/resort,,,,unknown,,,,,,,,,,S5-001
DEV005-P30,DEV005,La Vista Cascada,,,coastal/resort,,,,unknown,,,,,,,,,Listed on official site without a destination; category unconfirmed.,S5-001
DEV011-P01,DEV011,Fifth Square,New Cairo,Fifth Settlement,mixed-use,164.0,2017,2020,partially delivered,apartment|townhouse|twin house|standalone villa|serviced apartment,fully finished,commercial area|mall|swimming pools|clubhouse|kids area|landscape,,,,,,"158 feddans converted to acres (1 feddan = 1.038 acres). 3,200 apartments in 218 buildings, 171 villas/townhouses/twin houses, 581 serviced hotel units; 370-store retail; EGP 23.5bn investment; 2,428 units delivered by 2025, completion mid-2026.",S5-007|S5-008|S5-009
DEV011-P02,DEV011,Mar Ville,New Sheikh Zayed,,residential,115.2,2023,,launched,,,,,,,,,111 feddans converted to acres (1 feddan = 1.038 acres).,S5-008
DEV011-P03,DEV011,Mar Bay,North Coast,Ras El Hekma,coastal/resort,664.3,2024,,launched,,,,,,,,,640 feddans converted to acres (1 feddan = 1.038 acres).,S5-008
DEV017-P01,DEV017,Village West,Sheikh Zayed,,residential,129.2,,,unknown,apartment|duplex|penthouse|standalone villa,,clubhouse|gym|swimming pools|kids area|clinics|mosque|commercial area,,,,,,"Official page: 522,653 sqm converted to acres; apartments and villas phases (Village West Villas has its own page).",S5-011|S5-014|S5-012
DEV017-P02,DEV017,Address East,New Cairo,,residential,60,,,unknown,apartment|twin house|duplex|standalone villa,fully finished,clubhouse|spa|landscape|commercial area,,,,,,"Over 1,700 fully finished units (official page).",S5-011|S5-013|S5-012
DEV017-P03,DEV017,The Address,Sheikh Zayed,,residential,,,,unknown,,,,,,,,,Listed on official site; Daily News Egypt names Address West in Sheikh Zayed; city inferred from that article.,S5-011|S5-012
DEV017-P04,DEV017,Zayed 2000,Sheikh Zayed,,residential,,,,delivered,,,,,,,,,First development in Sheikh Zayed (Dorra Holding site).,S5-010|S5-012
DEV017-P05,DEV017,Zayed Residence,Sheikh Zayed,,residential,,,,unknown,,,,,,,,,,S5-012
DEV017-P06,DEV017,Zayed Heights,Sheikh Zayed,,residential,,,,unknown,,,,,,,,,,S5-012
DEV017-P07,DEV017,Greens,Sheikh Zayed,,mixed-use,,,,unknown,,,,,,,,,Contains the Atrium retail hub.,S5-012
DEV017-P08,DEV017,Shorouk 2000,El Shorouk,,residential,155.7,,,unknown,,,,,,,,,"Gated community of 630,000 sqm converted to acres.",S5-010
DEV017-P09,DEV017,Capital Business Park,Sheikh Zayed,,administrative,,,,unknown,,,,,,,,,"35,000 sqm business park in West Cairo.",S5-011|S5-012
DEV017-P10,DEV017,The Courtyard,Sheikh Zayed,,commercial,,,,unknown,,,,,,,,,,S5-011|S5-012
DEV017-P11,DEV017,Diar El Rabwa,Sharm El Sheikh,,coastal/resort,,,,unknown,,,,,,,,,,S5-012
DEV017-P12,DEV017,Golden Beach,North Coast,,coastal/resort,,,,unknown,,,,,,,,,,S5-012
DEV017-P13,DEV017,Grand Sharm Resort,Sharm El Sheikh,,coastal/resort,,,2003,delivered,,,,,,,,,,S5-010
DEV023-P01,DEV023,Central Capital,Cairo,,mixed-use,,,,unknown,,,,,,,,,Official list shows city as Cairo only; status shown as operational.,S5-015
DEV023-P02,DEV023,Porto Marina,North Coast,El Alamein,coastal/resort,,,,delivered,,,,,,,,,,S5-015|S5-016
DEV023-P03,DEV023,Golf Porto Marina,North Coast,El Alamein,coastal/resort,,,,delivered,,,golf course,,,,,,,S5-015|S5-016
DEV023-P04,DEV023,Porto Marina Residence,North Coast,El Alamein,coastal/resort,,,,delivered,,,,,,,,,,S5-015
DEV023-P05,DEV023,Porto South Beach,Ain Sokhna,,coastal/resort,,,,delivered,,,,,,,,,Official list says coastal; location not stated on page.,S5-015
DEV023-P06,DEV023,Porto Sokhna,Ain Sokhna,,coastal/resort,,,,delivered,,,,,,,,,,S5-015|S5-016
DEV023-P07,DEV023,Porto Sharm,Sharm El Sheikh,,coastal/resort,,,,delivered,,,,,,,,,,S5-015|S5-016
DEV023-P08,DEV023,Porto Matrouh,Marsa Matrouh,,coastal/resort,,,,delivered,,,,,,,,,,S5-015
DEV023-P09,DEV023,Porto Said,Port Said,,mixed-use,,,,delivered,,,,,,,,,,S5-015
DEV023-P10,DEV023,Porto El Minya,Minya,,mixed-use,,,,delivered,,,,,,,,,,S5-015
DEV023-P11,DEV023,Porto Grande,North Coast,New Alamein,coastal/resort,,,,under construction,,,,,,,,,Location from broker coverage only; official site says new project under development.,S5-015
DEV029-P01,DEV029,Joulz,Sheikh Zayed,Cairo-Alexandria Desert Road km 21,residential,,,,partially delivered,,,,,,,,,570 units handed over by early 2025.,S5-018|S5-019
DEV029-P02,DEV029,Brix,Sheikh Zayed,Cairo-Alexandria Desert Road,residential,10.9,,,under construction,,,,,,,,,"44,000 m2 converted to acres; 190 units (official) vs 198 units (Daily News Egypt).",S5-018|S5-019
DEV029-P03,DEV029,Soleya,West Cairo,Cairo-Alexandria Desert Road km 23,residential,,,,delivered,,,,,,,,,172 units.,S5-018|S5-019
DEV029-P04,DEV029,West Hills,West Cairo,Cairo-Alexandria Desert Road km 2,residential,,,,delivered,,,,,,,,,98 units.,S5-018|S5-019
DEV029-P05,DEV029,Medipoint Sheikh Zayed,Sheikh Zayed,,commercial,,,,delivered,,,,,,,,,Medical and commercial complex.,S5-018|S5-019
DEV029-P06,DEV029,Fifty7,West Cairo,,residential,,,,unknown,,,,,,,,,57 premium residences.,S5-019
DEV029-P07,DEV029,G Cribs,El Gouna,,coastal/resort,6.2,,,delivered,,,,,,,,,"25,000 m2 converted to acres; 225 units.",S5-018|S5-019
DEV029-P08,DEV029,Jefaira,North Coast,Ras El Hekma (Alexandria road km 200),coastal/resort,667.2,,,under construction,standalone villa|twin house|townhouse|chalet|apartment|studio,,,,,,,"from 5% down payment, up to 10 years; delivery within four years of contract",2.7 million sqm converted to acres; EGP 5.2bn syndicated loan.,S5-018|S5-019|S5-020
DEV035-P01,DEV035,Cairo Festival City,New Cairo,North Investors Area,mixed-use,741.3,,,partially delivered,apartment|duplex|penthouse|twin house|standalone villa,fully finished,mall|schools|commercial area|gym|landscape|business district|automotive park,,,,,,"3 million sqm converted to acres; residential communities Oriana Villas (830,000 sqm, 600+ homes), Festival Living (delivered), Aura smart apartments (delivery stated for 2023).",S5-021|S5-022|S5-023
DEV041-P01,DEV041,New Cairo compound on North 90th Street,New Cairo,Fifth Settlement,residential,31.1,2020,,launched,,,,,,,,"up to 10 years (exhibition offer, 2020)",30 feddans converted to acres (1 feddan = 1.038 acres); EGP 5bn investment; project name not given in source.,S5-024
DEV041-P02,DEV041,Choueifat serviced apartments,New Cairo,,residential,,,,unknown,serviced apartment,furnished,,,,,,,120 hotel-managed serviced apartments of 60 to 500 sqm.,S5-024
DEV041-P03,DEV041,The Capital Way,New Administrative Capital,,residential,,,,unknown,,,,,,,,,,S5-024
DEV041-P04,DEV041,5A,,,mixed-use,,,,unknown,,,,,,,,,"Commercial, administrative and entertainment complex; city not stated.",S5-024
DEV041-P05,DEV041,Downtown,Port Said,,mixed-use,,,,unknown,,,,,,,,,,S5-024
DEV041-P06,DEV041,The Waterway North Coast,North Coast,,coastal/resort,,,,unknown,,,,,,,,,Permits being finalised in 2020.,S5-024
DEV041-P07,DEV041,W55,,,mixed-use,,,,unknown,,,,,,,,,Will contain a women's and children's hospital; construction from 2027; city not stated.,S5-025
DEV047-P01,DEV047,Tierra,New Cairo,Sixth Settlement,residential,,,,launched,,,,,,,,,,S5-026|S5-027
DEV047-P02,DEV047,Central,New Cairo,North and South Teseen intersection,mixed-use,21,2022,,unknown,,,underground parking|commercial area,,,,,"10% down payment, up to 6 years","EGP 10.3bn investment; source states 21 acres and 160,000 sqm (figures inconsistent, acres as stated); administrative units 114 to 490 sqm.",S5-026|S5-028
DEV047-P03,DEV047,Bleu Vert,New Administrative Capital,,residential,,,,under construction,,,,,,,,,,S5-026
DEV047-P04,DEV047,Khan Arabesque,Cairo,Downtown (New Fustat),commercial,,,,launched,,,,,,,,,,S5-026
DEV047-P05,DEV047,Arabesque,Cairo,Downtown,residential,,,,unknown,,,,,,,,,,S5-026
DEV047-P06,DEV047,Marina 8 (M8),North Coast,Marina,coastal/resort,,,,unknown,,,,,,,,,Sold out per official site.,S5-026
DEV047-P07,DEV047,M8 By The Lake,North Coast,Marina,coastal/resort,,,,launched,,,,,,,,,,S5-026
DEV047-P08,DEV047,IL-Latini,,,residential,,,,unknown,,,,,,,,,,S5-026
DEV047-P09,DEV047,Nile Pearl,,,residential,,,,unknown,,,,,,,,,,S5-026
DEV047-P10,DEV047,JAYD,,,residential,,,,unknown,,,,,,,,,Sold out per official site.,S5-026
DEV047-P11,DEV047,Sawary,,,residential,,,,unknown,,,,,,,,,Sold out per official site.,S5-026
DEV053-P01,DEV053,Katameya Creeks,New Cairo,near Katameya Heights,residential,45,,,unknown,standalone villa|apartment,,underground parking|clubhouse|commercial area|concierge,,,,,,,S5-029|S5-030
DEV053-P02,DEV053,URBN K,New Cairo,,commercial,,,,unknown,,,,,,,,,Office and retail park adjoining Katameya Creeks.,S5-029|S5-030
DEV053-P03,DEV053,Katameya Coast,North Coast,Alexandria-Matrouh Road km 180,coastal/resort,205,,,unknown,standalone villa|twin house|duplex|apartment|chalet,fully finished,private beach|hotel|beach club|kids area|swimming pools,,,,,,"715 m beachfront; 7 elevated platforms; unit categories Lux Villas, Stand Alone, Twinhouses, Duplexes, Condos (mapped to apartment), Cabanas (mapped to chalet).",S5-029|S5-031
DEV059-P01,DEV059,Scene 7,New Administrative Capital,,residential,,,,unknown,,,sports courts|landscape,,,,,,Promoted as Egypt's first sports compound.,S5-033
DEV059-P02,DEV059,Podia Tower,New Administrative Capital,,commercial,,,,unknown,,,,,,,,,,S5-033
DEV059-P03,DEV059,D.O.S.E,North Coast,Ras El Hekma,coastal/resort,129.8,,,unknown,serviced apartment|chalet|twin house,,private beach|lagoon|hotel|mall|clubhouse|kids area,,,,,,125 feddans converted to acres (1 feddan = 1.038 acres); EGP 8bn investment; about EGP 5bn sold by Sept 2023; 450 m seafront; voco hotel with 300 serviced units.,S5-032|S5-034
DEV065-P01,DEV065,JEERA,Sheikh Zayed,,residential,,,,unknown,,,,,,,,,,S5-035
DEV065-P02,DEV065,JEWAR,Sheikh Zayed,13th district,residential,,,,delivered,apartment,,bbq area|swimming pools|kids area|sports club|landscape,,,,,,"100% handed over, 87% occupied.",S5-035|S5-036
DEV065-P03,DEV065,JEDAR,6th of October,,residential,43.5,,,partially delivered,standalone villa|twin house|duplex|penthouse,,clubhouse|kids area|landscape|commercial area,,,,,,63% occupied; clubhouse under construction; 82% of land for services and landscape.,S5-035|S5-037
DEV065-P04,DEV065,JUBAIL,6th of October,"First Heights, 26th of July Corridor",residential,,,,unknown,,,commercial area|landscape,,,,,,,S5-035|S5-038
DEV065-P05,DEV065,ATRIO,Sheikh Zayed,El Nozha main street,residential,,,,partially delivered,standalone villa|twin house,fully finished,clubhouse|commercial area|landscape,,,,,,Flagship; 83% handed over; clubhouse under construction.,S5-035|S5-039
DEV065-P06,DEV065,ALMA,Sheikh Zayed,Downtown Sheikh Zayed,residential,28,,,partially delivered,townhouse|twin house|standalone villa,,clubhouse|commercial area|landscape,,,,,,"168 units; 71% handed over, 22% occupied; family houses mapped to townhouse.",S5-035|S5-040
DEV065-P07,DEV065,The Axis,6th of October,,residential,,,,unknown,,,,,,,,,,S5-035
DEV065-P08,DEV065,The Trine,,,commercial,,,,unknown,,,,,,,,,,S5-035
DEV065-P09,DEV065,Nine Yards,,,commercial,,,,unknown,,,,,,,,,,S5-035
DEV065-P10,DEV065,MAJADA,Ain Sokhna,Galala mountain,coastal/resort,101.9,,,unknown,standalone villa|twin house|townhouse|chalet,,clubhouse|beach club|commercial area|hotel|kids area,,,,,,"1,711 residential keys in 289 buildings; 600 m coastline.",S5-035|S5-041
DEV071-P01,DEV071,Lasirena North Coast,North Coast,,coastal/resort,,,,unknown,,,,,,,,,,S5-042
DEV071-P02,DEV071,Lasirena Bay,,,coastal/resort,,,,unknown,,,,,,,,,,S5-042
DEV071-P03,DEV071,Lavento Oyoun Mousa,,Oyoun Mousa,coastal/resort,,,,unknown,,,,,,,,,,S5-042
DEV071-P04,DEV071,Oyoun Mousa,,Oyoun Mousa,coastal/resort,,,,unknown,,,,,,,,,,S5-042
DEV071-P05,DEV071,Palm Beach,,,coastal/resort,,,,unknown,,,,,,,,,,S5-042
DEV071-P06,DEV071,Mini Egypt Resort,,,coastal/resort,,,,unknown,,,,,,,,,,S5-042
DEV071-P07,DEV071,Lasirena Zafrana,Zafarana,,coastal/resort,,,,unknown,,,,,,,,,,S5-042
DEV071-P08,DEV071,Cape Bay,Ain Sokhna,,coastal/resort,,,,unknown,,,,,,,,,,S5-042
DEV071-P09,DEV071,Canan Capital,,,commercial,,,,unknown,,,,,,,,,,S5-042
DEV077-P01,DEV077,ELM Tree,6th of October,"Northern expansions, Boulevard Axis",mixed-use,60.2,2025,,launched,apartment|duplex,,clubhouse|swimming pools|sports courts|kids area|landscape,,,,,,"58 feddans converted to acres (1 feddan = 1.038 acres), 32 feddans residential; EGP 10bn investment; 30,000 sqm park; 10,000 sqm clubhouse.",S5-043|S5-044
DEV077-P02,DEV077,ELM Tree Commercial Park (The Gate),6th of October,,commercial,,,,unknown,,,,,,,,,Part of ELM Tree destination per official site.,S5-043
DEV089-P01,DEV089,Aljar British District,New Cairo,"Suez Road, opposite Madinaty Open Air Mall",mixed-use,72.7,2025,,under construction,apartment|serviced apartment,,hotel|hospital|university|swimming pools|gym|spa|clubhouse|commercial area,,,,,"5% down payment, up to 7 years (10% launch discount)","Sept 2025 article says 70+ feddans (converted, 1 feddan = 1.038 acres); May 2025 article says 46 feddans. EGP 20bn investment; phase one about 1,200 units; handover within 3 years. City recorded as New Cairo for the East Cairo Suez Road location.",S5-046|S5-047
DEV089-P02,DEV089,Aljar Sheraton,Cairo,Sheraton,residential,,,,delivered,,,,,,,,,,S5-046
DEV089-P03,DEV089,Aljar Suez Road,Cairo,Suez Road,residential,,,,delivered,,,,,,,,,,S5-046
DEV089-P04,DEV089,Valori El Thawra,Cairo,El Thawra,residential,,,,delivered,,,,,,,,,,S5-046
DEV089-P05,DEV089,Valori Smouha,Alexandria,Smouha,residential,,,,delivered,,,,,,,,,,S5-046
DEV089-P06,DEV089,Valori Maamoura,Alexandria,Maamoura,residential,,,,delivered,,,,,,,,,,S5-046
DEV096-P01,DEV096,Regent's Square,New Cairo,Golden Square,residential,25,,,unknown,studio|apartment|duplex|serviced apartment,,,,,,,,"Official page: 25 acres (106,533 m2); 41 buildings, 802 residential units plus 56 hotel apartments; buildings cover 23% of land.",S5-048|S5-049
DEV096-P02,DEV096,Regent's Park,,,residential,,,,unknown,,,,,,,,,,S5-048
DEV096-P03,DEV096,Landmark,,,residential,,,,unknown,,,,,,,,,,S5-048
DEV096-P04,DEV096,Address Capital,,,residential,,,,unknown,,,,,,,,,,S5-048
DEV096-P05,DEV096,Address North,,,residential,,,,unknown,,,,,,,,,,S5-048
DEV096-P06,DEV096,Address South,,,residential,,,,unknown,,,,,,,,,,S5-048
DEV096-P07,DEV096,Regent's High Street,,,mixed-use,,,,unknown,,,,,,,,,,S5-048
DEV106-P01,DEV106,205,West Cairo,,mixed-use,,,,unknown,,,,,,,,,Official site: mixed-use financial district with Holiday Inn Express (first in Egypt).,S5-050
DEV106-P02,DEV106,205 Towers,West Cairo,,administrative,,,,under construction,,,,,,,,,"Construction awarded to CCC and Badreldin, Sept 2024.",S5-050
DEV106-P03,DEV106,ONE33,West Cairo,,residential,,,,unknown,,,,,,,,,,S5-050
DEV106-P04,DEV106,Canal Walk Residence,West Cairo,,residential,,,,unknown,,,,,,,,,,S5-050
DEV106-P05,DEV106,Arkan,West Cairo,,residential,,,,unknown,,,,,,,,,,S5-050
DEV106-P06,DEV106,Kayan,West Cairo,,residential,,,,unknown,,,,,,,,,,S5-050
DEV113-P01,DEV113,Park Lane New Capital,New Administrative Capital,,mixed-use,,,,partially delivered,,,,,,,,,90% built; about 500 units delivered; commercial component to start operating.,S5-051
DEV113-P02,DEV113,West Leaves,West Cairo,,mixed-use,,,2028,under construction,apartment|serviced apartment,,,,,,,,About 900 units incl. 200 serviced hospitality units; 30% built; phase one target March 2028; first_delivery_year is a target.,S5-051
DEV113-P03,DEV113,101,East Cairo,,residential,,,2026,under construction,,,,,,,,,20% complete; 65 units targeted by end-2026 (target year).,S5-051
DEV113-P04,DEV113,Bay Side,Ras Sedr,,coastal/resort,,,2027,under construction,,,,,,,,,First deliveries expected Q1 2027 (target).,S5-051
DEV120-P01,DEV120,Acasa,New Cairo,Katameya,residential,5.2,,,launched,,,,,,,,,5 feddans converted to acres (1 feddan = 1.038 acres); boutique community.,S5-053
DEV120-P02,DEV120,Acasa Alma,New Cairo,Sixth Settlement,residential,16.6,2025,,launched,townhouse|duplex|apartment,,clubhouse|swimming pools|sports club|landscape,,,,,,16 feddans converted to acres (1 feddan = 1.038 acres); EGP 7bn investment; delivery four years from launch.,S5-054
DEV130-P01,DEV130,El Centro,New Administrative Capital,Downtown,commercial,1.3,,,delivered,,,,,,,,,"5,241 m2 plot converted to acres; 14-level tower plus 3 parking levels; operating per 2024 press.",S5-056|S5-057
DEV130-P02,DEV130,Evet Mall,New Administrative Capital,,commercial,,,,unknown,,,,,,,,,,S5-056
DEV130-P03,DEV130,Upmount,Ras Sedr,,coastal/resort,,,,unknown,,,,,,,,,,S5-056
DEV136-P01,DEV136,New Heliopolis City,New Heliopolis,,mixed-use,,2025,,launched,,,,,,,,,"City of 5,400+ feddans; self-development on 600 feddans with first phase launch expected summer 2025; other plots developed with SODIC, Mg Developments and Middle East for Investment under revenue sharing.",S5-058|S5-059
DEV136-P02,DEV136,Hadayek Al-Asima development,Hadayek Al-Asima,East Cairo,mixed-use,795.1,,,unknown,,,,,,,,,766 feddans converted to acres (1 feddan = 1.038 acres); announced June 2025.,S5-058
DEV136-P03,DEV136,Heliopark,East Cairo,,residential,1759.4,,,unknown,,,,,,,,,"7.12m sqm plot converted to acres; sold to NOSI for EGP 15bn (EGP 2,107 per sqm of land) in Q4 2023; no longer developed by HHD.",S5-059
DEV142-P01,DEV142,Gardenia Park,6th of October,,residential,,,,delivered,,,,,,,,,City inferred from official statement that IGI's legacy began with Gardenia and it introduced the first gated communities in 6th of October.,S5-060|S5-061
DEV142-P02,DEV142,Gardenia Park II,,,residential,,,,unknown,,,,,,,,,,S5-060|S5-061
DEV142-P03,DEV142,Gardenia Springs,,,residential,,,,unknown,,,,,,,,,,S5-060|S5-061
DEV142-P04,DEV142,Al Ashgar,,,residential,,,,unknown,,,,,,,,,,S5-060|S5-061
DEV142-P05,DEV142,Ashgar Heights,,,residential,,,,unknown,apartment,,,,,,,,Phases Starla and Skada.,S5-060|S5-061
DEV142-P06,DEV142,Ashgar City,,,mixed-use,,,,unknown,,,,,,,,,,S5-060
DEV142-P07,DEV142,City Central,,,commercial,,,,unknown,,,,,,,,,,S5-060
DEV142-P08,DEV142,Patterns,New Cairo,Fifth Settlement (Golden Triangle),commercial,,,,launched,,,,,,,,,"Joint project with Kulture Developments; offices, clinics and retail; delivery within 3 years.",S5-062
DEV142-P09,DEV142,West Cairo mixed-use project (Dahshur Link),6th of October,Dahshur Link,mixed-use,,,,unknown,,,,,,,,,"With Kulture; EGP 5bn; construction from Nov 2026, operation Q3 2029.",S5-061|S5-062
DEV148-P01,DEV148,J East,New Cairo,near 90th Street,residential,,,,unknown,,,,,,,,,"Hotel-style services (housekeeping, concierge).",S5-063
DEV148-P02,DEV148,Neo,New Cairo,,commercial,4.7,,,under construction,,,,,,,,,"4.5 feddans converted to acres (1 feddan = 1.038 acres); retail, clinics and offices; about 30% sold at launch; construction began May 2026.",S5-063|S5-064
DEV154-P01,DEV154,Maliv,,,residential,,,,launched,,,,,,,,,Location not stated in the allowed source; broker and Invest-Gate coverage place it in New Cairo Sixth Settlement.,S5-062
DEV154-P02,DEV154,Patterns,New Cairo,Fifth Settlement (Golden Triangle),commercial,,,,launched,,,,,,,,,Joint project with IGI Developments.,S5-062
DEV154-P03,DEV154,Patterns West (Dahshur Link),6th of October,Dahshur Link,mixed-use,,,,unknown,,,,,,,,,"With IGI; EGP 5bn; construction from Nov 2026, operation Q3 2029.",S5-062
DEV160-P01,DEV160,Liwan Residence,West Cairo,"Green Belt, Al-Wahat Road",residential,5.2,2026,,launched,standalone villa|twin house,,kids area|landscape,,,,,,5 feddans converted to acres (1 feddan = 1.038 acres); units 266 to 349 sqm.,S5-065
DEV167-P01,DEV167,ZIA Business Complex,New Administrative Capital,,administrative,,2021,,unknown,,,,,,,,,"Commercial, medical and administrative; WELL certified; investment EGP 1.5bn (press) vs EGP 1bn (official site).",S5-066|S5-067
DEV167-P02,DEV167,Oaks Egypt,New Administrative Capital,,mixed-use,,2022,,under construction,serviced apartment,,,,,,,,Hotel with Minor Hotels; EGP 3.5bn investment.,S5-066|S5-067
DEV167-P03,DEV167,Sheraton Residence,Mostakbal City,,residential,36.3,2024,,launched,serviced apartment,,,,,,,,35 feddans converted to acres (1 feddan = 1.038 acres); 190 residential units; 18% building coverage; EGP 15bn investment.,S5-066|S5-067
DEV167-P04,DEV167,Lusail Residence,,,residential,,,,unknown,,,,,,,,,,S5-067
DEV174-P01,DEV174,Nurai,New Cairo,"Lotus, Fifth Settlement",mixed-use,17.3,,,unknown,,,,,,,,,"70,000 m2 converted to acres; 400+ units.",S5-068
DEV174-P02,DEV174,VX Golden Square,New Cairo,Golden Square,mixed-use,,,,unknown,,,,,,,,,,S5-068
DEV174-P03,DEV174,VX N90,New Cairo,North 90th Street,commercial,,,,unknown,,,,,,,,,,S5-068
DEV174-P04,DEV174,Riverton,New Cairo,,residential,,,,launched,,,,,,,,,,S5-068
DEV174-P05,DEV174,Pavo Tower,New Administrative Capital,,commercial,,,,unknown,,,,,,,,,"16 floors, 600 units; site cites EGP 2bn sales.",S5-068
DEV174-P06,DEV174,Marsa,North Coast,,coastal/resort,,,,launched,,,,,,,,,,S5-068
DEV174-P07,DEV174,Dayz,North Coast,,coastal/resort,,,,unknown,,,,,,,,,,S5-068
DEV174-P08,DEV174,Memar Mekkah,,,residential,,,,unknown,,,,,,,,,,S5-068
DEV183-P01,DEV183,ECO West,6th of October,,mixed-use,120,2021,2024,under construction,apartment,,schools|sports club|gym|landscape,,press_reported,2021-03-09,800000,,"Egyptian Gazette: 120 acres, 20% built; Daily News Egypt describes 120 feddans. 3,800 units; EGP 2.5bn; starting price for an 80 sqm unit. first_delivery_year is the announced start.",S5-069|S5-070|S5-071
DEV183-P02,DEV183,Qena Gardens,Qena,,residential,207.6,,,under construction,,,,,,,,,"200 feddans converted to acres (1 feddan = 1.038 acres), four phases; 30 feddans underway in 2021.",S5-069
DEV190-P01,DEV190,VERT,New Zayed,,mixed-use,31.1,2025,,launched,standalone villa|twin house,,medical center|commercial area,,,,,,"30 feddans (about 126,000 sqm) converted to acres (1 feddan = 1.038 acres); 213 units; 15% commercial and services.",S5-072|S5-073
DEV190-P02,DEV190,Zayard Villa,New Zayed,,residential,,,,unknown,,,,,,,,,,S5-072
DEV190-P03,DEV190,Zayard Elite,New Zayed,,residential,,,,unknown,,,,,,,,,,S5-072
DEV190-P04,DEV190,Zayard Residence,New Zayed,,residential,,,,unknown,,,,,,,,,,S5-072
DEV190-P05,DEV190,Zayard Avenue,New Zayed,,residential,,,,unknown,,,,,,,,,,S5-072
DEV190-P06,DEV190,Zayard Trio,New Zayed,,residential,,,,unknown,,,,,,,,,,S5-072
DEV190-P07,DEV190,Zayard North Strike,New Zayed,,residential,,,,unknown,,,,,,,,,,S5-072
DEV197-P01,DEV197,NUZUL Family Residential,New Administrative Capital,,residential,,,,launched,,core and shell,,,,,,,,S5-074|S5-076
DEV197-P02,DEV197,HAVA,New Administrative Capital,R8,residential,,,,launched,,,,,,,,,,S5-074
DEV197-P03,DEV197,Nuzul Tower,New Administrative Capital,,mixed-use,,2025,,under construction,serviced apartment,,hotel|commercial area|underground parking,,,,,,15 floors plus 3 parking levels; EGP 3bn+; hotel by TIME Hotels.,S5-074|S5-075
DEV197-P04,DEV197,1BC (One Business Center),New Mansoura,,administrative,,,,unknown,,,,,,,,,,S5-074|S5-075
DEV197-P05,DEV197,Levora Residence,New Damietta,,residential,,,2023,delivered,,,,,,,,,,S5-074
DEV197-P06,DEV197,Nuzul Hotel and Residence,New Alamein,,coastal/resort,,,,under construction,,,,,,,,,,S5-074
DEV197-P07,DEV197,Nuzul Hotel Apartments,New Damietta,,residential,,,,under construction,serviced apartment,,,,,,,,,S5-074
DEV205-P01,DEV205,Valea,Sheikh Zayed,,mixed-use,,2025,,launched,apartment|penthouse,,mall|landscape,,,,,,EGP 3bn investment; mall on Cairo-Alexandria Desert Road; car-free interior.,S5-077|S5-078
DEV211-P01,DEV211,40 Square,New Administrative Capital,Residential Investors District,residential,41.5,2025,2026,launched,apartment,,,,,,,,"40+ feddans converted to acres (1 feddan = 1.038 acres); about 1,477 units; EGP 7bn+; first phase completion scheduled 2026 (target).",S5-079
DEV218-P01,DEV218,The MarQ Gardens,New Cairo,,residential,26,,2025,partially delivered,standalone villa|townhouse,,,,,,,,"Official site 26 acres; Daily News Egypt says 26 feddans. 300+ villas (Signature, Town and Absolute villas mapped to standalone villa and townhouse).",S5-080|S5-081
DEV218-P02,DEV218,The Water MarQ,New Cairo,,residential,20,,,under construction,standalone villa|townhouse,,lagoon,,,,,,,S5-080|S5-081
DEV218-P03,DEV218,The MarQ Ville,Mostakbal City,,residential,,,,unknown,standalone villa|townhouse,,,,,,,,Official site shows 34-50 acres (range as displayed); area left blank.,S5-080
DEV218-P04,DEV218,The Wonder MarQ,Mostakbal City,,residential,250,,,unknown,standalone villa,,,,,,,,"Sub-districts Streams, Lakes and Forest.",S5-080
DEV218-P05,DEV218,Marquette,Mostakbal City,,commercial,,,,unknown,,,,,,,,,,S5-080|S5-081
DEV226-P01,DEV226,V Terrace,New Cairo,Fifth Settlement,residential,,,,unknown,,,,,,,,,,S5-082
DEV226-P02,DEV226,The Square,El Shorouk,,commercial,,,,unknown,,,,,,,,,,S5-082
DEV226-P03,DEV226,Town Center,El Shorouk,,commercial,,,,delivered,,,,,,,,,,S5-082|S5-083
DEV226-P04,DEV226,Town Center 2,El Shorouk,,commercial,,2026,,launched,,,,,,,,"from 10% down payment, up to 100 months","Commercial, administrative and medical units.",S5-083
DEV226-P05,DEV226,Value Mall 1,El Shorouk,,commercial,,,,unknown,,,,,,,,,,S5-082
DEV226-P06,DEV226,Value Mall 2,New Cairo,Fifth Settlement,commercial,,,,unknown,,,,,,,,,,S5-082
DEV226-P07,DEV226,Maadi V,Cairo,Zahraa Al Maadi,mixed-use,,,,unknown,,,,,,,,,,S5-082
DEV233-P01,DEV233,FioRI,West Cairo,Middle Ring Road near Al Wahat and Fayoum roads,mixed-use,57.1,2026,,launched,apartment,semi-finished,commercial area|clubhouse|landscape|parking,18000,press_reported,2026-04-26,,"10% down payment, up to 10 years","55 feddans converted to acres (1 feddan = 1.038 acres). Price: launch-offer level of about EGP 18,000 per sqm; base list range EGP 24,000-30,000 per sqm. Phase one 25-30 buildings, about 850 units of 70-182 sqm, delivery within 24 months; EGP 10bn+.",S5-084
DEV257-P01,DEV257,New Capital mixed-use project (unnamed),New Administrative Capital,,mixed-use,,,,unknown,serviced apartment,,,,,,,,"About EGP 1bn; offices, retail and serviced apartments; construction from 2026.",S5-085
DEV266-P01,DEV266,Prime Plaza Mall October,6th of October,"Central Axis, near Monorail station",mixed-use,1.4,2026,,launched,serviced apartment,,,,,,,,"5,520 sqm converted to acres; ground plus six floors; hospitality suites, retail, clinics, offices; units from 24 sqm; EGP 2.5bn; delivery within 36 months of launch.",S5-087
DEV278-P01,DEV278,Jeval Business Complex,New Administrative Capital,Downtown,mixed-use,0.9,,,under construction,serviced apartment,,,,,,,,"3,600 sqm converted to acres; 12 floors; retail, offices and hotel apartments managed by Retaj.",S5-089
DEV278-P02,DEV278,Garden Hills October,6th of October,,residential,,,,unknown,,,,,,,,,,S5-089
DEV278-P03,DEV278,Al Safwa Hospital,,,commercial,,,,unknown,,,,,,,,,,S5-089
DEV278-P04,DEV278,Olympic City,,Al Sokhna Road,residential,,,,unknown,,,,,,,,,Source gives Al Sokhna Road only.,S5-089
DEV278-P05,DEV278,New Ismailia City redevelopment,Ismailia,,mixed-use,,,,unknown,,,,,,,,,,S5-089
