developer_id,name_en,aliases_en,website,egx_ticker,verified
DEV004,SODIC,Sixth of October Development and Investment|Six of October Development & Investment,sodic.com,OCDI,True
DEV010,Al Ahly Sabbour,Al Ahly Sabbour Developments|Sabbour,alahlysabbour.com,,True
DEV016,Marakez,,marakez.net,,True
DEV022,PRE Group,PRE Developments|Pioneers Real Estate,,PRDC,True
DEV028,Kronberg,,,,False
DEV034,Wadi Degla Developments,,wadidegladevelopments.com,,True
DEV040,Misr Italia Properties,,misritaliaproperties.com,,True
DEV046,Tabarak Developments,Tabarak Holding,tabarakholding.com,,True
DEV052,Capital Group Properties,CGP,capitalgroupproperties.com,,True
DEV058,Voya Developments,,,,True
DEV064,Gates Developments,,gatesdevelopments.com,,True
DEV070,EGYGAB,,,,False
DEV076,Symphony Developments,,,,False
DEV082,Levels Developments,,,,False
DEV088,AIG Developments,,,,True
DEV094,Aknan Developments,,,,True
DEV102,AlWaheed Developments,,,,True
DEV112,Better Home,,,,True
DEV119,Cred Developments,,,,True
DEV129,El Mostakbal for Urban Development,,,,True
DEV135,Grova Developments,,,,True
DEV141,Heliopolis Housing,Heliopolis Co. for Housing & Development,,HELI,True
DEV147,JORA Developments,,,,True
DEV153,Kleek Developments,,kleekdevelopments.com,,True
DEV159,MBG Developments,,,,True
DEV166,Mardev Developments,,,,True
DEV173,Mazaya Developments,,,,True
DEV182,Nakheel Developments,,,,True
DEV189,Oria Developments,,,,True
DEV196,QORE Developments,,,,True
DEV204,STM Investment,,,,True
DEV210,Space Shapers,,,,True
DEV217,The Ark Development,,,,True
DEV225,VIE Communities,,,,True
DEV232,Zawaya Developments,,,,True
DEV255,Hometown Developments,,,,False
DEV265,Paragon Developments,,,,False
DEV277,Valero Developments,,,,False
