source_id,url,publisher,title,accessed_date,quality,notes
S3-001,https://hydeparkdevelopments.com,Hyde Park Developments,Hyde Park Developments home page,2026-09-22,primary,project list; who-we-are page did not render content
S3-002,https://www.dailynewsegypt.com/2025/08/31/top-10-egyptian-developers-record-egp-651bn-in-h1-2025-sales-marking-47-growth/,Daily News Egypt,Top 10 Egyptian developers record EGP 651bn in H1 2025 sales,2026-09-22,secondary,The Board Consulting ranking H1 2025
S3-003,https://www.dailynewsegypt.com/2025/11/23/egypts-top-10-real-estate-developers-record-egp-1-05trn-in-sales-during-m9-2025/,Daily News Egypt,Egypt's top 10 real estate developers record EGP 1.05trn in sales during M9 2025,2026-09-22,secondary,The Board Consulting ranking 9M 2025
S3-004,https://www.dailynewsegypt.com/2026/08/18/top-10-egyptian-developers-sales-rise-to-egp-670bn-in-h1-2026/,Daily News Egypt,Top 10 Egyptian developers' sales rise to EGP 670bn in H1 2026,2026-09-22,secondary,The Board Consulting ranking H1 2026
S3-005,https://www.dailynewsegypt.com/2025/02/23/egypts-top-21-real-estate-developers-double-sales-to-egp-1-4trn-in-2024/,Daily News Egypt,Egypt's top 21 real estate developers double sales to EGP 1.4trn in 2024,2026-09-22,secondary,The Board Consulting ranking full year 2024
S3-006,https://www.dailynewsegypt.com/2023/09/20/hyde-park-developments-achieves-egp-10bn-in-sales-in-8-months/,Daily News Egypt,Hyde Park Developments achieves EGP 10bn in sales in 8 months,2026-09-22,secondary,
S3-007,http://arabfinance.com/en/news/newdetails/47539,Arab Finance,"Hyde Park Developments launches 8,500-unit One Hyde Park in New Cairo",2026-09-22,secondary,updated 2026-09-09
S3-008,https://www.dailynewsegypt.com/2025/03/09/banque-du-caire-signs-egp-750m-loan-agreement-to-fund-hyde-parks-garden-residence-project/,Daily News Egypt,Banque du Caire signs EGP 750m loan agreement to fund Hyde Park's Garden Residence project,2026-09-22,secondary,
S3-009,https://www.dailynewsegypt.com/2024/03/31/nbe-acquires-24-share-in-hyde-park-developments/,Daily News Egypt,NBE acquires 24% share in Hyde Park Developments,2026-09-22,secondary,"land portfolio over 6 million sqm; converted to acres at 4,046.86 sqm per acre"
S3-010,https://www.dailynewsegypt.com/2025/03/05/banque-misr-grants-egp-2-6bn-credit-facility-to-hyde-park-for-sea-shore-project/,Daily News Egypt,Banque Misr grants EGP 2.6bn credit facility to Hyde Park for Sea Shore project,2026-09-22,secondary,
S3-011,https://www.dailynewsegypt.com/2022/09/23/hyde-park-developments-showcases-projects-in-east-and-west-cairo-north-coast-at-cityscape-egypt-exhibition/,Daily News Egypt,"Hyde Park Developments showcases projects in east and west Cairo, North Coast at Cityscape Egypt exhibition",2026-09-22,secondary,
S3-012,https://talaatmoustafa.com,TMG Holding,TMG home page and project list,2026-09-22,primary,
S3-013,https://ent.news/2026/2/1392.pdf,TMG Holding (hosted by Enterprise),"FY 2025 Earnings Release, 22 February 2026",2026-09-22,primary,"company's own copy at talaatmoustafa.com is a scanned PDF without text; land bank c.115 mn sqm converted at 4,046.86 sqm per acre"
S3-014,https://talaatmoustafa.com/upload/TMG%20Holding%209M25%20earnings%20release.pdf,TMG Holding,"9M 2025 Earnings release, November 2025",2026-09-22,primary,
S3-015,https://en.wikipedia.org/wiki/Talaat_Moustafa_Group,Wikipedia,Talaat Moustafa Group,2026-09-22,secondary,used for founding year and legal name only alongside IR
S3-016,https://talaatmoustafa.com/communities/al-rehab-new-cairo/,TMG Holding,Al Rehab - New Cairo,2026-09-22,primary,
S3-017,https://talaatmoustafa.com/communities/noor-city-capital-gardens/,TMG Holding,Noor Smart City - Capital Gardens,2026-09-22,primary,
S3-018,https://talaatmoustafa.com/communities/madinaty-new-cairo/,TMG Holding,Madinaty - New Cairo,2026-09-22,primary,
S3-019,https://www.dailynewsegypt.com/2026/02/23/tmg-strengthens-earnings-momentum-with-egp-62-5bn-in-revenues/,Daily News Egypt,TMG strengthens earnings momentum with EGP 62.5bn in revenues,2026-09-22,secondary,
S3-020,https://cityedgedevelopments.com,City Edge Developments,City Edge Developments home page and project list,2026-09-22,primary,statistics counters show placeholder zeros
S3-021,https://www.dailynewsegypt.com/2026/04/05/city-edge-achieves-record-egp-61-4bn-sales-in-2025-expands-hospitality-portfolio/,Daily News Egypt,"City Edge achieves record EGP 61.4bn sales in 2025, expands hospitality portfolio",2026-09-22,secondary,
S3-022,https://www.dailynewsegypt.com/2018/01/31/nuca-hdbeg-join-forces-introduce-city-edge-developments/,Daily News Egypt,"NUCA, HDBEG join forces to introduce City Edge Developments",2026-09-22,secondary,
S3-023,https://cityedgedevelopments.com/location/new-cairo-city-en/,City Edge Developments,New Cairo City projects; also project page /project/lush-valley/,2026-09-22,primary,
S3-024,https://blogs.realestate.gov.eg/arabella-group/,Egyptian Real Estate Platform (government blog),Arabella Group: Pioneering Egypt's Real Estate Landscape,2026-09-22,secondary,
S3-025,https://www.arabella-plaza.com/,Arabella Group,Arabella Group home page,2026-09-22,primary,project list only
S3-026,https://www.arabella-plaza.com/project/direction-white,Arabella Group,Direction White project page,2026-09-22,primary,
S3-027,https://ilcazar.com/projects/,IL Cazar Developments,ILCAZAR Projects,2026-09-22,primary,
S3-028,https://www.dailynewsegypt.com/2024/02/07/il-cazar-launches-the-crest-in-new-cairo-with-egp-60bn-investments/,Daily News Egypt,IL Cazar launches THE CREST in New Cairo with EGP 60bn investments,2026-09-22,secondary,
S3-029,https://www.dailynewsegypt.com/2024/05/27/il-cazar-developments-ventures-into-north-coast-with-safia/,Daily News Egypt,Il Cazar Developments ventures into North Coast with Safia,2026-09-22,secondary,
S3-030,https://www.dailynewsegypt.com/2025/03/23/il-cazar-expands-with-strategic-land-acquisitions-in-sheikh-zayed-north-coast/,Daily News Egypt,"Il Cazar expands with strategic land acquisitions in Sheikh Zayed, North Coast",2026-09-22,secondary,
S3-031,https://blogs.realestate.gov.eg/roya-developments/,Egyptian Real Estate Platform (government blog),Roya Developments: Redefining Luxury Living and Business in Egypt,2026-09-22,secondary,
S3-032,https://www.dailynewsegypt.com/2024/04/29/aaib-nbe-alliance-grants-roya-developments-egp-5-6bn-loan/,Daily News Egypt,AAIB-NBE alliance grants Roya Developments EGP 5.6bn loan,2026-09-22,secondary,
S3-033,https://www.dailynewsegypt.com/2023/09/11/saada-new-cairo-new-real-estate-project-by-horizon-egypt-developments-with-egp-36bn-investment/,Daily News Egypt,Saada New Cairo: New real estate project by Horizon Egypt Developments with EGP 36bn investment,2026-09-22,secondary,
S3-034,https://www.arabfinance.com/en/news/newdetails/horizon-to-deploy-hikvision-smart-city-tech-solutions-across-developments,Arab Finance,Horizon Egypt to deploy Hikvision smart city tech solutions across developments,2026-09-22,secondary,dated 2025-12-16
S3-035,https://blogs.realestate.gov.eg/horizon-egypt-developments/,Egyptian Real Estate Platform (government blog),Horizon Egypt Developments: Shaping the Future of Egyptian Real Estate,2026-09-22,secondary,
S3-036,https://www.alkarmadevelopments.com/,AlKarma Developments,AlKarma Developments home page,2026-09-22,primary,
S3-037,https://www.dailynewsegypt.com/2022/06/21/fawaz-al-hokair-group-invests-over-480m-in-egypt-aims-to-inject-more/,Daily News Egypt,"Saudi Arabia's Fawaz Al Hokair Group invests over $480m in Egypt, aims to inject more",2026-09-22,secondary,
S3-038,https://en.wikipedia.org/wiki/Mall_of_Arabia_Cairo,Wikipedia,Mall of Arabia Cairo,2026-09-22,secondary,
S3-039,https://marakez.net/aboutUs,Marakez,Marakez about us,2026-09-22,primary,group founded 1989
S3-040,https://nationsofsky.com,Nations of Sky,Nations of Sky home page,2026-09-22,primary,
S3-041,https://www.jiriannewzayed.com/nations-of-sky,jiriannewzayed.com,Nations of Sky page on Jirian site,2026-09-22,weak,"appears to be a broker or marketing clone; its 2,500 feddan figure not used"
S3-042,https://cairocapitaldevelopments.com/,Cairo Capital Developments,Cairo Capital Developments home page,2026-09-22,primary,
S3-043,https://www.dailynewsegypt.com/2022/12/05/el-riyad-castle-development-launches-valore-el-thawra-project/,Daily News Egypt,El Riyad Castle Development launches Valore El-Thawra project,2026-09-22,secondary,
S3-044,https://valore-misr.com/,Valore Egypt,Valore Egypt site,2026-09-22,primary,placeholder page only: 'the site is up'
S3-045,https://karnakrealestatedevelopments.com/,Karnak Real Estate Developments,Karnak home page,2026-09-22,primary,
S3-046,https://karnakrealestatedevelopments.com/portfolio/belva/,Karnak Real Estate Developments,Belva project page,2026-09-22,primary,
S3-047,https://www.enzadevelopments.com/en,Enza Developments,Enza Developments home page,2026-09-22,primary,
S3-048,https://aplusdevelopmentseg.com/,A+ Developments,A+ Developments home page,2026-09-22,primary,
S3-049,https://ajnadevelopments.com,Ajna Developments,Ajna Developments home page,2026-09-22,primary,founded 2019
S3-050,https://www.dailynewsegypt.com/2023/07/17/ajna-developments-to-introduce-residential-project-in-east-cairo/,Daily News Egypt,Ajna Developments to introduce residential project in east Cairo,2026-09-22,secondary,
S3-051,https://www.dailynewsegypt.com/2024/11/19/ajna-developments-launches-eastville-with-egp-5bn-investment-in-new-cairo/,Daily News Egypt,Ajna Developments launches Eastville with EGP 5bn investment in New Cairo,2026-09-22,secondary,
S3-052,https://www.dailynewsegypt.com/2026/05/10/ajna-manara-partner-on-phase-four-of-carnelia-in-galala/,Daily News Egypt,"Ajna, Manara partner on phase four of Carnelia in Galala",2026-09-22,secondary,
S3-053,https://www.dailynewsegypt.com/2020/02/03/altameer-arabian-launches-egypt-debut-rivan-new-capital-with-egp-3bn-investments/,Daily News Egypt,Altameer Arabian launches Egypt debut Rivan New Capital with EGP 3bn investments,2026-09-22,secondary,
S3-054,https://www.dailynewsegypt.com/2021/03/27/altameer-arabian-to-increase-its-real-estate-investment-in-egypt-to-egp-10bn-over-3-years/,Daily News Egypt,AlTameer Arabian to increase its real estate investment in Egypt to EGP 10bn over 3 years,2026-09-22,secondary,
S3-055,https://www.dailynewsegypt.com/2020/11/04/altameer-arabian-unveils-nacs-rivan-square-with-egp-1bn-investments/,Daily News Egypt,AlTameer Arabian unveils NAC's Rivan Square with EGP 1bn investments,2026-09-22,secondary,
S3-056,https://www.dailynewsegypt.com/2025/08/24/buildex-developments-launches-eden-park-in-6th-of-october-with-egp-600m-sales-target/,Daily News Egypt,BUILDEX Developments launches Eden Park in 6th of October with EGP 600m sales target,2026-09-22,secondary,
S3-057,https://www.dailynewsegypt.com/2026/03/01/buildex-developments-explores-expansion-opportunities-in-west-cairo/,Daily News Egypt,BUILDEX Developments explores expansion opportunities in West Cairo,2026-09-22,secondary,
S3-058,https://en.amwalalghad.com/cornerstone-development-starts-its-debut-project-in-egypts-new-capital/,Amwal Al Ghad (English),Cornerstone Development starts its debut project in Egypt's new capital,2026-09-22,secondary,published 2019-12-07; business newspaper not on the named list
S3-059,https://cornerstonedv.com/projects/1,Cornerstone Development,RED Water Villas and Floating Gardens,2026-09-22,primary,
S3-060,https://blogs.realestate.gov.eg/red-mostakbal-city-egypt/,Egyptian Real Estate Platform (government blog),"Red Mostakbal City, Egypt",2026-09-22,secondary,price quoted without publication date; accessed date used
S3-061,https://www.dailynewsegypt.com/2024/06/03/el-batal-developments-to-launch-5-new-projects-with-egp-10bn-investments-in-2024/,Daily News Egypt,El Batal Developments to launch 5 new projects with EGP 10bn investments in 2024,2026-09-22,secondary,2023 contractual sales about EGP 3bn
S3-062,https://www.dailynewsegypt.com/2024/11/24/rock-developments-launches-with-egp-10bn-investments/,Daily News Egypt,Rock Developments launches with EGP 10bn investments,2026-09-22,secondary,
S3-063,https://www.dailynewsegypt.com/2025/12/28/golden-land-development-launches-egp-5bn-naseem-residential-compound-in-sheikh-zayed/,Daily News Egypt,Golden Land Development launches EGP 5bn Naseem residential compound in Sheikh Zayed,2026-09-22,secondary,
S3-064,https://www.hdg.com.eg/projects/korba-heights/,Heliopolis Developers Group,Korba Heights project page,2026-09-22,primary,
S3-065,https://www.hdg.com.eg/all-projects/,Heliopolis Developers Group,All Projects,2026-09-22,primary,
S3-066,https://www.dailynewsegypt.com/2021/04/26/heliopolis-developers-to-debut-residential-project-with-egp-2bn-investments/,Daily News Egypt,Heliopolis Developers to debut residential project with EGP 2bn investments,2026-09-22,secondary,
S3-067,https://www.dailynewsegypt.com/2026/07/12/j-communities-launches-as-parent-platform-restructuring-new-jersey-developments-real-estate-portfolio/,Daily News Egypt,"J Communities launches as parent platform, restructuring New Jersey Developments' real estate portfolio",2026-09-22,secondary,
S3-068,https://njdegypt.com/en/,New Jersey Developments,New Jersey Development home page,2026-09-22,primary,
S3-069,https://www.dailynewsegypt.com/2026/08/23/khaled-sabry-developments-sells-out-first-phase-of-waterside-villas-deliveries-begin-october/,Daily News Egypt,"Khaled Sabry Developments sells out first phase of Waterside Villas, deliveries begin October",2026-09-22,secondary,
S3-070,https://www.dailynewsegypt.com/2024/07/29/khaled-sabry-development-eyes-egp-4bn-in-sales-of-rosail-at-mostakbal-city/,Daily News Egypt,Khaled Sabry Development eyes EGP 4bn in sales of Rosail at Mostakbal City,2026-09-22,secondary,
S3-071,https://www.dailynewsegypt.com/2026/05/10/khaled-sabry-developments-launches-waterside-villas-in-rosail-city-with-immediate-delivery/,Daily News Egypt,Khaled Sabry Developments launches Waterside Villas in Rosail City with immediate delivery,2026-09-22,secondary,
S3-072,https://dailynewsegypt.com/2021/05/24/khaled-sabry-holding-introduces-ronza-tower-with-egp-500m-investments/,Daily News Egypt,Khaled Sabry Holding introduces Ronza Tower with EGP 500m investments,2026-09-22,secondary,
S3-073,https://www.dailynewsegypt.com/2026/01/04/lazura-developments-launches-new-cairo-project-with-egp-8bn-in-investments/,Daily News Egypt,Lazura Developments launches New Cairo project with EGP 8bn in investments,2026-09-22,secondary,
S3-074,https://lazuradevelopments.com/projects/,Lazura Developments,Projects and about-us pages,2026-09-22,primary,
S3-075,https://www.dailynewsegypt.com/2025/09/07/makkah-developments-prepares-to-launch-rowaq-compound-in-sheikh-zayed/,Daily News Egypt,Makkah Developments prepares to launch Rowaq Compound in Sheikh Zayed,2026-09-22,secondary,
S3-076,https://www.dailynewsegypt.com/2026/05/17/makkah-developments-partners-with-golden-tulip-for-hospitality-operations-at-rowaq-in-sheikh-zayed/,Daily News Egypt,Makkah Developments partners with Golden Tulip for hospitality operations at Rowaq in Sheikh Zayed,2026-09-22,secondary,
S3-077,https://makkah-dev.com/en,Makkah Real Estate Development,Makkah home page,2026-09-22,primary,
S3-078,https://www.dailynewsegypt.com/2022/01/31/master-group-completes-planned-constructions-of-the-city-project/,Daily News Egypt,Master Group completes planned constructions of The City project,2026-09-22,secondary,
S3-079,https://blogs.realestate.gov.eg/master-group-pioneering-a-new-era-in-egyptian-real-estate/,Egyptian Real Estate Platform (government blog),Master Group: Pioneering a New Era in Egyptian Real Estate,2026-09-22,secondary,
S3-080,https://www.dailynewsegypt.com/2025/11/16/najm-developments-initiates-veln-project-in-new-cairo-with-egp-1-6bn-in-investments/,Daily News Egypt,Najm Developments initiates VELN project in New Cairo with EGP 1.6bn in investments,2026-09-22,secondary,
S3-081,https://www.dailynewsegypt.com/2025/10/26/one-of-one-expands-footprint-in-egypt-with-two-integrated-developments-in-sheikh-zayed-new-cairo/,Daily News Egypt,"One of One expands footprint in Egypt with two integrated developments in Sheikh Zayed, New Cairo",2026-09-22,secondary,
S3-082,https://www.dailynewsegypt.com/2026/05/21/one-of-one-records-egp-1-5bn-sales-opens-new-hq-to-drive-expansion/,Daily News Egypt,"One of One records EGP 1.5bn sales, opens new HQ to drive expansion",2026-09-22,secondary,
S3-083,https://dailynewsegypt.com/2021/12/12/pyramids-developments-launches-pyramids-city-with-egp-25bn-investments/,Daily News Egypt,Pyramids Developments launches Pyramids City with EGP 25bn investments,2026-09-22,secondary,
S3-084,https://www.dailynewsegypt.com/2019/09/03/pyramids-launches-paris-east-mall-in-new-capital-with-egp-2bn-investments/,Daily News Egypt,Pyramids launches Paris East Mall in New Capital with EGP 2bn investments,2026-09-22,secondary,
S3-085,https://siacholding.com/development,SIAC Holding,Development,2026-09-22,primary,
S3-086,https://www.dailynewsegypt.com/2026/04/26/siac-developments-seals-strategic-partnerships-for-rewaya-project-in-sheikh-zayed/,Daily News Egypt,SIAC Developments seals strategic partnerships for Rewaya project in Sheikh Zayed,2026-09-22,secondary,
S3-087,https://www.dailynewsegypt.com/2025/02/09/slvr-communities-unveils-rvr-as-part-of-egp-30bn-investment-plan-over-five-years/,Daily News Egypt,Slvr Communities unveils RVR as part of EGP 30bn investment plan over five years,2026-09-22,secondary,
S3-088,https://www.dailynewsegypt.com/2025/10/26/slvr-communities-launches-vybe-mixed-use-project-in-new-cairos-fifth-settlement/,Daily News Egypt,Slvr Communities launches VYBE mixed-use project in New Cairo's Fifth Settlement,2026-09-22,secondary,
S3-089,https://tesladevelopments.com/en/about,Tesla Real Estate Development,About us,2026-09-22,primary,
S3-090,https://www.tesladevelopments.com/en/project/details/5-in-6th-of-October-City-tesla-residence-project-compound,Tesla Real Estate Development,Tesla Residence project page,2026-09-22,primary,
S3-091,https://upwyde.com,Upwyde Developments,Upwyde home page,2026-09-22,primary,
S3-092,http://arabfinance.com/en/news/newdetails/45063,Arab Finance,Upwyde partners with BirdNest to introduce serviced apartments at Skyramp,2026-09-22,secondary,dated 2026-06-29
S3-093,http://arabfinance.com/en/news/newdetails/42387,Arab Finance,"Upwyde, Vezeeta to operate medical building in New Cairo's Prk Vie",2026-09-22,secondary,
S3-094,https://www.arabfinance.com/en/news/newdetails/zahraa-maadi-approves-integrated-residential-project,Arab Finance,Zahraa Maadi approves EGP 82B residential project with Al Safi Properties,2026-09-22,secondary,updated 2026-09-20
S3-095,https://www.dailynewsegypt.com/2021/12/23/zahraa-el-maadi-purchases-land-plot-in-new-heliopolis-for-new-residential-projects/,Daily News Egypt,Zahraa El Maadi purchases land plot in New Heliopolis for new residential projects,2026-09-22,secondary,
S3-096,https://www.arabfinance.com/en/news/newdetails/21965,Arab Finance,Zahraa Maadi Investment's profits up 63.2% YoY in 2024,2026-09-22,secondary,
S3-097,https://www.arabfinance.com/en/Home/CompanyProfile/ZMID,Arab Finance,Company Profile ZMID,2026-09-22,secondary,
S3-098,https://www.dailynewsegypt.com/2026/04/26/el-mahfouz-developments-launches-moqattam-business-complex-in-east-cairo/,Daily News Egypt,El Mahfouz Developments launches MoQattam Business Complex in East Cairo,2026-09-22,secondary,
S3-099,https://www.dailynewsegypt.com/2026/02/08/nawassy-developments-partners-with-rotana-to-manage-n-line-hotel-in-new-cairo/,Daily News Egypt,Nawassy Developments partners with Rotana to manage N LINE hotel in New Cairo,2026-09-22,secondary,
S3-100,https://blogs.realestate.gov.eg/51689nawassy-developments/,Egyptian Real Estate Platform (government blog),Nawassy Developments: Elevating Real Estate Standards in Egypt,2026-09-22,secondary,
S3-101,https://urbnlanes.com/about/,Urbnlanes Developments,About,2026-09-22,primary,
S3-102,https://blogs.realestate.gov.eg/urbnlanes-developments/,Egyptian Real Estate Platform (government blog),Urbnlanes Developments: A Comprehensive Overview,2026-09-22,secondary,
