listing_compound_name,listing_city_or_area,listing_count,developer_id,developer_name_en,project_id,project_name_en,match_score,match_status,osm_way_id
Mountain View Icity,new cairo,6385,DEV001,Mountain View,DEV001-P18,Mountain View iCity New Cairo,0.9,matched,
Palm Hills,new cairo,3930,DEV002,Palm Hills Developments,,,0.0,brand_only,
Hyde Park,new cairo,2905,DEV003,Hyde Park Developments,,,0.0,brand_only,
Hyde Park New Cairo,New Cairo,1779,DEV003,Hyde Park Developments,DEV003-P01,Hyde Park New Cairo,1.0,matched,
Badya Palm Hills,6th of October,1741,DEV002,Palm Hills Developments,DEV002-P01,Badya,1.0,matched,
Mountain View Hyde Park,new cairo,1528,DEV001,Mountain View,DEV001-P16,Mountain View Hyde Park,1.0,matched,
Palm Hills New Cairo,New Cairo,1350,DEV002,Palm Hills Developments,DEV002-P02,Palm Hills New Cairo,1.0,matched,
Sodic East,New Heliopolis,1339,DEV004,SODIC,DEV004-P11,SODIC East,1.0,matched,
Mountain View North Coast,North Coast,858,DEV001,Mountain View,,,0.38,no_project,
Mountain View Chillout Park,6th of October,626,DEV001,Mountain View,DEV001-P14,Mountain View Chillout Park,1.0,matched,
Vye Sodic,New Zayed City,599,DEV004,SODIC,,,0.38,no_project,
Mountain View iCity October,6 October Compounds,585,DEV001,Mountain View,DEV001-P17,Mountain View iCity October,1.0,matched,
La Vista Gardens,Ain Sukhna,570,DEV005,La Vista Developments,DEV005-P27,La Vista Gardens,1.0,matched,
Mountain View - October Park,6th of October,475,DEV001,Mountain View,DEV001-P13,Mountain View October Park,1.0,matched,
Palm Hills Golf Extension,Al Wahat Road,418,DEV002,Palm Hills Developments,DEV002-P04,The Crown Extension,0.67,review,
La Vista City,New Capital Compounds,415,DEV005,La Vista Developments,DEV005-P20,La Vista City,1.0,matched,
Mountain View,Ras Al Hekma,364,DEV001,Mountain View,,,0.0,brand_only,
O West,6th of october,321,DEV007,Orascom Development Egypt,DEV007-P01,O West,1.0,matched,
Palm Parks   Palm Hills,South Dahshur Link,309,DEV002,Palm Hills Developments,,,0.42,no_project,
La Vista 6,Ain Sukhna,302,DEV005,La Vista Developments,DEV005-P08,La Vista 6,1.0,matched,
Makadi Orascom Resort,Makadi,286,DEV007,Orascom Development Egypt,DEV007-P03,Makadi Heights,0.64,review,
Palm Hills Village Gate,South Investors Area,253,DEV002,Palm Hills Developments,DEV002-P07,Village de la Capitale,0.67,review,
El Rehab Extension,Al Rehab,230,DEV009,Talaat Moustafa Group,,,0.52,no_project,
Palm Hills Katameya,New Cairo - El Tagamoa,203,DEV002,Palm Hills Developments,,,0.46,no_project,
October Plaza Sodic,6th of October,202,DEV004,SODIC,DEV004-P07,October Plaza,1.0,matched,
La Vista Topaz of Ain Sokhna,Ain Sukhna,200,DEV005,La Vista Developments,DEV005-P29,La Vista Topaz,0.9,matched,
Zed Towers,Sheikh Zayed Compounds,198,DEV008,Ora Developers,,,0.5,no_project,
PX Palm Hills,6th of October,190,DEV002,Palm Hills Developments,DEV002-P11,P/X,1.0,matched,
Mountain View 1.1,New Cairo,175,DEV001,Mountain View,DEV001-P01,Mountain View 1.1,1.0,matched,
Al Marasem,new cairo,160,DEV011,Al Marasem,,,0.0,brand_only,
Palm Hills Golf Views,Cairo Alexandria Desert Road,156,DEV002,Palm Hills Developments,,,0.5,no_project,
Silver Sands,Qesm Marsa Matrouh,130,DEV008,Ora Developers,DEV008-P06,Silversands North Coast,0.9,matched,
La Vista Ras El Hikma,North Coast,130,DEV005,La Vista Developments,DEV005-P25,La Vista Ras El Hikma,1.0,matched,
Palm Hills Katameya Extension,New Cairo - El Tagamoa,129,DEV002,Palm Hills Developments,DEV002-P04,The Crown Extension,0.65,review,
Sky Condos Sodic,New Cairo - El Tagamoa,128,DEV004,SODIC,,,0.38,no_project,
June Sodic,North Coast,127,DEV004,SODIC,DEV004-P18,June,1.0,matched,
Sodic Westown,Sheikh Zayed,119,DEV004,SODIC,DEV004-P04,Westown Residences,0.9,matched,
Mountain View Ras Al Hekma,North Coast,114,DEV001,Mountain View,DEV001-P07,MV Ras El Hikma,0.8,review,
Azha North,Ras Al Hekma,108,DEV018,Madaar Developments,DEV018-P01,Azha Ain Sokhna,0.64,review,
Sarai,Mostakbal City,103,DEV014,Madinet Masr,DEV014-P02,Sarai,1.0,matched,
Marassi,North Coast,100,DEV006,Emaar Misr,DEV006-P06,Marassi,1.0,matched,
Allegria,Sheikh Zayed Compounds,99,DEV004,SODIC,DEV004-P01,Allegria,1.0,matched,
Capital Gardens   Palm Hills,Mostakbal City Compounds,97,DEV002,Palm Hills Developments,DEV002-P15,Capital Gardens,1.0,matched,
Palm Hills Alexandria,Amreya,96,DEV002,Palm Hills Developments,DEV002-P16,Palm Hills Alexandria,1.0,matched,
Mivida,new cairo,94,DEV006,Emaar Misr,DEV006-P02,Mivida,1.0,matched,
Palm Hills October,Cairo Alexandria Desert Road,94,DEV002,Palm Hills Developments,DEV002-P13,Palm Hills October,1.0,matched,
Village West,Sheikh Zayed,90,DEV017,Dorra Group,DEV017-P01,Village West,1.0,matched,
Fifth Square,new cairo,87,DEV011,Al Marasem,DEV011-P01,Fifth Square,1.0,matched,
Mountain View 2,New Cairo - El Tagamoa,82,DEV001,Mountain View,DEV001-P11,Mountain View 2,1.0,matched,
Solana,Sheikh Zayed,80,DEV008,Ora Developers,DEV008-P03,Solana (Solana West),1.0,matched,
Mangroovy Residence,Al Gouna,78,DEV007,Orascom Development Egypt,,,0.26,no_project,
Mountain View 1,New Cairo - El Tagamoa,77,DEV001,Mountain View,DEV001-P20,Mountain View 1,1.0,matched,
La Vista Ray,Ain Sukhna,76,DEV005,La Vista Developments,DEV005-P28,La Vista Ray,1.0,matched,
Sodic,Sheikh Zayed,75,DEV004,SODIC,,,0.0,brand_only,
Al Maqsad,New Capital City,74,DEV015,City Edge Developments,DEV015-P10,Mamsha AlMaqsad,0.9,matched,
Fouka Bay,North Coast,71,DEV012,Tatweer Misr,DEV012-P02,Fouka Bay,1.0,matched,
Tawny Hyde Park,6 October Compounds,71,DEV003,Hyde Park Developments,DEV003-P02,Tawny,1.0,matched,
Ramla Lakeside,Qesm Ad Dabaah,70,DEV016,Marakez,DEV016-P03,Ramla,0.9,matched,
Belle Vie,Sheikh Zayed,69,DEV006,Emaar Misr,DEV006-P05,Belle Vie,1.0,matched,
La Vista Bay,La Vista,67,DEV005,La Vista Developments,DEV005-P26,La Vista Bay,1.0,matched,
Mazarine,New Alamein City,66,DEV015,City Edge Developments,DEV015-P26,Mazarine Hub,0.9,matched,
El Patio Oro,new cairo,66,DEV005,La Vista Developments,DEV005-P01,El Patio Oro,1.0,matched,
Mountain View Executive,Al Andalus District,64,DEV001,Mountain View,DEV001-P15,Mountain View Executive Residence Katameya,0.9,matched,
La Vista Bay East,North Coast,63,DEV005,La Vista Developments,DEV005-P24,Bay East,1.0,matched,
Sodic West,Sheikh Zayed Compounds,62,DEV004,SODIC,DEV004-P03,Forty West,0.9,matched,
Mountain View 4,6 October Compounds,61,DEV001,Mountain View,DEV001-P10,Mountain View 4,1.0,matched,
L'avenir,Mostakbal City Compounds,58,DEV010,Al Ahly Sabbour,DEV010-P07,L'Avenir,1.0,matched,
Soul North Coast,Qesm Ad Dabaah,58,DEV006,Emaar Misr,DEV006-P07,Soul,0.9,matched,
Mountain View Aliva,mostakbal city,57,DEV001,Mountain View,DEV001-P19,Aliva,1.0,matched,
The Crown,Cairo Alexandria Desert Road,56,DEV002,Palm Hills Developments,DEV002-P03,The Crown,1.0,matched,
Palm Hills WoodVille,Al Wahat Road,56,DEV002,Palm Hills Developments,,,0.38,no_project,
The Estates,Sheikh Zayed,53,DEV004,SODIC,DEV004-P08,The Estates,1.0,matched,
La Vista 3,Ain Sukhna,53,DEV005,La Vista Developments,DEV005-P05,La Vista 3,1.0,matched,
La Vista Bay North Coast,North Coast,53,DEV005,La Vista Developments,DEV005-P24,Bay East,0.6,review,
Mountain View Giza Plateau,Ring Road,53,DEV001,Mountain View,DEV001-P12,Giza Plateau Living,0.9,matched,
Bamboo Palm Hills,26th of July Corridor,52,DEV002,Palm Hills Developments,DEV002-P12,Bamboo,1.0,matched,
Cairo Festival City,North Investors Area,51,DEV035,Al-Futtaim Group Real Estate,DEV035-P01,Cairo Festival City,1.0,matched,
Casa,Sheikh Zayed Compounds,49,DEV002,Palm Hills Developments,,,0.44,no_project,
Swan Lake Residence,5th Settlement Compounds,49,DEV013,Hassan Allam Properties,DEV013-P05,SwanLake Residences New Cairo,0.9,matched,
Mountain View Ras El Hekma,North Coast,49,DEV001,Mountain View,DEV001-P03,EVIA - MV Ras El Hekma,0.9,matched,
Seashore,North Coast,49,DEV003,Hyde Park Developments,DEV003-P04,Seashore (Hyde Park North),1.0,matched,
Swan Lake West,6 October Compounds,48,DEV013,Hassan Allam Properties,DEV013-P06,SwanLake West,1.0,matched,
City Gate,5th Settlement Compounds,48,DEV025,Qatari Diar,DEV025-P01,CityGate New Cairo,0.9,matched,
Haptown,Mostakbal City,47,DEV013,Hassan Allam Properties,DEV013-P07,Haptown Mostakbal City,0.9,matched,
La Vista Cascada,North Coast,46,DEV005,La Vista Developments,DEV005-P30,La Vista Cascada,1.0,matched,
Westown,Sheikh Zayed Compounds,45,DEV004,SODIC,DEV004-P04,Westown Residences,0.9,matched,
La Vista Patio Oro,new cairo,45,DEV005,La Vista Developments,DEV005-P01,El Patio Oro,0.9,matched,
IL Monte Galala,Ain Sukhna,44,DEV012,Tatweer Misr,DEV012-P01,IL Monte Galala,1.0,matched,
The Fourteen Golf Residences,Uptown Cairo,44,DEV006,Emaar Misr,,,0.22,no_project,
June,Ras Al Hekma,43,DEV004,SODIC,DEV004-P18,June,1.0,matched,
Caesar,Qesm Marsa Matrouh,43,DEV004,SODIC,DEV004-P19,Caesar,1.0,matched,
Cali Coast,North Coast,42,DEV030,Maven Developments,DEV030-P02,Cali Coast,1.0,matched,
Hacienda West,North Coast,42,DEV002,Palm Hills Developments,DEV002-P05,Hacienda West,1.0,matched,
Zed East,New Cairo,41,DEV008,Ora Developers,DEV008-P02,ZED East,1.0,matched,
Villette,New Cairo - El Tagamoa,40,DEV004,SODIC,DEV004-P13,Villette (incl. V Residences and Sky Condos),1.0,matched,
New Giza,Cairo Alexandria Desert Road,40,DEV024,New Giza Development,,,0.0,brand_only,
District 5,new cairo,40,DEV016,Marakez,DEV016-P01,"District 5 (incl. District 5 Residences, D5M, District 5 Work, Mindhaus)",1.0,matched,
Beverly Hills,sheikh zayed,40,DEV004,SODIC,DEV004-P02,Beverly Hills,1.0,matched,
Rehab City First Phase,Al Rehab,39,DEV009,Talaat Moustafa Group,,,0.53,no_project,
The Sierras,Uptown Cairo,38,DEV006,Emaar Misr,,,0.35,no_project,
Madinaty,madinaty,38,DEV009,Talaat Moustafa Group,DEV009-P01,Madinaty,1.0,matched,
Talala,New Heliopolis Compounds,38,DEV014,Madinet Masr,DEV014-P04,Talala,1.0,matched,
Salt,Ras Al Hekma,37,DEV012,Tatweer Misr,DEV012-P04,Salt,1.0,matched,
Levana,Uptown Cairo,37,DEV006,Emaar Misr,,,0.43,no_project,
Almaza Bay,Qesm Marsa Matrouh,37,DEV032,Travco Properties,DEV032-P01,Almaza Bay,1.0,matched,
One7 Residence,Hurghada Resorts,37,DEV028,Kronberg,DEV028-P01,ONE7 Residences,0.96,matched,
Karmell,sheikh zayed,36,DEV004,SODIC,DEV004-P10,VYE and Karmell (464 Acres project),0.9,matched,
Hacienda Waters,North Coast,36,DEV002,Palm Hills Developments,DEV002-P19,Hacienda Waters,1.0,matched,
Mountain View Sokhna,Ain Sukhna,36,DEV001,Mountain View,DEV001-P08,MV Sokhna 2,0.92,matched,
Mountain View 3,New Cairo - El Tagamoa,36,DEV001,Mountain View,,,0.0,no_project,
Moon Residences,Fifth Square,36,DEV011,Al Marasem,,,0.27,no_project,
Ogami,Ras Al Hekma,36,DEV004,SODIC,DEV004-P20,Ogami,1.0,matched,
Mountain View LVLS,North Coast,35,DEV001,Mountain View,DEV001-P21,LVLS,1.0,matched,
Taj City,New Cairo,35,DEV014,Madinet Masr,DEV014-P01,Taj City,1.0,matched,
Bait Alwatan,The 5th Settlement,34,DEV002,Palm Hills Developments,,,0.56,no_project,
LVLS By Mountain View,Qesm Ad Dabaah,34,DEV001,Mountain View,DEV001-P21,LVLS,0.9,matched,
The Square,New Cairo,34,DEV010,Al Ahly Sabbour,DEV010-P06,Green Square,0.7,review,
Kayan,6th of October,33,DEV044,Badr El Din Developments,DEV044-P01,Kayan,1.0,matched,
Palm Hills New Alamein,North Coast,33,DEV002,Palm Hills Developments,,,0.56,no_project,
Celesta Hills,Uptown Cairo,33,DEV006,Emaar Misr,,,0.4,no_project,
Rehab City Fifth Phase,Al Rehab,32,DEV009,Talaat Moustafa Group,,,0.53,no_project,
Palm Hills   Palm Valley,26th of July Corridor,31,DEV002,Palm Hills Developments,,,0.38,no_project,
Joulz,6th of October,31,DEV029,Inertia Egypt,DEV029-P01,Joulz,1.0,matched,
Etapa,Sheikh Zayed,31,DEV015,City Edge Developments,DEV015-P04,Etapa,1.0,matched,
Creek Town,new cairo,30,DEV027,IL Cazar Developments,DEV027-P01,Creek Town,1.0,matched,
Green Square,Mostakbal City,29,DEV010,Al Ahly Sabbour,DEV010-P06,Green Square,1.0,matched,
The Village,South Investors Area,29,DEV002,Palm Hills Developments,,,0.48,no_project,
Atalantis,Hurghada Resorts,29,DEV026,Castello Developments,DEV026-P02,Atlantis,0.94,matched,
Hyde Park Central,The 6th Settlement,29,DEV003,Hyde Park Developments,DEV003-P05,Hyde Park Central,1.0,matched,
La Vista 5,Ain Sukhna,28,DEV005,La Vista Developments,DEV005-P07,La Vista 5,1.0,matched,
La Vista,North Coast,28,DEV005,La Vista Developments,,,0.0,brand_only,
Mountain View October,6th of October,28,DEV001,Mountain View,DEV001-P13,Mountain View October Park,0.9,matched,
Mountain View I-City New Cairo,new cairo,28,DEV001,Mountain View,DEV001-P18,Mountain View iCity New Cairo,1.0,matched,
Hacienda Bay,North Coast,28,DEV002,Palm Hills Developments,DEV002-P20,Hacienda Bay,1.0,matched,
DeJoya Residence,New Zayed City,28,DEV043,Taj Misr Developments,DEV043-P05,Dejoya Residence,1.0,matched,
Direction White,North Coast,27,DEV021,Arabella Developments,DEV021-P06,Direction White,1.0,matched,
Amwaj,North Coast,27,DEV010,Al Ahly Sabbour,DEV010-P13,Amwaj,1.0,matched,
Al Masyaf,Ras Al Hekma,26,DEV031,M Squared Developments,,,0.5,no_project,
Kamaran,Al Gouna,26,DEV007,Orascom Development Egypt,,,0.22,no_project,
Patio Al Zahraa,Sheikh Zayed Compounds,26,DEV005,La Vista Developments,DEV005-P19,El Patio Zahraa,0.85,review,
Rehab City Second Phase,Al Rehab,25,DEV009,Talaat Moustafa Group,,,0.51,no_project,
Palm Hills Kattameya,El Katameya Compounds,25,DEV002,Palm Hills Developments,,,0.43,no_project,
Rivers,Sheikh Zayed,25,DEV012,Tatweer Misr,DEV012-P06,Rivers,1.0,matched,
Patio Oro La Vista,new cairo,25,DEV005,La Vista Developments,DEV005-P01,El Patio Oro,0.9,matched,
La Vista 7,Ain Sukhna,25,DEV005,La Vista Developments,DEV005-P09,La Vista 7,1.0,matched,
Koun,Ras Al Hekma,25,DEV042,Mabany Edris,DEV042-P02,Koun,1.0,matched,
Rehab City Third Phase,Al Rehab,24,DEV009,Talaat Moustafa Group,,,0.53,no_project,
Al Burouj,Shorouk City,24,DEV052,Capital Group Properties,DEV052-P01,Alburouj,1.0,matched,
Garden Lakes,6th of October,24,DEV003,Hyde Park Developments,DEV003-P03,Garden Lakes,1.0,matched,
Storia Del Mare,Hurghada Resorts,23,DEV026,Castello Developments,DEV026-P01,Storia Del Mare,1.0,matched,
Mountain View 1 City,6th of october,23,DEV001,Mountain View,,,0.47,no_project,
Mar Bay,Ras Al Hekma,23,DEV011,Al Marasem,DEV011-P03,Mar Bay,1.0,matched,
Eastown,new cairo,23,DEV004,SODIC,DEV004-P12,Eastown,1.0,matched,
90 Avenue,South Investors Area,22,DEV046,Tabarak Holding,DEV046-P01,90 Avenue (incl. N Residence),1.0,matched,
Terrace,sheikh zayed,22,DEV036,HDP,,,0.33,no_project,
Azha,Ain Sukhna,22,DEV018,Madaar Developments,DEV018-P01,Azha Ain Sokhna,0.9,matched,
D-Bay,North Coast,22,DEV012,Tatweer Misr,DEV012-P03,D-Bay,1.0,matched,
El Patio,El Shorouk Compounds,21,DEV005,La Vista Developments,DEV005-P23,El Patio Sola,0.9,matched,
Cairo Gate,Sheikh Zayed,21,DEV006,Emaar Misr,DEV006-P04,Cairo Gate,1.0,matched,
Park Side Residence,Zed Towers,21,DEV008,Ora Developers,,,0.42,no_project,
West Arabella,New Cairo,20,DEV021,Arabella Developments,,,0.33,no_project,
Magawish Resort,Hurghada Resorts,20,DEV028,Kronberg,,,0.3,no_project,
La Vista Patio,new cairo,19,DEV005,La Vista Developments,DEV005-P01,El Patio Oro,0.9,matched,
La Vista Patio Sola,shorouk city,19,DEV005,La Vista Developments,DEV005-P23,El Patio Sola,0.9,matched,
Naia West,Sheikh Zayed,19,DEV056,Naia Developments,DEV056-P01,NAIA West,1.0,matched,
Hacienda Heneish,Qesm Marsa Matrouh,19,DEV002,Palm Hills Developments,DEV002-P17,Hacienda Heneish,1.0,matched,
Bloomfields,mostakbal city,19,DEV012,Tatweer Misr,DEV012-P05,Bloomfields,1.0,matched,
North Edge Towers,North Coast,19,DEV015,City Edge Developments,DEV015-P40,North Edge,0.9,matched,
Saada,New Cairo,19,DEV039,Horizon Egypt,DEV039-P01,Saada New Cairo,0.9,matched,
Pyramids Hills,6th of October,18,DEV008,Ora Developers,DEV008-P05,Pyramid Hills,0.96,matched,
Sodic Vye,sheikh zayed,18,DEV004,SODIC,,,0.33,no_project,
Arabella,New Cairo,18,DEV021,Arabella Developments,,,0.0,brand_only,
Celia,New Capital City,18,DEV009,Talaat Moustafa Group,DEV009-P04,Celia,1.0,matched,
Forty West - Sodic,Sheikh Zayed,18,DEV004,SODIC,DEV004-P03,Forty West,1.0,matched,
Aeon,6 October Compounds,18,DEV016,Marakez,DEV016-P02,AEON Towers,0.9,matched,
Plage,Sidi Abdel Rahman,17,DEV001,Mountain View,DEV001-P22,Plage,1.0,matched,
Solana east,New Cairo,17,DEV008,Ora Developers,DEV008-P04,Solana East,1.0,matched,
Neopolis   Wadi Degla,Mostakbal City Compounds,17,DEV034,Wadi Degla Developments,,,0.55,no_project,
Galleria Moon Valley,New Cairo,17,DEV020,Arabia Holding,DEV020-P07,Galleria Mall,0.8,review,
Stone Residence,katameya,17,DEV022,PRE Developments,DEV022-P01,Stone Residence,1.0,matched,
Makadi Heights,Hurghada,17,DEV007,Orascom Development Egypt,DEV007-P03,Makadi Heights,1.0,matched,
La Vista 4,Ain Sukhna,16,DEV005,La Vista Developments,DEV005-P06,La Vista 4,1.0,matched,
Swan Lake Gouna,Al Gouna,16,DEV007,Orascom Development Egypt,DEV007-P02,El Gouna,0.6,review,
Tabarak,Zahraa El Maadi,16,DEV046,Tabarak Holding,,,0.0,brand_only,
Swan Lake North Coast,Qesm Ad Dabaah,16,DEV013,Hassan Allam Properties,DEV013-P12,SwanLake North Coast,1.0,matched,
La Vista 1,Ain Sukhna,16,DEV005,La Vista Developments,DEV005-P03,La Vista 1,1.0,matched,
El Patio Vida,The 6th Settlement,16,DEV005,La Vista Developments,DEV005-P22,El Patio Vera,0.82,review,
IL Bosco,New Capital City,16,DEV040,Misr Italia Properties,DEV040-P02,IL Bosco New Capital,0.9,matched,
Gaia,North Coast,16,DEV010,Al Ahly Sabbour,DEV010-P12,Gaia,1.0,matched,
La Vista Topaz,ain sukhna,16,DEV005,La Vista Developments,DEV005-P29,La Vista Topaz,1.0,matched,
Jefaira,North Coast,16,DEV029,Inertia Egypt,DEV029-P08,Jefaira,1.0,matched,
Skala Mountain View Ras El Hikma,North Coast Resorts,16,DEV001,Mountain View,DEV001-P07,MV Ras El Hikma,0.9,matched,
October Plaza,6 October Compounds,16,DEV004,SODIC,DEV004-P07,October Plaza,1.0,matched,
Hurghada,Red Sea,16,DEV026,Castello Developments,,,0.38,no_project,
La Vista 2,Ain Sukhna,15,DEV005,La Vista Developments,DEV005-P04,La Vista 2,1.0,matched,
Telal East,New Cairo,15,DEV033,Roya Developments,DEV033-P03,Telal East,1.0,matched,
Aurora,Uptown Cairo,15,DEV006,Emaar Misr,,,0.53,no_project,
Playa Resort,Sidi Abdel Rahman,14,DEV024,New Giza Development,,,0.0,no_project,
The Gate Towers,New Alamein City,14,DEV015,City Edge Developments,DEV015-P42,The Gate Towers,1.0,matched,
Noor City,New Capital City,14,DEV009,Talaat Moustafa Group,,,0.52,no_project,
Solare,Ras Al Hekma,14,DEV040,Misr Italia Properties,DEV040-P06,Solare Ras El Hekma,0.9,matched,
The Courtyards,Sheikh Zayed Compounds,14,DEV004,SODIC,DEV004-P22,The Portal,0.64,review,
Summer,North Coast,14,DEV010,Al Ahly Sabbour,DEV010-P11,Summer (incl. Summer Vibes),1.0,matched,
Telal Al Sokhna,Al Ain Al Sokhna,13,DEV033,Roya Developments,DEV033-P05,Telal El Sokhna,0.92,matched,
Mountain View Mostakbal City,Mostakbal City Compounds,13,DEV001,Mountain View,,,0.33,no_project,
Westown Sodic,sheikh zayed,13,DEV004,SODIC,DEV004-P04,Westown Residences,0.9,matched,
Six West,Beverly Hills,13,DEV004,SODIC,DEV004-P06,Six West,1.0,matched,
AlKarma Kay,Sheikh Zayed Compounds,13,DEV045,Al Karma Developments,DEV045-P06,AlKarma Kay,1.0,matched,
South Med,North Coast,13,DEV009,Talaat Moustafa Group,DEV009-P12,SouthMed,1.0,matched,
Uptown Cairo,Mokattam,13,DEV006,Emaar Misr,DEV006-P01,Uptown Cairo,1.0,matched,
Haptown Hassan Allam,mostakbal city,13,DEV013,Hassan Allam Properties,DEV013-P07,Haptown Mostakbal City,0.9,matched,
Keeva,6th of October,13,DEV010,Al Ahly Sabbour,DEV010-P08,Keeva,1.0,matched,
Sun Capital,Hadayek October,13,DEV020,Arabia Holding,DEV020-P01,Sun Capital (October Gardens),1.0,matched,
The Address,12th District,12,DEV017,Dorra Group,DEV017-P03,The Address,1.0,matched,
Seashell,North Coast,12,DEV048,G Developments,DEV048-P05,Seashell,1.0,matched,
Lugar,New Zayed City,12,DEV064,Gates Developments,DEV064-P05,Gates Lugar,1.0,matched,
Lake view Residence,New Cairo,12,DEV019,El Hazek,DEV019-P02,Lake View Residence,0.9,matched,
Promenade New Cairo,New Cairo,12,DEV034,Wadi Degla Developments,DEV034-P05,Promenade New Cairo,1.0,matched,
Westview Residence,New Zayed City,12,DEV036,HDP,,,0.41,no_project,
Alba Spendia,Uptown Cairo,12,DEV006,Emaar Misr,,,0.5,no_project,
ARC of Soma,Soma Bay,12,DEV038,Olayan Group,,,0.0,no_project,
Alto,Uptown Cairo,12,DEV006,Emaar Misr,,,0.27,no_project,
New Garden City,New Capital City,12,DEV015,City Edge Developments,,,0.55,no_project,
Alamein,North Coast,12,DEV015,City Edge Developments,DEV015-P28,Latin City,0.67,review,
Lake West,Sheikh Zayed,12,DEV063,Cairo Capital Developments,DEV063-P01,Lakewest,1.0,matched,
The Address East,New Cairo,12,DEV017,Dorra Group,DEV017-P02,Address East,0.9,matched,
TRIO,5th Settlement Compounds,11,DEV031,M Squared Developments,,,0.27,no_project,
Dyar Park,Ext North Inves Area,11,DEV054,ARCO Developments,,,0.33,no_project,
Forty West,Sheikh Zayed Compounds,11,DEV004,SODIC,DEV004-P03,Forty West,1.0,matched,
Mountain View City,new cairo,11,DEV001,Mountain View,DEV001-P18,Mountain View iCity New Cairo,0.9,matched,
MarVille New Zayed,Sheikh Zayed,11,DEV011,Al Marasem,DEV011-P02,Mar Ville,0.9,matched,
Vye By Sodic,sheikh zayed,11,DEV004,SODIC,,,0.29,no_project,
Park Central,Mostakbal City,11,DEV013,Hassan Allam Properties,DEV013-P09,Park Central Mostakbal City,0.9,matched,
Safia,North Coast,11,DEV027,IL Cazar Developments,DEV027-P11,Safia,1.0,matched,
Jasmine Palace Resort,Hurghada Resorts,11,DEV028,Kronberg,,,0.3,no_project,
Jasmine Village,Hurghada Resorts,11,DEV028,Kronberg,,,0.29,no_project,
Stoda,sheraton,10,DEV027,IL Cazar Developments,DEV027-P10,Stoda,1.0,matched,
Azzar 2,5th Settlement Compounds,10,DEV037,Reedy Group,,,0.53,no_project,
Golf Side,Uptown Cairo,10,DEV006,Emaar Misr,,,0.38,no_project,
Aliva,Mostakbal City Compounds,10,DEV001,Mountain View,DEV001-P19,Aliva,1.0,matched,
Zed West,sheikh zayed,10,DEV008,Ora Developers,DEV008-P02,ZED East,0.86,matched,
The Square Sabbour,new cairo,10,DEV010,Al Ahly Sabbour,DEV010-P06,Green Square,0.7,review,
Al Patio Oro La Vista,new cairo,10,DEV005,La Vista Developments,DEV005-P01,El Patio Oro,0.9,matched,
Mountain View Elifa,mostakbal city,10,DEV001,Mountain View,DEV001-P19,Aliva,0.6,review,
Mesca,Soma Bay,9,DEV038,Olayan Group,,,0.0,no_project,
Dorra,North Investors Area,9,DEV017,Dorra Group,,,0.0,brand_only,
Arabella Park,New Cairo - El Tagamoa,9,DEV021,Arabella Developments,DEV021-P04,Ark (Edge and Cliff),0.86,matched,
Aliva Mountain View,mostakbal city,9,DEV001,Mountain View,DEV001-P19,Aliva,1.0,matched,
Casa Sodic,sheikh zayed,9,DEV004,SODIC,DEV004-P19,Caesar,0.8,review,
Mountain View Club Park,6th of october,9,DEV001,Mountain View,DEV001-P14,Mountain View Chillout Park,0.7,review,
Ivoire,Sheikh Zayed,9,DEV022,PRE Developments,DEV022-P06,Ivoire West,0.9,matched,
The Brooks,New Cairo - El Tagamoa,9,DEV022,PRE Developments,DEV022-P03,The Brooks,1.0,matched,
Scenes,Mostakbal City Compounds,8,DEV012,Tatweer Misr,,,0.2,no_project,
Azzar Islands,North Coast,8,DEV037,Reedy Group,DEV037-P02,Ten Islands,0.64,review,
Jirian,New Zayed City,8,DEV002,Palm Hills Developments,DEV002-P09,Palm Hills Jirian,1.0,matched,
Sodic Casa,sheikh zayed,8,DEV004,SODIC,DEV004-P19,Caesar,0.8,review,
Al Katameya Plaza,The 1st Settlement,8,DEV004,SODIC,DEV004-P14,Katameya Plaza,0.93,matched,
Mountain View Ras El Hikma,north coast,8,DEV001,Mountain View,DEV001-P07,MV Ras El Hikma,1.0,matched,
Zomra East,The 5th Settlement,8,DEV057,Nations of Sky Developments,DEV057-P03,Zomra East,1.0,matched,
Tuban Islands,El Gouna,8,DEV007,Orascom Development Egypt,,,0.43,no_project,
1st Avenue South side,Hurghada Resorts,8,DEV061,AKA Group,DEV061-P01,AlHambra First Avenue Southside,0.74,review,
Cape Bay Sokhna,Al Ain Al Sokhna,8,DEV071,Lasirena Group,DEV071-P08,Cape Bay,0.9,matched,
Fountain Side,Uptown Cairo,8,DEV006,Emaar Misr,,,0.4,no_project,
Downtown,New Alamein City,8,DEV015,City Edge Developments,DEV015-P41,Downtown,1.0,matched,
BETA Residence,Hadayek October,8,DEV072,Beta Egypt Developments,DEV072-P05,Beta Residence,1.0,matched,
Elan,Cairo Gate,8,DEV006,Emaar Misr,,,0.33,no_project,
Eleva,Uptown Cairo,8,DEV006,Emaar Misr,DEV006-P05,Belle Vie,0.62,review,
Park View,North Investors Area,7,DEV013,Hassan Allam Properties,DEV013-P03,Parkview Katameya,0.9,matched,
Golf Porto Marina,Al Alamein,7,DEV023,Amer Group,DEV023-P03,Golf Porto Marina,1.0,matched,
The Waterway,North Investors Area,7,DEV041,The Waterway Developments,,,0.0,brand_only,
The Waterway View,90 Street,7,DEV041,The Waterway Developments,,,0.29,no_project,
Elora,Sheikh Zayed,7,DEV020,Arabia Holding,DEV020-P02,Elora,1.0,matched,
Icity  By Mountain View,new cairo,7,DEV001,Mountain View,DEV001-P17,Mountain View iCity October,0.63,review,
Ancient Sands Resort,El Gouna,7,DEV007,Orascom Development Egypt,,,0.32,no_project,
Mountain View I-City 6 October,6th of october,7,DEV001,Mountain View,DEV001-P17,Mountain View iCity October,0.96,matched,
Telal Alamein,Sidi Abdel Rahman,7,DEV033,Roya Developments,,,0.57,no_project,
Obour City,Cairo,7,DEV010,Al Ahly Sabbour,,,0.3,no_project,
Elm,Northern Expansions,6,DEV077,Elm Development,,,0.0,brand_only,
El Patio Town,5th Settlement Compounds,6,DEV005,La Vista Developments,DEV005-P02,El Patio Town,1.0,matched,
Lake View Residence 2,New Cairo,6,DEV019,El Hazek,DEV019-P02,Lake View Residence,0.9,matched,
Eden,Cairo Gate,6,DEV004,SODIC,DEV004-P26,EDNC,0.75,review,
Mountain View Alifa,mostakbal city,6,DEV001,Mountain View,DEV001-P19,Aliva,0.8,review,
Hacienda White,Sidi Abdel Rahman,6,DEV002,Palm Hills Developments,DEV002-P21,Hacienda White,1.0,matched,
Village Gardens Katameya,New Cairo,6,DEV002,Palm Hills Developments,DEV002-P07,Village de la Capitale,0.63,review,
Tara,Sheikh Zayed Compounds,6,DEV017,Dorra Group,,,0.43,no_project,
Dejoya,new capital city,6,DEV043,Taj Misr Developments,DEV043-P01,Dejoya 1,0.92,matched,
Rehab City Forth Phase,Al Rehab,6,DEV009,Talaat Moustafa Group,,,0.53,no_project,
Mountain View City October,6th of october,6,DEV001,Mountain View,DEV001-P17,Mountain View iCity October,0.96,matched,
Park View - Hassan Allam,new cairo,6,DEV013,Hassan Allam Properties,DEV013-P03,Parkview Katameya,0.9,matched,
Veranda,Sahl Hasheesh,6,DEV029,Inertia Egypt,,,0.43,no_project,
Granville,New Capital City,6,DEV003,Hyde Park Developments,,,0.43,no_project,
Ras Soma,Safaga,6,DEV032,Travco Properties,DEV032-P02,Ras Soma,1.0,matched,
Aeon Marakez Towers,6th of october,6,DEV016,Marakez,DEV016-P02,AEON Towers,1.0,matched,
Youd,Ras Al Hekma,6,DEV010,Al Ahly Sabbour,DEV010-P09,YOUD,1.0,matched,
Ghazala Bay,Qesm Ad Dabaah,6,DEV010,Al Ahly Sabbour,,,0.43,no_project,
Azzar,New Cairo - El Tagamoa,6,DEV037,Reedy Group,DEV037-P01,Azzar New Cairo,0.9,matched,
1St Avenue North Side,hurghada,6,DEV061,AKA Group,DEV061-P02,Alhambra First Avenue Northside,0.74,review,
Red Hills by Enza,Sahl Hasheesh,5,DEV081,ENZA Developments,DEV081-P01,Red Hills,0.9,matched,
AZAD,new cairo,5,DEV016,Fawaz Alhokair Group,,,0.44,no_project,
The Islands,New Capital City,5,DEV070,EGYGAB,,,0.53,no_project,
Diplomats Mountain View,Fuka,5,DEV001,Mountain View,,,0.43,no_project,
Tawila El Gouna,Al Gouna,5,DEV007,Orascom Development Egypt,DEV007-P02,El Gouna,0.9,matched,
Royal City,Sheikh Zayed Compounds,5,DEV017,Dorra Group,,,0.29,no_project,
Village Views,Zed Towers,5,DEV008,Ora Developers,,,0.36,no_project,
Valea,sheikh zayed,5,DEV006,Emaar Misr,,,0.36,no_project,
The Crest,New Cairo,5,DEV027,IL Cazar Developments,DEV027-P04,The Crest,1.0,matched,
Hay El Maadi,Cairo,5,DEV049,Lovera Development,,,0.0,no_project,
Al Patio 2,North Investors Area,5,DEV005,La Vista Developments,DEV005-P11,El Patio 2,0.88,matched,
Courtyard Sodic,sheikh zayed,5,DEV004,SODIC,,,0.44,no_project,
Croons Sarai,Mostakbal City Compounds,5,DEV014,Madinet Masr,DEV014-P02,Sarai,0.9,matched,
Bellagio,New Cairo - El Tagamoa,5,DEV054,ARCO Developments,,,0.33,no_project,
Valore,sheraton,5,DEV069,Valore Developments,,,0.0,brand_only,
Aeon Marakez,6th of october,5,DEV016,Marakez,DEV016-P02,AEON Towers,0.9,matched,
Dose,Qesm Ad Dabaah,5,DEV059,Akam AlRajhi,DEV059-P03,D.O.S.E,1.0,matched,
One33,6 October Compounds,5,DEV044,Badr El Din Developments,,,0.2,no_project,
The Med,Ras Al Hekma,5,DEV030,Maven Developments,,,0.14,no_project,
Layan Residence,5th Settlement Compounds,5,DEV010,Al Ahly Sabbour,,,0.4,no_project,
Katameya Plaza Sodic,new cairo,5,DEV004,SODIC,DEV004-P14,Katameya Plaza,1.0,matched,
October Plaza By Sodic,6th of october,5,DEV004,SODIC,DEV004-P07,October Plaza,0.92,matched,
Novella,Waslet Dahshur Road,5,DEV045,Al Karma Developments,DEV045-P08,Novella,1.0,matched,
Marasem,sheikh zayed,5,DEV011,Al Marasem,,,0.0,brand_only,
Hassan Allam,new cairo,4,DEV013,Hassan Allam Properties,,,0.0,brand_only,
Bay West,Soma Bay,4,DEV038,Olayan Group,,,0.0,no_project,
Brix,Cairo Alexandria Desert Road,4,DEV029,Inertia Egypt,DEV029-P02,Brix,1.0,matched,
Zayed 2000,Sheikh Zayed,4,DEV017,Dorra Group,DEV017-P04,Zayed 2000,1.0,matched,
Glen,The 6th Settlement,4,DEV027,IL Cazar Developments,DEV027-P09,Glen,1.0,matched,
Alhambra Waterfalls,hurghada,4,DEV061,AKA Group,DEV061-P04,Al Hambra Waterfalls,1.0,matched,
Nyoum October,6th of October,4,DEV067,Arab Developers Holding,DEV067-P01,Nyoum October,1.0,matched,
Coy,sheikh zayed,4,DEV058,Voya Developments,DEV058-P02,COY,1.0,matched,
Modon Golf Town,The 6th Settlement,4,DEV008,Ora Developers,,,0.32,no_project,
Aljar,sheraton,4,DEV069,Valore Developments,,,0.31,no_project,
Ancient Hill,El Gouna,4,DEV007,Orascom Development Egypt,,,0.33,no_project,
W Signature By Waterway,South Investors Area,4,DEV041,The Waterway Developments,,,0.3,no_project,
Bel Air - Sodic,Sheikh Zayed,4,DEV004,SODIC,,,0.5,no_project,
Royal Meadows,Sheikh Zayed,4,DEV017,Dorra Group,,,0.36,no_project,
Grand Lane,The 6th Settlement,4,DEV036,HDP,,,0.5,no_project,
Atrio,Sheikh Zayed,4,DEV017,Dorra Group,,,0.32,no_project,
Alba Aliyah,Uptown Cairo,4,DEV006,Emaar Misr,,,0.35,no_project,
Stei8ht,New Cairo,4,DEV010,Al Ahly Sabbour,,,0.4,no_project,
Alaire,The City of Odyssia,4,DEV010,Al Ahly Sabbour,DEV010-P05,Alaire,1.0,matched,
L’Avenir Sabbour,mostakbal city,4,DEV010,Al Ahly Sabbour,DEV010-P07,L'Avenir,1.0,matched,
De Joya 4,new capital city,4,DEV043,Taj Misr Developments,DEV043-P04,Dejoya 4,1.0,matched,
Key Of Greens,New Zayed City,4,DEV060,TBK Developments,DEV060-P04,Key of Greens,1.0,matched,
Sodic October Plaza,6th of october,4,DEV004,SODIC,DEV004-P07,October Plaza,1.0,matched,
City Edge Towers,north coast,4,DEV015,City Edge Developments,DEV015-P25,Maspero Business Towers,0.9,matched,
Ivoire East,New Cairo,4,DEV022,PRE Developments,DEV022-P04,Ivoire East,1.0,matched,
Mountain View Executive Residence Katameya,El Katameya Compounds,4,DEV001,Mountain View,DEV001-P15,Mountain View Executive Residence Katameya,1.0,matched,
I-City Mountain View,new cairo,4,DEV001,Mountain View,DEV001-P18,Mountain View iCity New Cairo,0.9,matched,
New Heliopolis,New Heliopolis,4,DEV014,Madinet Masr,,,0.21,no_project,
Mountain View Ras Al-Hikma,north coast,4,DEV001,Mountain View,DEV001-P07,MV Ras El Hikma,0.9,matched,
Belle Vie Emaar,sheikh zayed,3,DEV006,Emaar Misr,DEV006-P05,Belle Vie,1.0,matched,
Reyna,Uptown Cairo,3,DEV006,Emaar Misr,,,0.33,no_project,
Kingsway,6th of October,3,DEV001,Mountain View,DEV001-P23,Kingsway,1.0,matched,
Marina 8,North Coast,3,DEV047,Saudi Egyptian Developers,DEV047-P06,Marina 8 (M8),1.0,matched,
Palm East,South Investors Area,3,DEV085,TG Developments,,,0.0,no_project,
Bluemar Wadi Degla,Sidi Abdel Rahman,3,DEV034,Wadi Degla Developments,DEV034-P08,Blumar Hills,0.67,review,
Mokattam,Mokattam,3,DEV006,Emaar Misr,,,0.4,no_project,
La Vista Oro,new cairo,3,DEV005,La Vista Developments,,,0.46,no_project,
La Vista Plateau Oro,new cairo,3,DEV005,La Vista Developments,DEV005-P01,El Patio Oro,0.6,review,
The Lakeview Boutique Villas,5th Settlement Compounds,3,DEV019,El Hazek,,,0.18,no_project,
La Vista El Patio Sola,shorouk city,3,DEV005,La Vista Developments,DEV005-P23,El Patio Sola,1.0,matched,
La Vista Al Patio,new cairo,3,DEV005,La Vista Developments,DEV005-P10,El Patio 1,0.8,review,
Uptown Emaar,mokattam,3,DEV006,Emaar Misr,DEV006-P01,Uptown Cairo,0.9,matched,
EL Patio 7,New Cairo,3,DEV005,La Vista Developments,DEV005-P16,El Patio 7,1.0,matched,
La Vista Ain Sokhna,ain sukhna,3,DEV005,La Vista Developments,,,0.5,no_project,
Naia bay,North Coast,3,DEV056,Naia Developments,DEV056-P02,NAIA Bay,1.0,matched,
El Patio Riva,new cairo,3,DEV005,La Vista Developments,DEV005-P18,El Patio Prime,0.78,review,
El Patio Jade,New Capital Compounds,3,DEV005,La Vista Developments,DEV005-P21,El Patio Jade,1.0,matched,
Soleya,6 October Compounds,3,DEV029,Inertia Egypt,DEV029-P03,Soleya,1.0,matched,
Mountain View New Cairo,new cairo,3,DEV001,Mountain View,DEV001-P02,Creekview New Cairo,0.9,matched,
Mountain View 1.1 Extension,new cairo,3,DEV001,Mountain View,,,0.36,no_project,
Marina 5,Marina,3,DEV036,HDP,,,0.38,no_project,
Alma,Sheikh Zayed,3,DEV065,IWAN Developments,DEV065-P06,ALMA,1.0,matched,
Mountain View Chillout,6th of october,3,DEV001,Mountain View,DEV001-P14,Mountain View Chillout Park,0.9,matched,
Al Nawadi St,Hadayek October,3,DEV082,Levels Developments,,,0.0,no_project,
Cleopatra Square,Sheikh Zayed,3,DEV013,Hassan Allam Properties,,,0.39,no_project,
Swan Lake Katameya,The 1st Settlement,3,DEV013,Hassan Allam Properties,DEV013-P01,SwanLake Katameya,1.0,matched,
Bali,Al Gouna,3,DEV007,Orascom Development Egypt,,,0.5,no_project,
Sabina,Al Gouna,3,DEV007,Orascom Development Egypt,,,0.35,no_project,
New Alamein Towers,north coast,3,DEV013,Hassan Allam Properties,,,0.58,no_project,
La Vista El Patio Riva,new cairo,3,DEV005,La Vista Developments,DEV005-P18,El Patio Prime,0.78,review,
D.O.S.E North Coast,Qesm Ad Dabaah,3,DEV059,Akam AlRajhi,DEV059-P03,D.O.S.E,0.9,matched,
Stone Park,New Cairo,3,DEV033,Roya Developments,DEV033-P01,Stone Park,1.0,matched,
Zahraa Madinat Nasr,Nasr City,3,DEV014,Madinet Masr,,,0.37,no_project,
Sodic Katameya Plaza,new cairo,3,DEV004,SODIC,DEV004-P14,Katameya Plaza,1.0,matched,
Dyar,New Cairo - El Tagamoa,3,DEV054,ARCO Developments,,,0.3,no_project,
Aeon By Marakez,6th of october,3,DEV016,Marakez,,,0.5,no_project,
Bungalows North Coast,Bungalows,3,DEV020,Arabia Holding,DEV020-P06,Bungalows,0.9,matched,
Jade Park,new capital city,3,DEV015,City Edge Developments,DEV015-P09,Jade Park,1.0,matched,
Swan Lake,new cairo,3,DEV013,Hassan Allam Properties,DEV013-P01,SwanLake Katameya,0.9,matched,
Talaat Mostafa,madinaty,3,DEV009,Talaat Moustafa Group,,,0.57,no_project,
IL Bosco City,Mostakbal City,3,DEV040,Misr Italia Properties,DEV040-P01,IL Bosco City,1.0,matched,
The City of Odyssia,Mostakbal City Compounds,3,DEV010,Al Ahly Sabbour,,,0.42,no_project,
Grand Residence,New Cairo - El Tagamoa,3,DEV010,Al Ahly Sabbour,,,0.4,no_project,
The Ridge,Mostakbal City,3,DEV010,Al Ahly Sabbour,DEV010-P03,The Ridge,1.0,matched,
La Vista Riva,new cairo,2,DEV005,La Vista Developments,,,0.57,no_project,
I-City Mountain View New Cairo,new cairo,2,DEV001,Mountain View,DEV001-P18,Mountain View iCity New Cairo,1.0,matched,
Casa - Sodic - Sheikh Zayed,sheikh zayed,2,DEV004,SODIC,,,0.38,no_project,
Diplo Mountain View,North Coast,2,DEV001,Mountain View,,,0.4,no_project,
Al Marasem Fifth Square,new cairo,2,DEV011,Al Marasem,DEV011-P01,Fifth Square,1.0,matched,
Owest - Orascom,6th of october,2,DEV007,Orascom Development Egypt,DEV007-P01,O West,1.0,matched,
Marasem Lake Residence / Rotana Hotel,new cairo,2,DEV011,Al Marasem,,,0.17,no_project,
Allegria Sodic,sheikh zayed,2,DEV004,SODIC,DEV004-P01,Allegria,1.0,matched,
Sodic Villette,new cairo,2,DEV004,SODIC,DEV004-P13,Villette (incl. V Residences and Sky Condos),1.0,matched,
Mountain View I-City – Club Park,new cairo,2,DEV001,Mountain View,DEV001-P18,Mountain View iCity New Cairo,0.62,review,
Mountain View Elifa Al Mostakbal,mostakbal city,2,DEV001,Mountain View,,,0.32,no_project,
La Vista Project,new cairo,2,DEV005,La Vista Developments,,,0.42,no_project,
Sodic Courtyard,sheikh zayed,2,DEV004,SODIC,,,0.44,no_project,
West Town Sodic,sheikh zayed,2,DEV004,SODIC,DEV004-P24,Westown Hub,0.78,review,
Lavista Gardens El Sokhna,ain sukhna,2,DEV005,La Vista Developments,DEV005-P27,La Vista Gardens,0.9,matched,
Uptown Emaar New Cairo,mokattam,2,DEV006,Emaar Misr,DEV006-P01,Uptown Cairo,0.88,matched,
Cairo Gate Emaar,sheikh zayed,2,DEV006,Emaar Misr,DEV006-P04,Cairo Gate,1.0,matched,
Sodic Sheikh Zayed,sheikh zayed,2,DEV004,SODIC,,,0.38,no_project,
La Vista Topaz Ain Sokhna,ain sukhna,2,DEV005,La Vista Developments,DEV005-P29,La Vista Topaz,0.9,matched,
Sodic West – Westown,sheikh zayed,2,DEV004,SODIC,DEV004-P24,Westown Hub,0.67,review,
Sodic Wtr,sheikh zayed,2,DEV004,SODIC,,,0.4,no_project,
Carmel Sodic,sheikh zayed,2,DEV004,SODIC,,,0.53,no_project,
Sodic Carmel,sheikh zayed,2,DEV004,SODIC,,,0.53,no_project,
Sodic Vye - New Zayed,sheikh zayed,2,DEV004,SODIC,,,0.42,no_project,
Courtyards Westown Sodic,sheikh zayed,2,DEV004,SODIC,DEV004-P03,Forty West,0.62,review,
October Plaza Sodic Sheikh Zayed,6th of october,2,DEV004,SODIC,DEV004-P07,October Plaza,0.9,matched,
Palm Hills Village Avenue,North Investors Area,2,DEV002,Palm Hills Developments,,,0.56,no_project,
Lavista Al Patio Oro,new cairo,2,DEV005,La Vista Developments,DEV005-P01,El Patio Oro,0.67,review,
Mountain View Eliva,mostakbal city,2,DEV001,Mountain View,DEV001-P19,Aliva,0.8,review,
Hassan Allam Towers,north coast,2,DEV013,Hassan Allam Properties,,,0.38,no_project,
I-City Mountain View 6 October,6th of october,2,DEV001,Mountain View,DEV001-P17,Mountain View iCity October,0.96,matched,
Noor Tmg,new capital city,2,DEV009,Talaat Moustafa Group,,,0.4,no_project,
Laviner Sabbour,mostakbal city,2,DEV010,Al Ahly Sabbour,DEV010-P07,L'Avenir,0.71,review,
Green Square Sabbour,mostakbal city,2,DEV010,Al Ahly Sabbour,DEV010-P06,Green Square,1.0,matched,
Crescent Walk Marakez,new cairo,2,DEV016,Marakez,,,0.56,no_project,
Mountain View Levels North Coast Ras El Hekma,north coast,2,DEV001,Mountain View,DEV001-P03,EVIA - MV Ras El Hekma,0.65,review,
Icity October – Mountain View,6th of october,2,DEV001,Mountain View,DEV001-P17,Mountain View iCity October,1.0,matched,
Talaat Moustafa,madinaty,2,DEV009,Talaat Moustafa Group,,,0.0,brand_only,
Mountain View Eliva Future City,mostakbal city,2,DEV001,Mountain View,,,0.4,no_project,
La Vista Patio Al Shorouk,shorouk city,1,DEV005,La Vista Developments,DEV005-P01,El Patio Oro,0.67,review,
Casa Sodic West,sheikh zayed,1,DEV004,SODIC,DEV004-P06,Six West,0.67,review,
Carmel  Sodic Sheikh Zayed,sheikh zayed,1,DEV004,SODIC,,,0.35,no_project,
Talaat Mostafa St.,Rehab City Fifth Phase,1,DEV009,Talaat Moustafa Group,,,0.5,no_project,
Sodic June,north coast,1,DEV004,SODIC,DEV004-P18,June,1.0,matched,
Sodic Ville,new cairo,1,DEV004,SODIC,DEV004-P13,Villette (incl. V Residences and Sky Condos),0.9,matched,
East Town Sodic,new cairo,1,DEV004,SODIC,DEV004-P12,Eastown,0.93,matched,
TMG North Coast,Qesm Ad Dabaah,1,DEV009,Talaat Moustafa Group,,,0.35,no_project,
Sodic Vista,new cairo,1,DEV004,SODIC,,,0.46,no_project,
Sodic Eastville,new heliopolis,1,DEV004,SODIC,DEV004-P11,SODIC East,0.9,matched,
V Residence Sodic,new cairo,1,DEV004,SODIC,DEV004-P04,Westown Residences,0.67,review,
Courtyard – Sodic Westown,sheikh zayed,1,DEV004,SODIC,DEV004-P03,Forty West,0.64,review,
La Vista Ray Village,ain sukhna,1,DEV005,La Vista Developments,,,0.46,no_project,
Lavista Ray El Sokhna,ain sukhna,1,DEV005,La Vista Developments,,,0.45,no_project,
Westown Sodic West,sheikh zayed,1,DEV004,SODIC,DEV004-P24,Westown Hub,0.67,review,
La Vista Ras El Hekma,north coast,1,DEV005,La Vista Developments,DEV005-P25,La Vista Ras El Hikma,0.9,matched,
Sodic Eastown,new cairo,1,DEV004,SODIC,DEV004-P12,Eastown,1.0,matched,
Vay (Sodic),sheikh zayed,1,DEV004,SODIC,,,0.36,no_project,
La Vista Batu Casa,shorouk city,1,DEV005,La Vista Developments,DEV005-P17,El Patio Casa,0.63,review,
Rawasi Talaat Mostafa,madinaty,1,DEV009,Talaat Moustafa Group,,,0.41,no_project,
New City Talaat Mustafa,new capital city,1,DEV009,Talaat Moustafa Group,,,0.41,no_project,
New City Talaat Mostafa,new capital city,1,DEV009,Talaat Moustafa Group,,,0.41,no_project,
Sodic West Court Yard,sheikh zayed,1,DEV004,SODIC,,,0.52,no_project,
La Vista Patio Shorouk,shorouk city,1,DEV005,La Vista Developments,DEV005-P01,El Patio Oro,0.73,review,
Ramla Marakez North Coast,north coast,1,DEV016,Marakez,DEV016-P03,Ramla,0.9,matched,
Ramla By Marakez,north coast,1,DEV016,Marakez,DEV016-P03,Ramla,0.9,matched,
Courtyard Aeon Marakez,6th of october,1,DEV016,Marakez,,,0.35,no_project,
Marakez Aeon,sheikh zayed,1,DEV016,Marakez,DEV016-P02,AEON Towers,0.9,matched,
Bloomfields Tatweer Misr ( Mostakbal City,mostakbal city,1,DEV012,Tatweer Misr,DEV012-P05,Bloomfields,0.9,matched,
Bloomfields - Tatweer Misr,mostakbal city,1,DEV012,Tatweer Misr,DEV012-P05,Bloomfields,1.0,matched,
Zahraa Madinet Nasr School St.,10th District,1,DEV014,Madinet Masr,,,0.5,no_project,
Zahrat Madinat Nasr,nasr city,1,DEV014,Madinet Masr,,,0.37,no_project,
La Vista Patio Casa El Sherouk,shorouk city,1,DEV005,La Vista Developments,DEV005-P17,El Patio Casa,0.62,review,
La Vista Al Patio Sola,shorouk city,1,DEV005,La Vista Developments,DEV005-P23,El Patio Sola,0.91,matched,
El Bosco – Misr Italia,new capital city,1,DEV040,Misr Italia Properties,DEV040-P01,IL Bosco City,0.67,review,
Sodic West Town,sheikh zayed,1,DEV004,SODIC,DEV004-P24,Westown Hub,0.78,review,
June Sodic Ras Al-Hekma,north coast,1,DEV004,SODIC,DEV004-P18,June,0.9,matched,
Plaza Sodic October,6th of october,1,DEV004,SODIC,,,0.58,no_project,
Fye Sodic,sheikh zayed,1,DEV004,SODIC,,,0.5,no_project,
Six West Sodic,sheikh zayed,1,DEV004,SODIC,DEV004-P06,Six West,1.0,matched,
Sodic Allegria Residence,sheikh zayed,1,DEV004,SODIC,DEV004-P05,Allegria Residence,1.0,matched,
Sodic Allegria,sheikh zayed,1,DEV004,SODIC,DEV004-P01,Allegria,1.0,matched,
One 16 Sodic,sheikh zayed,1,DEV004,SODIC,,,0.44,no_project,
Courtyards  By Sodic,sheikh zayed,1,DEV004,SODIC,,,0.48,no_project,
Belle Vie Sodic,sheikh zayed,1,DEV004,SODIC,,,0.5,no_project,
The Courtyard  Sodic Sheikh Zayed October,sheikh zayed,1,DEV004,SODIC,,,0.36,no_project,
Vye New Zayed Sodic,sheikh zayed,1,DEV004,SODIC,,,0.42,no_project,
The Estates Residence – Sodic,sheikh zayed,1,DEV004,SODIC,DEV004-P09,The Estates Residences,0.97,matched,
Sodic Karmel,sheikh zayed,1,DEV004,SODIC,DEV004-P10,VYE and Karmell (464 Acres project),0.9,matched,
The Estates Sodic,sheikh zayed,1,DEV004,SODIC,DEV004-P08,The Estates,1.0,matched,
Sodic Valley,mostakbal city,1,DEV004,SODIC,,,0.57,no_project,
El Patio Vida La Vista,new cairo,1,DEV005,La Vista Developments,DEV005-P22,El Patio Vera,0.82,review,
October Plaza Sodic October,6th of october,1,DEV004,SODIC,DEV004-P07,October Plaza,0.9,matched,
June Sodic Ras El Hekma,north coast,1,DEV004,SODIC,DEV004-P18,June,0.9,matched,
La Vista Albetto Oro,new capital city,1,DEV005,La Vista Developments,DEV005-P01,El Patio Oro,0.6,review,
Sodic Velet,new cairo,1,DEV004,SODIC,DEV004-P13,Villette (incl. V Residences and Sky Condos),0.62,review,
Vye Project By Sodic,sheikh zayed,1,DEV004,SODIC,,,0.59,no_project,
L’Avenir Al Ahly Sabbour,mostakbal city,1,DEV010,Al Ahly Sabbour,DEV010-P07,L'Avenir,1.0,matched,
Courtyard Sodic West,sheikh zayed,1,DEV004,SODIC,DEV004-P03,Forty West,0.73,review,
Sodic Zayed New City,sheikh zayed,1,DEV004,SODIC,,,0.5,no_project,
The Estates Residences By Sodic,sheikh zayed,1,DEV004,SODIC,DEV004-P09,The Estates Residences,0.95,matched,
The Square Ahly Sabbour,new cairo,1,DEV010,Al Ahly Sabbour,DEV010-P06,Green Square,0.7,review,
Vinci By Misr Italia,new capital city,1,DEV040,Misr Italia Properties,DEV040-P03,Vinci,0.9,matched,
La Vista 3 El Sokhna,ain sukhna,1,DEV005,La Vista Developments,,,0.5,no_project,
Oddysia Alahly Sabbour,mostakbal city,1,DEV010,Al Ahly Sabbour,,,0.36,no_project,
Tabarak City 1,al ibrahimiyyah,1,DEV046,Tabarak Holding,,,0.36,no_project,
Tabarak Maadi Heights,zahraa al maadi,1,DEV046,Tabarak Holding,,,0.36,no_project,
Lavenir Ahly Sabbour,mostakbal city,1,DEV010,Al Ahly Sabbour,DEV010-P07,L'Avenir,1.0,matched,
L'Aviner Sabbour Al Mostakbal City,mostakbal city,1,DEV010,Al Ahly Sabbour,,,0.37,no_project,
La Vista Ray Ain Sokhna,ain sukhna,1,DEV005,La Vista Developments,,,0.43,no_project,
Courtyard  Sodic Sheikh Zayed,sheikh zayed,1,DEV004,SODIC,,,0.38,no_project,
La Vista El Patio Vida,new cairo,1,DEV005,La Vista Developments,DEV005-P22,El Patio Vera,0.82,review,
Mountain View City View Lagoon,new cairo,1,DEV001,Mountain View,,,0.52,no_project,
La Vista Patio Riva,new cairo,1,DEV005,La Vista Developments,DEV005-P18,El Patio Prime,0.67,review,
Amwaj Ahli Sabbour,north coast,1,DEV010,Al Ahly Sabbour,DEV010-P13,Amwaj,0.9,matched,
Mountain View City (Club Park),6th of october,1,DEV001,Mountain View,DEV001-P17,Mountain View iCity October,0.9,matched,
Mountain View A City October,6th of october,1,DEV001,Mountain View,DEV001-P17,Mountain View iCity October,0.92,matched,
Mountain View Club Park Icity October,6th of october,1,DEV001,Mountain View,DEV001-P17,Mountain View iCity October,0.9,matched,
Mountain View October Icity,6th of october,1,DEV001,Mountain View,DEV001-P13,Mountain View October Park,0.61,review,
Lagoon Mountain View,6th of october,1,DEV001,Mountain View,,,0.55,no_project,
Mountain View Chill Out October,6th of october,1,DEV001,Mountain View,DEV001-P17,Mountain View iCity October,0.74,review,
Mountain View Sell Out Park,6th of october,1,DEV001,Mountain View,DEV001-P14,Mountain View Chillout Park,0.78,review,
Mountain View Kings Way,6th of october,1,DEV001,Mountain View,DEV001-P23,Kingsway,1.0,matched,
Mountain View Scity,6th of october,1,DEV001,Mountain View,,,0.47,no_project,
Group And Mountain View,6th of october,1,DEV001,Mountain View,,,0.44,no_project,
Mountain View - Crete Phase,north coast,1,DEV001,Mountain View,,,0.5,no_project,
Mountain View Diplo Phase,north coast,1,DEV001,Mountain View,,,0.53,no_project,
Mountain View North Coast Ras El Hekma,north coast,1,DEV001,Mountain View,DEV001-P03,EVIA - MV Ras El Hekma,0.65,review,
Mountain View North Coast – Scala Seafront,north coast,1,DEV001,Mountain View,,,0.3,no_project,
Mountain View Ras Al Hikma Rhodes Phase,north coast,1,DEV001,Mountain View,,,0.58,no_project,
Mountain View Scala,north coast,1,DEV001,Mountain View,DEV001-P19,Aliva,0.6,review,
Plage Mountain View,north coast,1,DEV001,Mountain View,DEV001-P22,Plage,1.0,matched,
Mountain View Ras El Hekma – Evia,north coast,1,DEV001,Mountain View,DEV001-P07,MV Ras El Hikma,0.75,review,
Mountain View Ras El Hekma – Paros Heights,north coast,1,DEV001,Mountain View,,,0.56,no_project,
Lvls Mountain View,north coast,1,DEV001,Mountain View,DEV001-P21,LVLS,1.0,matched,
Mountain View Coast,north coast,1,DEV001,Mountain View,,,0.55,no_project,
Mountain View Ain Sokhna,ain sukhna,1,DEV001,Mountain View,DEV001-P08,MV Sokhna 2,0.75,review,
Mountain View El Andalous,new cairo,1,DEV001,Mountain View,,,0.55,no_project,
Mountain View T City October,6th of october,1,DEV001,Mountain View,DEV001-P17,Mountain View iCity October,0.92,matched,
Mountain View Park,6th of october,1,DEV001,Mountain View,DEV001-P13,Mountain View October Park,0.9,matched,
Icity October By Mountain View,6th of october,1,DEV001,Mountain View,DEV001-P17,Mountain View iCity October,0.92,matched,
Mountain View City Cairo,mostakbal city,1,DEV001,Mountain View,DEV001-P18,Mountain View iCity New Cairo,0.82,review,
Mountain View C City,new cairo,1,DEV001,Mountain View,,,0.44,no_project,
Mountain View City - I City,new cairo,1,DEV001,Mountain View,,,0.45,no_project,
Mountain View Hy,new cairo,1,DEV001,Mountain View,,,0.4,no_project,
Mountain View El Andalus,new cairo,1,DEV001,Mountain View,,,0.57,no_project,
Mountain View Alandis,new cairo,1,DEV001,Mountain View,,,0.5,no_project,
Mountain View Extension 1.1,new cairo,1,DEV001,Mountain View,,,0.36,no_project,
Mountain View Icity Extension,new cairo,1,DEV001,Mountain View,,,0.59,no_project,
Mountain View 1.1 New Cairo,new cairo,1,DEV001,Mountain View,DEV001-P18,Mountain View iCity New Cairo,0.7,review,
Mountain View – Al Andalus,new cairo,1,DEV001,Mountain View,,,0.57,no_project,
Jirian Mountain View,sheikh zayed,1,DEV001,Mountain View,DEV001-P24,Jirian Mountain View,1.0,matched,
River Mountain View El-Elysees,mostakbal city,1,DEV001,Mountain View,,,0.46,no_project,
Eliva Mostakbal City Mountain View,mostakbal city,1,DEV001,Mountain View,,,0.35,no_project,
Mountain View Aliva Mostakbal City,mostakbal city,1,DEV001,Mountain View,DEV001-P19,Aliva,0.9,matched,
River Mountain View Elia Al-Mustaqbal,mostakbal city,1,DEV001,Mountain View,,,0.43,no_project,
Mountain View Aliva El Mostakbal City,mostakbal city,1,DEV001,Mountain View,DEV001-P19,Aliva,0.9,matched,
Mountain View Elifa Al-Mostaqbal,mostakbal city,1,DEV001,Mountain View,,,0.31,no_project,
River Mountain View Eleva,mostakbal city,1,DEV001,Mountain View,,,0.42,no_project,
Mountain View Eleva,mostakbal city,1,DEV001,Mountain View,DEV001-P19,Aliva,0.6,review,
Mountain View Elafa,mostakbal city,1,DEV001,Mountain View,,,0.4,no_project,
Mountain View Al Mostakbal City,mostakbal city,1,DEV001,Mountain View,,,0.38,no_project,
Mountain View Eliva Mostakbal City,mostakbal city,1,DEV001,Mountain View,,,0.35,no_project,
Eliva Mountain View Mostakbal City,mostakbal city,1,DEV001,Mountain View,,,0.35,no_project,
Mountain View Square,new cairo,1,DEV001,Mountain View,,,0.36,no_project,
Mountain View Elifa Future City,mostakbal city,1,DEV001,Mountain View,,,0.39,no_project,
Mountain View Future City,mostakbal city,1,DEV001,Mountain View,,,0.39,no_project,
Marville Marasem New Zayed,sheikh zayed,1,DEV011,Al Marasem,DEV011-P02,Mar Ville,0.9,matched,
Mazarine City Edge,north coast,1,DEV015,City Edge Developments,DEV015-P26,Mazarine Hub,0.9,matched,
Patio Riva Gathering Lavista,new cairo,1,DEV005,La Vista Developments,,,0.5,no_project,
El- Patio Oro - Lavista,new cairo,1,DEV005,La Vista Developments,DEV005-P01,El Patio Oro,0.9,matched,
Patio Pro La Vista,new cairo,1,DEV005,La Vista Developments,DEV005-P01,El Patio Oro,0.78,review,
La Vista Patio Or,new cairo,1,DEV005,La Vista Developments,DEV005-P01,El Patio Oro,0.9,matched,
La Vista Elpatio Oro,new cairo,1,DEV005,La Vista Developments,DEV005-P01,El Patio Oro,1.0,matched,
Gharb Arabella,new cairo,1,DEV021,Arabella Developments,,,0.5,no_project,
La Vista El Patio,new cairo,1,DEV005,La Vista Developments,DEV005-P10,El Patio 1,0.93,matched,
Al Patio Oro La Vista City,new cairo,1,DEV005,La Vista Developments,DEV005-P20,La Vista City,0.9,matched,
Marasem Marvel New Zayed,sheikh zayed,1,DEV011,Al Marasem,,,0.45,no_project,
Marasem Lake Residence,new cairo,1,DEV011,Al Marasem,,,0.25,no_project,
Mazarin Tiffany - City Edge,north coast,1,DEV015,City Edge Developments,DEV015-P37,Mazarine Islands,0.69,review,
Marasem Lake Residence Rotana,new cairo,1,DEV011,Al Marasem,,,0.2,no_project,
Marasem 5Th Square,new cairo,1,DEV011,Al Marasem,DEV011-P01,Fifth Square,0.8,review,
Lake Residence Marasem,new cairo,1,DEV011,Al Marasem,,,0.25,no_project,
El Marasem,new cairo,1,DEV011,Al Marasem,,,0.15,no_project,
Marasem Moon Residence,new cairo,1,DEV011,Al Marasem,,,0.29,no_project,
La Vista Patio 7,new cairo,1,DEV005,La Vista Developments,DEV005-P16,El Patio 7,0.9,matched,
La Vista Developments,new cairo,1,DEV005,La Vista Developments,,,0.0,brand_only,
Square Sabbour,new cairo,1,DEV010,Al Ahly Sabbour,DEV010-P06,Green Square,0.9,matched,
Gaia Al Ahli Sabbour,north coast,1,DEV010,Al Ahly Sabbour,DEV010-P12,Gaia,0.9,matched,
Amwaj Al Ahly Sabbour,north coast,1,DEV010,Al Ahly Sabbour,DEV010-P13,Amwaj,1.0,matched,
I-City Fifth Settlement Mountain View,new cairo,1,DEV001,Mountain View,,,0.44,no_project,
La Vista Al Patio Vida,new cairo,1,DEV005,La Vista Developments,DEV005-P22,El Patio Vera,0.73,review,
Mountain View Haydpark,new cairo,1,DEV001,Mountain View,DEV001-P16,Mountain View Hyde Park,0.88,matched,
Lavenir Hap Town Hassan Allam,mostakbal city,1,DEV013,Hassan Allam Properties,,,0.5,no_project,
Mountain View I City Lagoon Park,new cairo,1,DEV001,Mountain View,,,0.59,no_project,
Mountain View Ic October,6th of october,1,DEV001,Mountain View,DEV001-P17,Mountain View iCity October,0.86,matched,
Icity New Cairo Mountain View,new cairo,1,DEV001,Mountain View,DEV001-P18,Mountain View iCity New Cairo,1.0,matched,
Mountain View Grand Valley,New Capital City,1,DEV001,Mountain View,DEV001-P05,Grand Valleys,0.96,matched,
Mountain View Al Sokhna 2,Mountain view,1,DEV001,Mountain View,DEV001-P08,MV Sokhna 2,0.9,matched,
Springs Hassan Allam,shorouk city,1,DEV013,Hassan Allam Properties,,,0.35,no_project,
Lavenir Hassan Allam,mostakbal city,1,DEV013,Hassan Allam Properties,,,0.4,no_project,
Haptown – Park View – Hassan Allam,mostakbal city,1,DEV013,Hassan Allam Properties,,,0.57,no_project,
Hassan Allam Parks And Gardens,mostakbal city,1,DEV013,Hassan Allam Properties,,,0.45,no_project,
Hassan Allam Park Center,mostakbal city,1,DEV013,Hassan Allam Properties,,,0.53,no_project,
Orascom,6th of october,1,DEV007,Orascom Development Egypt,,,0.0,brand_only,
The Gate Towers By City Edge,north coast,1,DEV015,City Edge Developments,DEV015-P42,The Gate Towers,0.93,matched,
Makadi Heights Orascom,makadi bay,1,DEV007,Orascom Development Egypt,DEV007-P03,Makadi Heights,1.0,matched,
Emaar City,mokattam,1,DEV006,Emaar Misr,,,0.46,no_project,
The Address Dorra,sheikh zayed,1,DEV017,Dorra Group,DEV017-P03,The Address,1.0,matched,
Durra Cairo,new cairo,1,DEV017,Dorra Group,,,0.48,no_project,
Address East By Dorra,new cairo,1,DEV017,Dorra Group,DEV017-P02,Address East,0.92,matched,
Badia Palm Hills,6th of october,1,DEV002,Palm Hills Developments,DEV002-P01,Badya,0.8,review,
Palm Hills Capital Garden,new capital city,1,DEV002,Palm Hills Developments,DEV002-P15,Capital Gardens,0.96,matched,
Patio Casa La Vista,shorouk city,1,DEV005,La Vista Developments,DEV005-P17,El Patio Casa,0.9,matched,
Patio Oro - Lavista New Cairo,new cairo,1,DEV005,La Vista Developments,,,0.48,no_project,
Mazarin - City Edge,north coast,1,DEV015,City Edge Developments,DEV015-P26,Mazarine Hub,0.9,matched,
Mazarine Tiffany - City Edge,north coast,1,DEV015,City Edge Developments,DEV015-P37,Mazarine Islands,0.73,review,
