developer_id,name_en,legal_name_en,aliases_en,website,egx_ticker,parent_group,founded_year,hq_city,active_areas,source_urls,verified,notes,listing_count,seen_in_listings
DEV001,Mountain View,,DMG Mountain View|Mountain View for Development and Real Estate Investment,mountainviewegypt.com,,,,Cairo,New Cairo|6th of October|Mostakbal City|North Coast|Ain Sokhna,https://www.dailynewsegypt.com/2026/08/18/top-10-egyptian-developers-sales-rise-to-egp-670bn-in-h1-2026/,True,,12323,True
DEV002,Palm Hills Developments,Palm Hills Developments S.A.E.,PHD,palmhillsdevelopments.com,PHDC,,,Cairo,6th of October|Sheikh Zayed|New Cairo|North Coast,https://www.dailynewsegypt.com/2026/08/18/top-10-egyptian-developers-sales-rise-to-egp-670bn-in-h1-2026/|https://blogs.realestate.gov.eg/best-real-estate-developers-in-egypt-2025/,True,,9972,True
DEV003,Hyde Park Developments,,,hydeparkdevelopments.com,,,,Cairo,New Cairo|6th of October|North Coast,https://www.dailynewsegypt.com/2022/09/23/hyde-park-developments-showcases-projects-in-east-and-west-cairo-north-coast-at-cityscape-egypt-exhibition/|https://www.dailynewsegypt.com/2026/08/18/top-10-egyptian-developers-sales-rise-to-egp-670bn-in-h1-2026/,True,,5093,True
DEV004,SODIC,Sixth of October for Development and Investment,Sixth of October Development and Investment|Six of October Development & Investment,sodic.com,OCDI,Aldar Properties / Alpha Dhabi consortium,1996.0,Cairo,Sheikh Zayed|New Cairo|6th of October|North Coast,https://www.dailynewsegypt.com/2025/02/23/egypts-top-21-real-estate-developers-double-sales-to-egp-1-4trn-in-2024/,True,"Founding year from official site title; parent from general knowledge, not source-verified",3971,True
DEV005,La Vista Developments,,,lavista-developments.com,,,,Cairo,New Cairo|North Coast|Ain Sokhna|New Capital,https://www.dailynewsegypt.com/2026/08/18/top-10-egyptian-developers-sales-rise-to-egp-670bn-in-h1-2026/,True,,2693,True
DEV006,Emaar Misr,Emaar Misr for Development,,emaarmisr.com,EMFD,Emaar Properties,,Cairo,New Cairo|Mokattam|North Coast|Sheikh Zayed|Red Sea,https://www.dailynewsegypt.com/2025/09/07/emaar-misr-citystars-to-develop-egp-900bn-marassi-red-sea-resort-in-egypt/|https://www.dailynewsegypt.com/2026/08/18/top-10-egyptian-developers-sales-rise-to-egp-670bn-in-h1-2026/,True,Website listed but not fetched (automated access excluded by brief). Mivida|Uptown Cairo|Marassi|Cairo Gate,1348,True
DEV007,Orascom Development Egypt,,Orascom Hotels and Development|ODE,orascomdh.com,ORHD,Orascom Development Holding,,Cairo,6th of October|El Gouna|North Coast,https://www.dailynewsegypt.com/2023/05/07/orascom-development-begins-handover-of-1st-phase-of-o-west/,True,O West|El Gouna|Makadi; website shown is the holding site,929,True
DEV008,Ora Developers,,,oradevelopers.com,,,,Cairo,New Cairo|Sheikh Zayed|North Coast|Mostakbal City,https://www.dailynewsegypt.com/2026/07/11/four-bank-consortium-extends-egp-4bn-syndicated-loan-to-ora-developers-egypt/|https://www.dailynewsegypt.com/2025/02/23/egypts-top-21-real-estate-developers-double-sales-to-egp-1-4trn-in-2024/,True,,841,True
DEV009,Talaat Moustafa Group,Talaat Moustafa Group Holding,TMG|TMG Holding,talaatmoustafa.com,TMGH,,,Cairo,New Cairo|Madinaty|Rehab|New Capital|North Coast,https://www.dailynewsegypt.com/2026/08/18/top-10-egyptian-developers-sales-rise-to-egp-670bn-in-h1-2026/,True,Madinaty|Al Rehab|Noor|Celia|SouthMED,578,True
DEV010,Al Ahly Sabbour,,Al Ahly Sabbour Developments|Sabbour,alahlysabbour.com,,,1994.0,Cairo,Mostakbal City|New Cairo|North Coast,https://www.dailynewsegypt.com/2024/03/18/al-ahly-sabbour-unveils-egp-135bn-summer-at-east-projects-signaling-new-era-in-egyptian-real-estate/,True,Founding year from Zawya company profile snippet,435,True
DEV011,Al Marasem International,,,almarasem.com,,,,Cairo,New Cairo|New Zayed,https://www.dailynewsegypt.com/2025/05/06/al-marasem-international-commits-egp-8bn-to-fuel-real-estate-expansion-in-egypt/|https://www.dailynewsegypt.com/2025/02/23/egypts-top-21-real-estate-developers-double-sales-to-egp-1-4trn-in-2024/,True,,415,True
DEV012,Tatweer Misr,,,tatweermisr.com,,,,Cairo,New Cairo|North Coast|Ain Sokhna|Mostakbal City,https://www.dailynewsegypt.com/2026/07/12/tatweer-misr-launches-salt-marina-with-egp-28bn-investment-in-north-coast/|https://www.dailynewsegypt.com/2026/08/18/top-10-egyptian-developers-sales-rise-to-egp-670bn-in-h1-2026/,True,,378,True
DEV013,Hassan Allam Properties,,,hap.com.eg,,,,Cairo,Mostakbal City,https://www.dailynewsegypt.com/2024/03/18/hassan-allam-properties-grows-presence-in-mostakbal-city-with-279-feddan-expansion/,True,,359,True
DEV014,Madinet Masr,Madinet Masr for Housing and Development,MNHD|Madinet Nasr Housing and Development|Medinet Nasr Housing,madinetmasr.com,MASR,,,Cairo,New Cairo|New Heliopolis|Nasr City,https://www.dailynewsegypt.com/2026/01/19/madinet-masr-posts-record-egp-52-1bn-in-new-sales-as-deliveries-surge-201-in-2025/|https://www.dailynewsegypt.com/2026/08/18/top-10-egyptian-developers-sales-rise-to-egp-670bn-in-h1-2026/,True,Taj City|Sarai|Talala,305,True
DEV015,City Edge Developments,,,cityedgedevelopments.com,,,,Cairo,New Capital|New Cairo|North Coast|New Alamein,https://www.dailynewsegypt.com/2025/11/23/egypts-top-10-real-estate-developers-record-egp-1-05trn-in-sales-during-m9-2025/|https://www.dailynewsegypt.com/2024/06/10/city-edge-developments-launches-beachfront-towers-in-new-alamein-with-multi-use-podium-flexible-payment-plans/,True,,304,True
DEV016,Marakez,,,marakez.net,,Fawaz Alhokair Group,,Cairo,New Cairo|6th of October|North Coast,https://www.dailynewsegypt.com/2026/01/19/marakez-secures-egp-3bn-financing-from-kfh-egypt-to-expand-district-5-commercial-office-offerings/,True,,277,True
DEV017,Dorra Group,,,dorra.com,,,1943.0,Cairo,Sheikh Zayed|North Coast,https://www.dailynewsegypt.com/2023/04/03/on-80th-anniversary-dorra-maintains-leadership-in-egypts-real-estate-market-expands-abroad/,True,"Contracting since 1943, development since 1994 per Daily News Egypt; site title says Dorra Holding",222,True
DEV018,Madaar Developments,,,,,,,Cairo,Sheikh Zayed|North Coast|Ain Sokhna,https://www.dailynewsegypt.com/2026/04/19/madaar-developments-unveils-the-hillage-in-sheikh-zayed-with-egp-15bn-investments/|https://www.dailynewsegypt.com/2024/10/02/madaar-announces-expansion-plans-exclusive-offers-at-cityscape-egypt-2024/,True,,193,True
DEV019,Lake View Urban Development,,Lake View Developments|Lake View Residence,,,El Hazek Group,,Cairo,New Cairo,https://www.dailynewsegypt.com/2024/01/10/adifinance-joins-alliance-to-offer-financing-of-egp-1-3bn-to-el-hazek-construction/,True,,180,True
DEV020,Arabia Holding,,,,,,,Cairo,6th of October,https://www.dailynewsegypt.com/2018/10/29/arabia-holding-to-direct-egp1-5bn-in-sun-capital-galleria-projects-in-2019/,True,Sun Capital (Hadayek October); distinct from EGX-listed Arabia Investments Holding,149,True
DEV021,Arabella Developments,,,,,,,,,,False,seen in listing data only; web verification failed in Stage 1b,99,True
DEV022,PRE Group,Pioneers Properties for Urban Development,PRE Developments|Pioneers Real Estate,,PRDC,,,Cairo,Sheikh Zayed|New Cairo,https://www.dailynewsegypt.com/2026/05/19/pre-group-targets-end-2026-delivery-of-first-phase-at-ivoire-west-in-sheikh-zayed/,True,Ivoire West|Big Business District,93,True
DEV023,Amer Group,Amer Group Holding,,,AMER,,,Cairo,Ain Sokhna|North Coast|Heliopolis|Port Said,https://www.dailynewsegypt.com/2015/11/15/amer-group-porto-group-sign-agreement-to-develop-4-projects/,True,Porto brand co-developer,83,True
DEV024,NEWGIZA,,,newgiza.com,,,,Cairo,Giza|North Coast,https://www.dailynewsegypt.com/2023/08/08/egypts-top-10-developers-revealed-with-88-sales-increase-in-1h-2023/,True,,83,True
DEV025,Qatari Diar,,,,,,,Doha,North Coast|New Cairo,https://www.dailynewsegypt.com/2026/08/09/madbouly-launches-construction-of-qatari-diars-29-7bn-alam-al-roum-project-in-north-coast/,True,Alam El Roum (North Coast); kept because Stage 1a found it in listing data,83,True
DEV026,Castello Developments,,,,,,,,,,False,seen in listing data only; web verification failed in Stage 1b,80,True
DEV027,IL Cazar Developments,,,,,,,Cairo,New Cairo|North Coast,https://www.dailynewsegypt.com/2022/04/11/go-khozam-rebrands-to-il-cazar-developments/,True,,79,True
DEV028,Kronberg,,,,,,,,,,False,seen in listing data only; web verification failed in Stage 1b,79,True
DEV029,Inertia Egypt,,,inertiaegypt.com,,,,Cairo,Sheikh Zayed|North Coast|El Gouna,https://www.dailynewsegypt.com/2025/02/22/inertia-egypt-to-invest-egp-8bn-in-real-estate-during-2025/,True,,75,True
DEV030,Maven Developments,,,,,RiverWards Group,,Cairo,Ain Sokhna|Ras El Hekma,https://www.dailynewsegypt.com/2020/02/03/maven-developments-launches-first-egypt-project-in-ain-sokhna-with-egp-4bn-investment/,True,Ain Sokhna and North Coast only in fetched press,71,True
DEV031,M Squared Developments,,,,,,,Cairo,Ras El Hekma,https://www.dailynewsegypt.com/2026/09/06/m-squareds-masyaf-ras-al-hekma-reaches-41-construction-completion-as-phase-two-begins/,True,,70,True
DEV032,Travco Properties,,,,,Travco Group,,Cairo,Sahl Hasheesh,https://www.dailynewsegypt.com/2015/05/06/local-regional-investors-eye-opportunities-in-sahl-hasheesh/,True,Only confirmed in Red Sea (Sahl Hasheesh) hospitality context; Cairo residential not confirmed,69,True
DEV033,Roya Developments,,Rooya Group,royadevelopments.com,,,,Cairo,,https://www.royadevelopments.com/,False,Official-looking site responded (title 'Roya'); no press confirmation fetched; merged with Rooya Group,65,True
DEV034,Wadi Degla Developments,,,wadidegladevelopments.com,,,,Cairo,Ain Sokhna|New Cairo,https://www.dailynewsegypt.com/2026/04/19/wadi-degla-developments-records-egp-5-6bn-in-2025-sales/,True,,64,True
DEV035,Al-Futtaim Group Real Estate,,AFGRE|Al-Futtaim,,,Al-Futtaim Group,,Dubai,New Cairo,https://www.zawya.com/en/projects/construction/uaes-al-futtaim-group-launches-new-phase-of-aura-apartments-in-cairo-festival-city-jruock6v,True,Cairo Festival City,61,True
DEV036,Housing and Development Properties,,HDP,hdp.com.eg,,Housing and Development Bank,,Cairo,New Cairo,https://www.dailynewsegypt.com/2026/01/20/hdp-launches-grand-lane-residential-project-in-new-cairo-with-egp-50bn-investments/,True,,52,True
DEV037,Reedy Group,,Reedy for Real Estate Investment,,,,,Cairo,New Cairo,https://www.zawya.com/en/business/egypts-reedy-group-plans-700mln-955mln-real-estate-investments-in-five-years-v6o5zdev,True,,51,True
DEV038,Olayan Group,,,,,,,,,,False,seen in listing data only; web verification failed in Stage 1b,51,True
DEV039,Horizon Egypt Developments,,Horizon Egypt,,,,2021.0,Cairo,New Cairo|North Coast,https://www.dailynewsegypt.com/2023/09/11/saada-new-cairo-new-real-estate-project-by-horizon-egypt-developments-with-egp-36bn-investment/,True,Saada New Cairo,49,True
DEV040,Misr Italia Properties,,,misritaliaproperties.com,,,,Cairo,6th of October|New Cairo|New Capital|Ras El Hekma,https://www.dailynewsegypt.com/2026/08/09/misr-italia-showcases-solare-progress-launches-amare-seafront-villas-in-ras-el-hekma/,True,,49,True
DEV041,The Waterway Developments,,,,,,,Cairo,New Cairo,https://www.dailynewsegypt.com/2020/11/03/the-waterway-developments-launches-egp-5bn-residential-project-in-new-cairo/,True,,49,True
DEV042,Mabany Edris,,,mabanyedris.com,,,,Cairo,New Zayed|Ras El Hekma,https://www.dailynewsegypt.com/2025/05/04/mabany-edris-launches-ons-new-zayed-with-egp-13-5bn-investment-across-84-feddans/,True,,48,True
DEV043,Taj Misr Developments,,,,,,,Cairo,New Capital|Sheikh Zayed,https://www.dailynewsegypt.com/2020/10/01/taj-misr-launches-ezdan-de-joya1-in-new-capital-with-egp-3bn-investments/,True,,48,True
DEV044,Badreldin Group,,Badr El Din Developments|Badr Eldine Developments,badreldin.com,,,,Cairo,Sheikh Zayed|West Cairo,https://www.dailynewsegypt.com/2020/12/08/badreldin-developments-introduces-new-phase-at-kayan-compound/|https://www.zawya.com/en/press-release/companies-news/badreldin-group-celebrates-50-years-of-experience-and-real-estate-excellence-with-landmark-innovation-in-west-cairo-m9sqkvs7,True,"Kayan compound, Karma Communities (Al Karma)",45,True
DEV045,Al Karma Developments,,,,,,,,,,False,seen in listing data only; web verification failed in Stage 1b,44,True
DEV046,Tabarak Developments,,Tabarak Holding,tabarakholding.com,,,1979.0,Cairo,New Capital,https://www.dailynewsegypt.com/2024/12/24/tabarak-holding-invests-egp-60bn-in-real-estate-development-for-2024/,True,,43,True
DEV047,Saudi Egyptian Developers,,SED,,,,1975.0,Cairo,New Capital|New Cairo|North Coast,https://www.dailynewsegypt.com/2024/12/02/saudi-egyptian-developers-unveils-first-phase-of-bleu-vert-in-new-capital-with-egp-8-7bn-investment/,True,Government-to-government company (Egypt Housing Ministry and Saudi Ministry of Finance) per Daily News Egypt,40,True
DEV048,G Developments,,Art Life,,,,,Cairo,,https://www.dailynewsegypt.com/2026/08/18/top-10-egyptian-developers-sales-rise-to-egp-670bn-in-h1-2026/,True,,39,True
DEV049,Lovera Development,,,,,,,,,,False,seen in listing data only; web verification failed in Stage 1b,37,True
DEV050,Sky Abu Dhabi,,,,,,,Cairo,New Cairo|New Capital,https://www.dailynewsegypt.com/2026/03/15/sky-abu-dhabi-acquires-75-feddans-in-sixth-settlement-for-mixed-use-project/,True,Possibly the same company as Sky AD Developments; not confirmed,36,True
DEV051,Fawaz Alhokair Group,,Fawaz Al Hokair Group,,,,,Riyadh,6th of October|New Cairo,https://www.dailynewsegypt.com/2022/06/21/saudi-arabias-fawaz-al-hokair-group-invests-over-480m-in-egypt-aims-to-inject-more/,True,Parent of Marakez,31,True
DEV052,Capital Group Properties,,CGP,capitalgroupproperties.com,,Abu Dhabi Capital Group|Al Ain Properties,2015.0,Cairo,Shorouk|East Cairo,https://www.dailynewsegypt.com/2023/06/26/capital-group-properties-reinforces-commitment-to-strategic-growth-plan-in-egypt/,True,Al Burouj,26,True
DEV053,Starlight Developments,,,,,,,Cairo,New Cairo,https://www.dailynewsegypt.com/2021/02/02/starlight-developments-invests-egp-3-1bn-in-katameya-creeks-project/,True,"Katameya Creeks, New Cairo",26,True
DEV054,ARCO Developments,,ARCO Egypt,,,,,Cairo,North Coast,https://zawya.com/mena/en/business/story/Property_developer_ARCO_Egypt_launches_225_mln_CityStars_Al_Sahel__phase_I-ZAWYA20160812063540,True,CityStars Al Sahel (North Coast); Cairo project not confirmed,25,True
DEV055,Marsa Baghush Developments,,,,,,,,,,False,seen in listing data only; web verification failed in Stage 1b,24,True
DEV056,NAIA Developments,,,,,,,Cairo,New Zayed,https://www.dailynewsegypt.com/2026/03/01/naia-developments-completes-90-of-first-phase-at-naia-west-in-new-sheikh-zayed/,True,,22,True
DEV057,Nations of Sky,,,nationsofsky.com,,,,Cairo,New Cairo,https://www.dailynewsegypt.com/2025/03/16/nations-of-sky-enters-egyptian-market-with-bold-vision-diverse-real-estate-portfolio/,True,,20,True
DEV058,Voya Developments,,,,,,,Cairo,Sheikh Zayed,https://www.dailynewsegypt.com/2025/05/25/voya-development-launches-coy-project-in-west-cairo-with-egp-2bn-investment/,True,,20,True
DEV059,Akam AlRajhi Developments,,,,,Akam Developments|AlRajhi Saudi Group,,Cairo,North Coast,https://www.dailynewsegypt.com/2022/06/20/akamalrajhi-developments-egyptian-saudi-partnership-to-develop-urban-real-estate-projects/,True,,18,True
DEV060,TBK Developments,,,,,,,Cairo,,https://www.dailynewsegypt.com/2025/05/25/tbk-developments-announces-egp-180bn-investment-across-three-real-estate-projects-in-egypt/,True,Possibly related to Tabarak Holding (unconfirmed),18,True
DEV061,AKA Group,,,,,,,,,,False,seen in listing data only; web verification failed in Stage 1b,18,True
DEV062,Al Abd Developments,,,,,,,,,,False,seen in listing data only; web verification failed in Stage 1b,18,True
DEV063,Cairo Capital Developments,,,,,,,Cairo,New Zayed,https://www.dailynewsegypt.com/2021/07/26/cairo-capital-to-launch-residential-project-in-new-sheikh-zayed-as-lake-west-extension/,True,,17,True
DEV064,Gates Developments,,,gatesdevelopments.com,,,,Cairo,New Capital|Sheikh Zayed,https://www.dailynewsegypt.com/2026/02/01/gates-developments-delivers-gates-prive-in-sheikh-zayed-1-year-ahead-of-schedule/,True,,15,True
DEV065,Iwan Developments,,,iwandevelopments.com,,,,Cairo,Ain Sokhna|Sheikh Zayed,https://www.dailynewsegypt.com/2019/10/15/iwan-developments-launches-egp-5bn-majada-project-in-ain-sokhna/,True,,14,True
DEV066,Amaken Development,,Al Amaken Developments,,,Najma Properties,,Cairo,North Coast,https://www.dailynewsegypt.com/2020/03/02/amaken-development-acquires-the-shore-project-in-north-coast/,True,Acquires and completes stalled projects,13,True
DEV067,Arab Developers Holding,,Porto Group|Porto Group Holding,,,,,Cairo,Ain Sokhna|North Coast|Heliopolis|New Capital,https://www.dailynewsegypt.com/2015/11/15/amer-group-porto-group-sign-agreement-to-develop-4-projects/|https://www.dailynewsegypt.com/tag/arab-developers-holding/|https://english.mubasher.info/markets/EGX/stocks/PORT/news|https://www.dailynewsegypt.com/2021/03/17/porto-group-invests-egp-20bn-in-3-property-projects/,True,"Renamed from Porto Group Holding (2022, per Arab Finance / Mubasher); EGX ticker uncertain (Mubasher URL uses PORT)",13,True
DEV068,Misr City Housing,,,,,,,,,,False,seen in listing data only; web verification failed in Stage 1b,13,True
DEV069,Valore Developments,,,,,,,,,,False,seen in listing data only; web verification failed in Stage 1b,13,True
DEV070,EGYGAB,,,,,,,,,,False,seen in listing data only; web verification failed in Stage 1b,12,True
DEV071,Lasirena Group,,,,,,,,,,False,seen in listing data only; web verification failed in Stage 1b,12,True
DEV072,Beta Developments,,,,,,,Cairo,6th of October,https://www.dailynewsegypt.com/2024/12/22/beta-developments-unveils-egp-5bn-beta-residence-in-6th-of-october-city/,True,,11,True
DEV073,Abu Soma Development Company,,Soma Bay Development Company|Somabay,,,,,Cairo,Soma Bay,https://www.zawya.com/en/business/real-estate/egypt-abu-soma-development-redcon-construction-to-launch-35mln-projects-on-red-sea-skt9o2k6,True,,9,True
DEV074,Morshedy Group,,Memaar Al Morshedy,,,,1983.0,Cairo,New Cairo|North Coast,https://www.dailynewsegypt.com/2025/02/10/morshedy-group-acquires-iconic-zamalek-tower-in-egp-750m-deal/,True,,9,True
DEV075,El Karnak Developments,,,,,,,,,,False,seen in listing data only; web verification failed in Stage 1b,8,True
DEV076,Symphony Developments,,,,,,,,,,False,seen in listing data only; web verification failed in Stage 1b,8,True
DEV077,ELM Developments,,,,,,,Cairo,6th of October,https://www.dailynewsegypt.com/2025/08/27/elm-developments-launches-its-first-project-elm-tree-offering-green-views-and-competitive-prices-in-west-cairo/,True,,7,True
DEV078,El Attal Holding,,Attal Properties|Al Attal Holding,,,,,Cairo,New Capital|West Cairo|Ras Sudr,https://www.dailynewsegypt.com/2023/02/19/el-attal-holding-unveils-38-feddan-west-leaves-project-in-west-cairo/,True,Biography is a subsidiary,7,True
DEV079,Reportage Properties,,,,,,,Abu Dhabi,Mostakbal City,https://www.dailynewsegypt.com/2021/04/07/al-ahly-sabbour-reportage-properties-agree-to-develop-real-estate-project-in-mostakbal-city/,True,UAE developer; Montenapoleone in Mostakbal City with Al Ahly Sabbour,6,True
DEV080,Ready Group,,,,,,,,,,False,seen in listing data only; web verification failed in Stage 1b,6,True
DEV081,ENZA Developments,,,,,,,,,,False,seen in listing data only; web verification failed in Stage 1b,5,True
DEV082,Levels Developments,,,,,,,,,,False,seen in listing data only; web verification failed in Stage 1b,4,True
DEV083,Jozoor Developments,,,,,,,,,,False,seen in listing data only; web verification failed in Stage 1b,3,True
DEV084,Rabaa Investment,,,,,,,,,,False,seen in listing data only; web verification failed in Stage 1b,3,True
DEV085,TG Developments,,,,,,,,,,False,seen in listing data only; web verification failed in Stage 1b,3,True
DEV086,Nile Developments,,,,,,,Cairo,New Capital,https://www.dailynewsegypt.com/2026/08/30/nile-developments-launches-28th-floor-at-tycoon-tower-in-new-capital/,False,Fetched sources show commercial/administrative/other activity only; residential development not confirmed,1,True
DEV087,A-Plus Developments,,,,,,,Cairo,6th of October,https://www.dailynewsegypt.com/2026/04/13/a-plus-secures-ministerial-approval-for-jiran-residence-in-october-gardens/,True,,0,False
DEV088,AIG Developments,,,,,,,Cairo,New Capital,https://www.dailynewsegypt.com/2026/07/26/aig-eyes-new-capital-expansion-plans-new-projects/,True,,0,False
DEV089,ALJAR Developments,,,,,,,Cairo,East Cairo,https://www.dailynewsegypt.com/2025/09/07/aljar-developments-launches-phase-one-of-aljar-british-district-in-east-cairo/,True,,0,False
DEV090,ARDIC Developments,,,,,,,Cairo,East Cairo,https://www.dailynewsegypt.com/2025/11/09/ardic-developments-prepares-to-launch-new-east-cairo-project-in-partnership-with-nuca/,True,,0,False
DEV091,ASPECT Developments,,,,,,,Cairo,New Cairo,https://www.dailynewsegypt.com/2025/04/27/aspect-launches-in-egypt-with-egp-15bn-mixed-use-project-in-new-cairo/,True,,0,False
DEV092,Aayan Developments,,,,,,,Cairo,New Capital,https://www.dailynewsegypt.com/2025/07/06/aayan-developments-debuts-in-egypt-with-launch-of-dao-towers-in-new-capital/,True,,0,False
DEV093,Ajna Developments,,,ajnadevelopments.com,,,2019.0,Cairo,Ain Sokhna|New Cairo,https://www.dailynewsegypt.com/2023/07/17/ajna-developments-to-introduce-residential-project-in-east-cairo/,True,,0,False
DEV094,Aknan Developments,,,,,,,Cairo,New Cairo,https://www.dailynewsegypt.com/2026/07/19/aknan-developments-launches-tekvera-new-cairo-targets-egp-5bn-in-new-projects/,True,,0,False
DEV095,Al Aliaa Developments,,,,,,,Cairo,,https://www.dailynewsegypt.com/2026/06/14/al-aliaa-developments-enters-egyptian-market-with-egp-100bn-investment-plan/,True,,0,False
DEV096,Al Dawlia Developments,,,,,,,Cairo,New Cairo,https://www.dailynewsegypt.com/2024/07/01/adcb-grants-egp-1-45bn-to-al-dawlia-developments-for-new-project-in-new-cairo/,True,,0,False
DEV097,Al Naser Developments,,,,,,,Cairo,New Capital,https://www.dailynewsegypt.com/2026/08/30/al-naser-developments-signs-radisson-hotel-management-agreement-for-new-capital-project/,True,,0,False
DEV098,Al Qamzi Developments,,,,,,,Cairo,New Cairo,https://www.dailynewsegypt.com/2021/07/08/uaes-al-qamzi-developments-to-inject-egp14bn-investments-to-egypt-in-4-years/,True,,0,False
DEV099,Al Rehab Developments,,,,,,,Cairo,,https://www.dailynewsegypt.com/2026/08/16/al-rehab-developments-invests-egp-5bn-in-egypts-real-estate-sector/,True,,0,False
DEV100,Al Riyadh Misr Developments,,,,,,,Cairo,New Cairo,https://www.dailynewsegypt.com/2023/11/20/al-riyadh-misr-developments-launches-peerage-project-with-egp-3bn-investment/,True,,0,False
DEV101,Al Tameer Arabian,,,,,,,Cairo,New Capital,https://www.zawya.com/en/press-release/al-tameer-arabian-launches-its-egp-1-bln-investments-rivan-tower-the-third-project-in-egypts-new-capital-it0crp38,True,,0,False
DEV102,AlWaheed Developments,,,,,,,Cairo,6th of October,https://www.dailynewsegypt.com/2026/07/26/alwaheed-developments-launches-egp-3bn-zaha-residence-in-west-cairo/,True,,0,False
DEV103,Alhejaz Gardens,,,,,,,Cairo,,https://www.dailynewsegypt.com/2026/07/26/alhejaz-gardens-targets-egp-15bn-sales-unveils-two-new-projects/,True,,0,False
DEV104,Amarina Group,,,,,,,Cairo,,https://www.dailynewsegypt.com/2026/08/02/amarina-group-launches-real-estate-arm-plans-egp-10bn-investment-in-five-projects/,True,,0,False
DEV105,Arkan (UAE),,,,,,,Cairo,,https://www.dailynewsegypt.com/2025/11/16/emirati-arkan-debuts-in-egyptian-market-with-egp-10bn-slciti/,True,,0,False
DEV106,Arkan Palm Developments,,Arkan Palm,,,Palm Hills Developments|Badreldin Group,,Cairo,Sheikh Zayed,https://www.dailynewsegypt.com/2025/02/15/arkan-palm-cib-partner-to-develop-16000-sqm-headquarters-in-sheikh-zayeds-financial-district/,True,"JV: 40% Palm Hills, 30% Al Badr Investments, 30% Badr El-Din (per Zawya); project 205",0,False
DEV107,Arkania Developments,,,,,,,Cairo,New Cairo,https://www.dailynewsegypt.com/2026/03/15/arkania-expands-investment-portfolio-to-egp-9-4bn-launches-refad-project-in-new-cairo/,True,,0,False
DEV108,Asl Holding,,,,,,,Cairo,,https://www.dailynewsegypt.com/2026/08/23/asl-holding-acquires-alkayan-zurich-developments-to-expand-presence-in-egypt/,True,Acquired Alkayan and Zurich Developments,0,False
DEV109,Ava Mina Group,,,,,,,Cairo,Obour,https://www.dailynewsegypt.com/2024/01/08/ava-mina-group-launches-28-feddan-project-in-obour-city/,True,,0,False
DEV110,BROUQ Developments,,,,,,,Cairo,New Capital,https://www.dailynewsegypt.com/2022/05/16/brouq-developments-debuts-centoo-project-at-new-capital/,True,,0,False
DEV111,BUILDEX Developments,,,,,,,Cairo,6th of October,https://www.dailynewsegypt.com/2025/08/24/buildex-developments-launches-eden-park-in-6th-of-october-with-egp-600m-sales-target/,True,,0,False
DEV112,Better Home,,,,,,,Cairo,New Capital,https://www.dailynewsegypt.com/2025/06/22/better-home-group-completes-midtown-solo-delivery-in-new-administrative-capital/,True,,0,False
DEV113,Biography Developments,,,,,El Attal Holding,,Cairo,Mostakbal City,https://www.dailynewsegypt.com/2026/04/20/biographys-egp-20bn-101-project-in-mostakbal-city-records-rapid-construction-progress/,True,,0,False
DEV114,Brevan Developments,,,,,,,Cairo,Obour,https://www.dailynewsegypt.com/2025/01/12/brevan-developments-launches-lake-house-project-in-obour-city-with-egp-1-5bn-investment/,True,,0,False
DEV115,Capital Hills Developments,,,,,,,Cairo,,https://www.dailynewsegypt.com/2025/11/09/capital-hills-completes-park-yard-1-construction-pushes-ahead-with-point-9-wider-2025-delivery-plan/,True,,0,False
DEV116,Castle Development,,,,,,,Cairo,New Capital,https://blogs.realestate.gov.eg/castle-landmark-compound-new-capital-city-egypt/,True,Castle Landmark (R7 New Capital) with Misr El Makasa; may or may not be the Stage 1a name 'Castello Developments' (unconfirmed),0,False
DEV117,Citystars Properties,,,,,,,Cairo,Nasr City|Red Sea,https://www.dailynewsegypt.com/2025/09/07/emaar-misr-citystars-to-develop-egp-900bn-marassi-red-sea-resort-in-egypt/,True,,0,False
DEV118,Cornerstone Development,,,,,,,Cairo,New Capital,https://www.zawya.com/en/projects/construction/egypts-cornerstone-development-to-deliver-the-curve-by-end-2024-fpowklc3,True,,0,False
DEV119,Cred Developments,,,,,,,Cairo,New Capital,https://www.dailynewsegypt.com/2024/09/08/cred-developments-to-deliver-300-units-at-clm-in-new-capital-by-year-end/,True,,0,False
DEV120,Dar Al Alamia Developments,,,,,,,Cairo,New Cairo,https://www.dailynewsegypt.com/2025/09/07/dar-al-alamia-developments-launches-acasa-alma-in-new-cairo-with-egp-7bn-investment/,True,,0,False
DEV121,Deyaar Developments,,,,,,,Cairo,,https://www.dailynewsegypt.com/2026/08/02/deyaar-westway-and-harva-surpass-h1-2026-sales-targets-by-more-than-120/,True,,0,False
DEV122,Dubai Development,,,,,,,Cairo,West Cairo,https://www.dailynewsegypt.com/2026/07/05/dubai-development-launches-walkn-mixed-use-project-in-west-cairo/,True,,0,False
DEV123,Eagles Developments,,,,,,,Cairo,Sheikh Zayed,https://www.dailynewsegypt.com/2024/07/03/eagles-developments-launches-egp-2bn-via-compound-in-sheikh-zayed/,True,,0,False
DEV124,Egyptian Kuwaiti Real Estate Development,,,,,,,Cairo,West Cairo,https://www.dailynewsegypt.com/2026/06/14/egyptian-kuwaiti-real-estate-development-hassan-allam-holding-partner-on-egp-270bn-mixed-use-project-in-west-cairo/,True,Egypt Kuwait Holding affiliate is unconfirmed,0,False
DEV125,Egyptian Resorts Company,,,,EGTS,,,Cairo,Sahl Hasheesh,https://www.dailynewsegypt.com/2019/11/10/egyptian-resorts-company-to-develop-sahl-hasheesh-project-worth-egp-15bn/,True,Master developer of Sahl Hasheesh (Red Sea); not Cairo residential,0,False
DEV126,Egyptians for Housing and Development,,,,EHDR,,,Cairo,,https://www.arabfinance.com/en/home/companyprofile/ehdr|https://www.african-markets.com/en/stock-markets/egx/listed-companies,True,,0,False
DEV127,El Batal Developments,,,,,,,Cairo,New Heliopolis,https://www.dailynewsegypt.com/2024/06/03/el-batal-developments-to-launch-5-new-projects-with-egp-10bn-investments-in-2024/|https://www.zawya.com/en/press-release/companies-news/rock-developments-launches-under-the-umbrella-of-el-batal-for-investments-be9bkn7g,True,,0,False
DEV128,El Kahera Housing,Cairo for Housing and Development,,,ELKA,,,Cairo,,https://english.mubasher.info/markets/EGX/stocks/ELKA/profile|https://stockanalysis.com/list/egyptian-stock-exchange/,True,EGX-listed since 1995 per Mubasher profile; housing and urban planning activity,0,False
DEV129,El Mostakbal for Urban Development,,,,,,,Cairo,Mostakbal City,https://www.dailynewsegypt.com/2021/09/22/el-mostakbal-urban-development-launches-its-service-project-in-mostakbal-city-in-the-heart-of-new-cairo/,True,,0,False
DEV130,Empire State Developments,,,,,,,Cairo,New Capital,https://www.dailynewsegypt.com/2026/07/12/empire-state-developments-targets-egp-5-6bn-sales-from-upmount-at-new-capital/,True,,0,False
DEV131,Everestview Development,,,,,,,Cairo,Sheikh Zayed,https://www.dailynewsegypt.com/2026/08/30/everestview-development-launches-montania-gate-in-sheikh-zayed/,True,,0,False
DEV132,Evora Developments,,,,,,,Cairo,Mostakbal City,https://www.dailynewsegypt.com/2025/08/24/evora-developments-launches-pulse-project-within-egp-30bn-investment-strategy/,True,,0,False
DEV133,Founders Developments,,,,,,,Cairo,New Cairo,https://www.dailynewsegypt.com/2023/08/08/egypts-top-10-developers-revealed-with-88-sales-increase-in-1h-2023/,True,,0,False
DEV134,Golden Land Development,,,,,,,Cairo,Sheikh Zayed,https://www.dailynewsegypt.com/2025/12/28/golden-land-development-launches-egp-5bn-naseem-residential-compound-in-sheikh-zayed/,True,,0,False
DEV135,Grova Developments,,,,,,,Cairo,East Cairo,https://www.zawya.com/en/economy/north-africa/grova-developments-enters-egypts-real-estate-market-with-grova-easthills-launch-hvcfsmr0,True,,0,False
DEV136,HHD,,,,,,,Cairo,New Heliopolis,https://www.dailynewsegypt.com/2024/02/07/hhd-to-invest-egp-4bn-in-new-heliopolis-city/,True,Heliopolis Housing and Development abbreviation seen in press; possibly the same as Heliopolis Housing (unconfirmed),0,False
DEV137,HIG Development,,,,,,,Cairo,West Cairo,https://www.dailynewsegypt.com/2026/05/17/hig-development-launches-barah-residence-in-west-cairo-with-egp-3bn-investment/,True,,0,False
DEV138,HMD Developments,,,,,,,Cairo,New Zayed,https://www.dailynewsegypt.com/2025/05/18/hmd-developments-launches-velora-villa-in-new-zayed-with-egp-2bn-investment/,True,,0,False
DEV139,Harby Group,,,,,,,Cairo,6th of October,https://www.dailynewsegypt.com/2026/02/09/harby-group-launches-construction-of-seven-residence-in-october-gardens/,True,,0,False
DEV140,Heliopolis Developers,,,,,,,Cairo,New Heliopolis,https://www.dailynewsegypt.com/2021/04/26/heliopolis-developers-to-debut-residential-project-with-egp-2bn-investments/,True,Distinct from Heliopolis Housing (HELI),0,False
DEV141,Heliopolis Housing,Heliopolis Company for Housing and Development,Heliopolis Co. for Housing & Development,,HELI,,1905.0,Cairo,Heliopolis|New Cairo|New Heliopolis,https://zawya.com/mena/en/business/story/Heliopolis_Housing_launches_Heliopark_development_project-SNG_206785086,True,Founded 1905 per Daily News Egypt; New Heliopolis and Heliopark land bank,0,False
DEV142,IGI Developments,,,igi-developments.com,,,,Cairo,6th of October|Sphinx City|New Cairo,https://www.dailynewsegypt.com/2024/09/24/igi-developments-celebrates-30-years-of-achievements-and-announces-ambitious-future-plans/,True,,0,False
DEV143,Illume Societies,,,,,,,Cairo,New Cairo,https://www.dailynewsegypt.com/2026/06/07/illume-societies-launches-egp-4-5bn-illume-residence-in-new-cairos-sixth-settlement/,True,,0,False
DEV144,Imarrae,,,,,,,Cairo,New Cairo,https://www.dailynewsegypt.com/2026/08/09/imarrae-begins-construction-of-egp-22bn-kin-residential-project-in-new-cairo/,True,,0,False
DEV145,Innovo Group,,,,,,,London,East Cairo,https://www.dailynewsegypt.com/2025/04/06/innovo-group-to-launch-two-real-estate-projects-in-egypt-in-2025/,True,Primarily design-and-build contractor; building zones in Al Burouj; also announced own projects,0,False
DEV146,J Communities,,New Jersey Developments,,,,,Cairo,New Cairo|New Capital,https://www.dailynewsegypt.com/2026/07/12/j-communities-launches-as-parent-platform-restructuring-new-jersey-developments-real-estate-portfolio/,True,Parent platform restructuring New Jersey Developments portfolio,0,False
DEV147,JORA Developments,,,,,,,Cairo,6th of October,https://www.dailynewsegypt.com/2026/07/26/jora-developments-begins-construction-of-ixora-residence-launches-third-phase/,True,,0,False
DEV148,JUZUR Developments,,,,,,,Cairo,New Cairo,https://www.dailynewsegypt.com/2026/07/05/juzur-signs-mou-with-hossam-fahmy-consultancy-for-new-cairo-mixed-use-project/,True,,0,False
DEV149,Jadeer Developments,,,,,,,Cairo,New Capital,https://www.dailynewsegypt.com/2026/06/07/jadeer-developments-launches-egp-10bn-chapters-residential-project-in-new-capital/,True,,0,False
DEV150,Jawad Developments,,,,,,,Cairo,6th of October,https://www.dailynewsegypt.com/2025/02/02/jawad-developments-unveils-hayah-residence-in-6th-of-october-city-with-egp-5bn-sales-target/,True,,0,False
DEV151,K Developments,,,,,,,Cairo,Shorouk,https://www.dailynewsegypt.com/2026/05/03/k-developments-launches-egp-1-5bn-palencia-plaza-in-shorouk-city/,True,,0,False
DEV152,Khaled Sabry Developments,,,,,,,Cairo,Mostakbal City,https://www.dailynewsegypt.com/2026/05/10/khaled-sabry-developments-launches-waterside-villas-in-rosail-city-with-immediate-delivery/,True,,0,False
DEV153,Kleek Developments,,,kleekdevelopments.com,,,,Cairo,New Cairo,https://www.dailynewsegypt.com/2025/01/26/kleek-developments-enters-egyptian-market-with-egp-8bn-sales-target-for-first-year/,True,,0,False
DEV154,Kulture Developments,,,,,,,Cairo,East Cairo|West Cairo,https://www.zawya.com/en/press-release/companies-news/igi-developments-and-kulture-developments-announce-strategic-partnership-for-mixed-use-projects-in-east-and-west-cairo-403010,True,,0,False
DEV155,LMD,,,,,,,Cairo,New Cairo,https://www.zawya.com/en/business/real-estate/egyptian-developer-lmd-inks-strategic-partnership-with-finance-house-i94j3sf4,True,,0,False
DEV156,Landmark Developments,,,,,,,Cairo,New Cairo|North Coast,https://www.dailynewsegypt.com/2023/08/08/egypts-top-10-developers-revealed-with-88-sales-increase-in-1h-2023/,True,,0,False
DEV157,Laverde Developments,,,,,,,Cairo,New Capital,https://www.dailynewsegypt.com/2024/09/24/laverde-developments-completes-60-of-la-verde-new-capital-project/,True,,0,False
DEV158,Lazura Developments,,,,,,,Cairo,New Cairo,https://www.dailynewsegypt.com/2026/01/04/lazura-developments-launches-new-cairo-project-with-egp-8bn-in-investments/,True,,0,False
DEV159,MBG Developments,,,,,,,Cairo,Ras El Bar|New Capital,https://www.zawya.com/en/business/real-estate/egypt-mbg-develops-323mln-co-development-with-nuca-in-ras-el-bar-i5ikdn6p|https://www.dailynewsegypt.com/2020/02/24/mbg-development-directs-egp-700m-investment-to-pukka-new-capital/,True,,0,False
DEV160,METRA Developments,,,,,,,Cairo,West Cairo,https://www.dailynewsegypt.com/2026/09/20/metra-developments-launches-liwan-residence-in-west-cairo/,True,,0,False
DEV161,MG Developments,,,,,,,Cairo,Ain Sokhna,https://www.dailynewsegypt.com/2024/12/08/mg-developments-to-launch-two-new-projects-in-ain-sokhna-by-q1-2025/,True,,0,False
DEV162,MIDAR,,,,,,,Cairo,Mostakbal City,https://www.dailynewsegypt.com/2024/12/22/midar-invests-7bn-in-mostakbal-city-plans-for-local-regional-expansion-targeting-14bn/,True,,0,False
DEV163,MRB Developments,,,,,,,Cairo,6th of October,https://www.dailynewsegypt.com/2026/01/04/mrb-launches-district-9-project-in-6th-of-october-city-with-carrefour-as-anchor-tenant/,True,,0,False
DEV164,Majid Al Futtaim,,,,,,,Dubai,New Cairo,https://www.dailynewsegypt.com/2026/06/21/midar-majid-al-futtaim-sign-3-1bn-partnership-to-develop-integrated-urban-project-in-new-cairo/,True,Mixed-use with MIDAR in New Cairo; mainly retail,0,False
DEV165,Makkah Developments,,,,,,,Cairo,Sheikh Zayed,https://www.dailynewsegypt.com/2026/05/17/makkah-developments-partners-with-golden-tulip-for-hospitality-operations-at-rowaq-in-sheikh-zayed/,True,,0,False
DEV166,Mardev Developments,,,,,,,Cairo,New Zayed,https://www.zawya.com/en/press-release/companies-news/mardev-developments-appointes-azur-to-manage-urban-zen-branded-residences-in-menorca-new-zayed-at-egp-1bn-investment-ssa0cdq9,True,,0,False
DEV167,Margins Developments,,,,,,,Cairo,New Cairo|Mostakbal City,https://www.dailynewsegypt.com/2024/11/10/margins-developments-launches-sheraton-residence-with-egp-15bn-investment/,True,,0,False
DEV168,Marquee Developments,,,,,,,Cairo,New Cairo,https://www.dailynewsegypt.com/2024/12/15/marquee-developments-unveils-shababeek-with-egp-6bn-investment-in-new-cairos-fifth-settlement/,True,,0,False
DEV169,Marseilia Group,,,marseilia.com,,,,Cairo,New Capital|North Coast|Alexandria,https://www.dailynewsegypt.com/2020/08/30/marseilia-group-keeps-up-with-delivering-schedule-despite-pandemic-chairperson/,True,,0,False
DEV170,Marsoum Developments,,,,,,,Cairo,West Cairo,https://www.dailynewsegypt.com/2026/09/13/marsoum-developments-launches-the-central-gate-in-west-cairo/,True,,0,False
DEV171,Master Group,,,,,,,Cairo,New Capital,https://www.dailynewsegypt.com/2023/09/20/master-group-completes-55-of-the-city-project-in-new-administrative-capital/,True,,0,False
DEV172,Maxim Investment,,Maxim,,,,,Cairo,North Coast,https://www.zawya.com/en/projects/construction/egypts-maxim-to-partner-with-the-marq-communities-for-north-coast-project-a8cxbsru,True,Only a Zawya headline snippet; details not fetched,0,False
DEV173,Mazaya Developments,,,,,,,Cairo,New Capital|Obour,https://www.dailynewsegypt.com/2026/08/09/mazaya-developments-launches-25-feddan-town-ten-in-new-obour/,True,,0,False
DEV174,Mercon Developments,,,,,,,Cairo,New Cairo,https://www.dailynewsegypt.com/2025/09/14/mercon-developments-el-tamayuz-kuwaiti-egyptian-launch-riverton-project-in-new-cairo/,True,,0,False
DEV175,Methaq Arab Group,,MAG,,,,,Cairo,East Cairo,https://www.dailynewsegypt.com/2025/08/24/methaq-arab-group-launches-first-project-in-egypt-with-planned-investments-of-egp-60bn/,True,,0,False
DEV176,Misr Abu Dhabi Real Estate Development,,MAD,,,,,Cairo,Giza,https://www.dailynewsegypt.com/2026/07/14/mad-unveils-hotel-project-opposite-grand-egyptian-museum-as-part-of-expansion-strategy/,True,,0,False
DEV177,Modon Developments,,,,,,,Cairo,New Capital,https://www.dailynewsegypt.com/2026/09/06/modon-developments-invests-egp-5bn-in-green-river-tower-at-new-capital/,True,Egyptian developer in New Capital; distinct from Abu Dhabi Modon Holding,0,False
DEV178,Modon Holding,,Modon|Modon Ras El Hekma|Madaar Ras El Hekma,,,,,Abu Dhabi,Ras El Hekma,https://www.zawya.com/en/press-release/companies-news/modon-holding-and-nammos-hotels-resorts-bring-nammos-ras-el-hekma-to-egypts-north-coast-394193|https://www.dailynewsegypt.com/2026/08/18/top-10-egyptian-developers-sales-rise-to-egp-670bn-in-h1-2026/,True,Abu Dhabi master developer of Ras El Hekma; distinct from Egyptian Modon Developments,0,False
DEV179,Murtaqa Developments,,,,,,,Cairo,,https://www.dailynewsegypt.com/2026/09/13/murtaqa-developments-to-launch-210-feddan-residential-project/,True,,0,False
DEV180,N Developments,,,,,,,Cairo,,https://www.dailynewsegypt.com/2025/09/23/n-developments-unveils-exclusive-offers-for-nest-project-at-cityscape-egypt-2025/,True,,0,False
DEV181,Najm Developments,,,,,,,Cairo,New Cairo,https://www.dailynewsegypt.com/2025/11/16/najm-developments-initiates-veln-project-in-new-cairo-with-egp-1-6bn-in-investments/,True,,0,False
DEV182,Nakheel Developments,,,,,,,Cairo,Shorouk,https://www.dailynewsegypt.com/2026/03/29/nakheel-developments-launches-livyn-residential-project-in-shorouk/,True,,0,False
DEV183,New City Developments,,,,,,,Cairo,West Cairo,https://www.dailynewsegypt.com/2021/03/09/new-city-launches-eco-west-development-with-egp-2-5bn-investments/,True,,0,False
DEV184,New Event Developments,,,,,,,Cairo,New Capital,https://www.dailynewsegypt.com/2026/05/24/new-event-developments-launches-layal-residence-project-in-new-capital/,True,,0,False
DEV185,New Plan Developments,,,,,,,Cairo,New Capital,https://www.dailynewsegypt.com/2026/09/20/new-plan-developments-targets-delivery-of-1700-units-in-2026/,True,,0,False
DEV186,ON Developments,,,,,,,Cairo,,https://www.zawya.com/en/press-release/companies-news/on-developmentslaunches-as-the-real-estate-arm-of-arginza-holding-vi4racdl,True,,0,False
DEV187,One Development,,,,,,,Cairo,New Cairo,https://www.dailynewsegypt.com/2026/04/26/one-development-breaks-ground-on-do-new-cairo-launches-second-phase/,True,,0,False
DEV188,One of One Developments,,,,,,,Cairo,Sheikh Zayed,https://www.dailynewsegypt.com/2026/05/21/one-of-one-records-egp-1-5bn-sales-opens-new-hq-to-drive-expansion/,True,,0,False
DEV189,Oria Developments,,,,,,,Cairo,6th of October,https://www.dailynewsegypt.com/2025/10/26/oria-developments-partners-with-swiss-inn-to-manage-alamat-hotel-residences-in-6th-of-october-city/,True,,0,False
DEV190,Palmier Developments,,,,,,,Cairo,New Zayed,https://www.dailynewsegypt.com/2025/11/04/palmier-developments-launches-vert-project-in-new-sheikh-zayed-city/,True,,0,False
DEV191,Polaris Homes,,,,,,,Cairo,Sheikh Zayed,https://www.dailynewsegypt.com/2026/06/14/polaris-parks-expands-into-residential-market-with-launch-of-polaris-homes-in-sheikh-zayed/,True,,0,False
DEV192,Prax Developments,,,,,,,Cairo,New Obour,https://www.dailynewsegypt.com/2026/08/30/egyptian-saudi-partnership-launches-prax-developments-announces-first-project-in-new-obour/,True,,0,False
DEV193,Prime Living Developments,,,,,,,Cairo,New Heliopolis,https://www.dailynewsegypt.com/2026/01/04/prime-living-developments-targets-egp-500m-investments-in-2026-expansion-plan/,True,,0,False
DEV194,Pyramids Developments,,,,,,,Cairo,New Capital,https://www.zawya.com/mena/en/story/Egypts_Pyramids_Developments_announces_real_estate_projects_in_New_Administrative_Capital-ZAWYA20190210052118/,True,,0,False
DEV195,Q Developments,,,,,,,Cairo,,https://www.dailynewsegypt.com/2024/11/24/q-developments-to-introduce-two-new-projects-with-egp-11bn-investments-in-2025/,True,,0,False
DEV196,QORE Developments,,,,,,,Cairo,6th of October,https://www.dailynewsegypt.com/2026/09/20/qore-enters-egypts-real-estate-market-with-egp-30bn-investment-plan-through-2030/,True,,0,False
DEV197,Qurtuba Developments,,,,,,,Cairo,New Capital,https://www.dailynewsegypt.com/2025/11/30/qurtuba-developments-to-launch-new-capital-residential-project-before-year-end/,True,,0,False
DEV198,Ramtan Developments,,,,,,,Cairo,New Capital,https://www.dailynewsegypt.com/2026/07/26/nbe-partners-with-ramtan-developments-to-market-ready-to-move-homes-in-new-capital/,True,,0,False
DEV199,Rayz Developments,,,,,,,Cairo,New Cairo,https://www.dailynewsegypt.com/2026/05/12/rayz-developments-debuts-in-egypt-with-brx-mixed-use-project-in-new-cairo/,True,,0,False
DEV200,Rock Developments,,,,,El Batal for Investments,,Cairo,,https://zawya.com/en/business/real-estate/egypt-rock-developments-launches-with-201mln-investments-uysc2il5,True,Launched under the umbrella of El Batal for Investments (Zawya); Rock White|Rock Green in New Heliopolis,0,False
DEV201,Roshan Masr Developments,,,,,,,Cairo,West Cairo,https://www.dailynewsegypt.com/2026/08/09/roshan-masr-developments-signs-partnerships-ahead-of-west-cairo-project-launch/,True,,0,False
DEV202,Royal Developments,,,,,,,Cairo,,https://www.dailynewsegypt.com/2023/09/20/we-aim-to-be-one-of-top-real-estate-developers-in-egypt-royal-developments/,True,,0,False
DEV203,SIAC Developments,,,,,,,Cairo,New Capital|Sheikh Zayed,https://www.dailynewsegypt.com/2025/07/13/siac-developments-begins-handover-of-the-central-in-new-capital-with-over-70-delivered-90-sold/,True,,0,False
DEV204,STM Investment,,,,,,,Cairo,East Cairo,https://www.zawya.com/en/projects/construction/egypts-mountain-view-stm-investment-partner-for-residential-project-in-east-cairo-nlxh8kuz,True,,0,False
DEV205,Saudi Group Developments,,,,,,,Cairo,West Cairo,https://www.dailynewsegypt.com/2025/05/21/saudi-group-developments-unveils-egp-3bn-valea-project-in-west-cairo/,True,,0,False
DEV206,Sckylers Developments,,,,,,,Cairo,East Cairo,https://www.dailynewsegypt.com/2025/09/14/sckylers-developments-debuts-in-egypt-with-oc-project-in-east-cairo/,True,,0,False
DEV207,Sky AD Developments,,SKY AD. Developments,,,,,Cairo,New Capital|Ras El Hekma,https://www.dailynewsegypt.com/2025/07/15/sky-ad-developments-launches-egp-80bn-sky-north-project-in-ras-el-hekma/,True,,0,False
DEV208,Sky Innovo Developments,,,,,,,Cairo,New Cairo,https://www.dailynewsegypt.com/2024/05/27/sky-innovo-developments-initiates-its-business-in-egyptian-market-with-park-st-edition/,True,,0,False
DEV209,Slvr Communities,,,,,,,Cairo,New Cairo,https://www.dailynewsegypt.com/2025/10/26/slvr-communities-launches-vybe-mixed-use-project-in-new-cairos-fifth-settlement/,True,,0,False
DEV210,Space Shapers,,,,,,,Cairo,6th of October,https://www.dailynewsegypt.com/2026/09/20/space-shapers-launches-rawaj-mixed-use-project-in-6th-of-october-city/,True,,0,False
DEV211,Special Group,,,,,,,Cairo,New Capital,https://www.dailynewsegypt.com/2025/05/11/special-group-mint-real-estate-launch-40-square-residential-project-in-new-capital/,True,,0,False
DEV212,Squares Developments,,,,,,,Cairo,New Capital,https://www.dailynewsegypt.com/2025/10/19/squares-developments-launches-egp-15-bn-sage-lakes-residence-in-new-capitals-r8-district/,True,,0,False
DEV213,T Developments,,,,,Tatra Group,,Cairo,,https://www.dailynewsegypt.com/2026/09/20/tatra-group-launches-t-developments-in-egypt/,True,,0,False
DEV214,TLD,,,,,,,Cairo,Sheikh Zayed,https://www.dailynewsegypt.com/2026/05/03/tld-launches-westrict-mixed-use-project-in-sheikh-zayed-with-marriott-partnership/,True,,0,False
DEV215,Tameer,,,,,,,Cairo,New Cairo,https://www.dailynewsegypt.com/2025/01/14/tameer-egypt-unveils-urban-business-lane-mega-project-in-new-cairo/,True,,0,False
DEV216,Tesla Developments,,,,,,,Cairo,West Cairo,https://www.dailynewsegypt.com/2026/01/18/tesla-developments-to-launch-second-phase-of-tesla-residence-in-west-cairo/,True,,0,False
DEV217,The Ark Development,,,,,,,Cairo,New Cairo,https://www.dailynewsegypt.com/2022/10/19/the-ark-development-launches-its-business-in-egypts-real-estate-market-with-egp-30bn-in-investments/,True,,0,False
DEV218,The MarQ Communities,,,,,,,Cairo,New Cairo,https://www.dailynewsegypt.com/2025/03/02/the-marq-communities-delivers-first-residential-units-at-the-marq-gardens-in-new-cairo/,True,,0,False
DEV219,Times Developments,,,,,,,Cairo,West Cairo|North Coast,https://www.dailynewsegypt.com/2026/08/23/times-developments-invests-egp-30bn-plans-expansion-into-north-coast-red-sea-and-west-cairo/,True,,0,False
DEV220,Top Kapi Developments,,,,,,,Cairo,,https://www.dailynewsegypt.com/2025/11/09/top-kapi-developments-launches-vira-compound-targets-egp-1-1bn-in-first-phase-sales/,True,,0,False
DEV221,United Housing and Development,,,,UNIT,,1907.0,Alexandria,Alexandria,https://www.arabfinance.com/en/news/newdetails/34568|https://www.african-markets.com/en/stock-markets/egx/listed-companies,True,Founded 1907 per Arab Finance; mainly Alexandria,0,False
DEV222,United for Real Estate,,,,,,,Cairo,Ain Sokhna|New Capital,https://dailynewsegypt.com/2022/03/07/united-for-real-estate-commences-g-bay-project-in-ain-el-sokhna-g3-mall-in-nac/,True,,0,False
DEV223,Uptown 6 October,,,,,,,Cairo,6th of October,https://www.dailynewsegypt.com/2025/11/09/uptown-6-october-global-school-management-break-ground-on-kingdom-of-knowledge-school/,True,,0,False
DEV224,Upwyde Developments,,,upwyde.com,,,,Cairo,Sheikh Zayed|New Cairo,https://www.zawya.com/en/press-release/companies-news/upwyde-developments-launches-commonhaus-serviced-apartments-project-in-skyramp-tmlnstn9,True,,0,False
DEV225,VIE Communities,,,,,,,Cairo,New Cairo,https://www.dailynewsegypt.com/2026/05/17/vie-communities-debuts-in-egypt-with-egp-150bn-new-cairo-projects/,True,,0,False
DEV226,VRE Developments,,Value Developments,,,,,Cairo,Shorouk|New Cairo|Maadi,https://www.dailynewsegypt.com/2026/04/13/vre-developments-launches-town-center-2-in-shorouk-city/,True,,0,False
DEV227,Wadi Valley Developments,,,,,,,Cairo,10th of Ramadan,https://www.dailynewsegypt.com/2024/10/27/wadi-valley-launches-egp-2bn-the-capital-project-in-10th-of-ramadan/,True,,0,False
DEV228,Winvestor Developments,,,,,,,Cairo,New Cairo,https://www.dailynewsegypt.com/2026/05/24/winvestor-developments-launches-aurevia-community-in-sixth-settlement-targets-egp-8bn-in-sales/,True,,0,False
DEV229,ZAYA Developments,,,,,,,Cairo,6th of October,https://www.dailynewsegypt.com/2025/12/21/zaya-developments-launches-hom-residential-project-in-6th-of-october-city/,True,,0,False
DEV230,Zaeem Holding,,,,,,,Cairo,Badr City,https://www.dailynewsegypt.com/2024/11/03/zaeem-holding-launches-new-compound-in-badr-city-with-egp-1-2bn-projected-sales/,True,,0,False
DEV231,Zahraa El Maadi Investment and Development,,Zahraa Maadi,,ZMID,,,Cairo,Maadi|New Heliopolis,https://www.zawya.com/en/business/egypts-zahraa-maadi-in-talks-with-heliopolis-housing-over-34-feddan-land-dq8apkey,True,,0,False
DEV232,Zawaya Developments,,,,,,,Cairo,West Cairo,https://www.dailynewsegypt.com/2026/08/16/zawaya-edic-to-develop-egp-3-5bn-sia-boulevard-in-west-cairo/,True,,0,False
DEV233,Zhour Developments,,,,,,,Cairo,West Cairo,https://www.dailynewsegypt.com/2026/04/26/zhour-developments-launches-egp-10bn-fiori-compound-in-west-cairo/,True,,0,False
DEV234,Zurich Developments,,,,,Asl Holding,,Cairo,,https://www.dailynewsegypt.com/2026/08/23/asl-holding-acquires-alkayan-zurich-developments-to-expand-presence-in-egypt/,True,,0,False
DEV235,Al Salem Holding,,,,,,,Cairo,,https://www.dailynewsegypt.com/2026/08/16/al-salem-holding-targets-egp-50bn-investment-portfolio-within-five-years/,False,Fetched sources show commercial/administrative/other activity only; residential development not confirmed,0,False
DEV236,Al-Shennawy Group,,,,,,,Cairo,New Capital,https://dailynewsegypt.com/2022/02/14/al-shennawy-group-launches-finsquare-project-at-new-capital/,False,Fetched sources show commercial/administrative/other activity only; residential development not confirmed,0,False
DEV237,Arab Real Estate Investment,,,,RREI,,,Cairo,,https://www.african-markets.com/en/stock-markets/egx/listed-companies|https://stockanalysis.com/list/egyptian-stock-exchange/,False,EGX-listed per listing aggregator(s); residential development activity not confirmed by press or official site,0,False
DEV238,Arady Misr,,,,,,,Cairo,,https://www.dailynewsegypt.com/2026/09/07/arady-shares-moves-towards-implementation-as-arady-misr-appoints-dreny-partners/,False,Fetched sources show commercial/administrative/other activity only; residential development not confirmed,0,False
DEV239,Cairo Development and Investment,,,,CIRF,,,Cairo,,https://www.african-markets.com/en/stock-markets/egx/listed-companies|https://stockanalysis.com/list/egyptian-stock-exchange/,False,EGX-listed per listing aggregator(s); residential development activity not confirmed by press or official site,0,False
DEV240,Contact Developments,,,,,,,Cairo,,https://www.dailynewsegypt.com/2026/07/06/contact-developments-partners-with-zerotech-to-deploy-smart-technologies-across-real-estate-projects/,False,Fetched sources show commercial/administrative/other activity only; residential development not confirmed,0,False
DEV241,Creast Mark Contracting and Real Estate Development,,,,CRST,,,Cairo,,https://stockanalysis.com/list/egyptian-stock-exchange/,False,EGX-listed per listing aggregator(s); residential development activity not confirmed by press or official site,0,False
DEV242,Damora Developments,,,,,,,Cairo,New Cairo,https://www.dailynewsegypt.com/2025/11/30/damora-developments-launches-damora-n5-mall-in-new-cairo-with-egp-600m-investment/,False,Fetched sources show commercial/administrative/other activity only; residential development not confirmed,0,False
DEV243,Deals Investment Group,,DIG,,,,,Cairo,New Capital,https://www.dailynewsegypt.com/2022/06/06/dig-introduces-two-mixed-use-projects-at-new-capital-with-egp-1-2bn-investments/,False,Fetched sources show commercial/administrative/other activity only; residential development not confirmed,0,False
DEV244,Delta Construction and Rebuilding,,,,DCRC,,,Cairo,,https://www.african-markets.com/en/stock-markets/egx/listed-companies|https://stockanalysis.com/list/egyptian-stock-exchange/,False,EGX-listed per listing aggregator(s); residential development activity not confirmed by press or official site,0,False
DEV245,Eden Development,,,,,,,Cairo,,https://www.dailynewsegypt.com/2026/02/08/eden-development-plans-egp-3bn-in-real-estate-investments-during-2026/,False,Fetched sources show commercial/administrative/other activity only; residential development not confirmed,0,False
DEV246,Egyptians for Investment and Urban Development,,,,EIUD,,,Cairo,,https://www.african-markets.com/en/stock-markets/egx/listed-companies|https://stockanalysis.com/list/egyptian-stock-exchange/,False,EGX-listed per listing aggregator(s); residential development activity not confirmed by press or official site,0,False
DEV247,El Mahfouz Developments,,,,,,,Cairo,East Cairo,https://www.dailynewsegypt.com/2026/04/26/el-mahfouz-developments-launches-moqattam-business-complex-in-east-cairo/,False,Fetched sources show commercial/administrative/other activity only; residential development not confirmed,0,False
DEV248,El Obour Real Estate Investment,,,,OBRI,,,Cairo,,https://stockanalysis.com/list/egyptian-stock-exchange/,False,EGX-listed per listing aggregator(s); residential development activity not confirmed by press or official site,0,False
DEV249,El Saeed Contracting and Real Estate Investment,,,,UEGC,,,Cairo,,https://stockanalysis.com/list/egyptian-stock-exchange/,False,EGX-listed per listing aggregator(s); residential development activity not confirmed by press or official site,0,False
DEV250,El Shams Housing and Urbanization,,,,ELSH,,,Cairo,,https://www.african-markets.com/en/stock-markets/egx/listed-companies|https://stockanalysis.com/list/egyptian-stock-exchange/,False,EGX-listed per listing aggregator(s); residential development activity not confirmed by press or official site,0,False
DEV251,First Investment and Real Estate Development,,,,FIRED,,,Cairo,,https://www.african-markets.com/en/stock-markets/egx/listed-companies|https://stockanalysis.com/list/egyptian-stock-exchange/,False,EGX-listed per listing aggregator(s); residential development activity not confirmed by press or official site,0,False
DEV252,Gharbia Islamic Housing Development,,,,GIHD,,,Cairo,,https://www.african-markets.com/en/stock-markets/egx/listed-companies|https://stockanalysis.com/list/egyptian-stock-exchange/,False,EGX-listed per listing aggregator(s); residential development activity not confirmed by press or official site,0,False
DEV253,Giza General Contracting and Real Estate Investment,,,,GGCC,,,Cairo,,https://stockanalysis.com/list/egyptian-stock-exchange/,False,EGX-listed per listing aggregator(s); residential development activity not confirmed by press or official site,0,False
DEV254,Hills Developments,,,,,,,Cairo,,https://www.dailynewsegypt.com/2025/10/26/hills-developments-protection-real-estate-development-forge-strategic-partnership-to-advance-urban-projects/,False,Fetched sources show commercial/administrative/other activity only; residential development not confirmed,0,False
DEV255,Hometown Developments,,,,,,,Cairo,New Capital,https://www.dailynewsegypt.com/2025/06/01/hometown-developments-signs-agreement-with-savills-egypt-to-manage-4-projects-in-new-capital/,False,Fetched sources show commercial/administrative/other activity only; residential development not confirmed,0,False
DEV256,Ismailia Development and Real Estate,,,,IDRE,,,Cairo,,https://www.african-markets.com/en/stock-markets/egx/listed-companies|https://stockanalysis.com/list/egyptian-stock-exchange/,False,EGX-listed per listing aggregator(s); residential development activity not confirmed by press or official site,0,False
DEV257,Just Development,,,,,,,Cairo,New Capital,https://www.zawya.com/en/projects/construction/egypts-just-development-to-launch-21mln-mixed-use-project-in-new-capital-vzpd33u6,False,Fetched sources show commercial/administrative/other activity only; residential development not confirmed,0,False
DEV258,Living Yards Developments,,,,,,,Cairo,,https://www.dailynewsegypt.com/2025/10/05/living-yards-lemon-spaces-partner-for-maison-s-branded-residences/,False,Fetched sources show commercial/administrative/other activity only; residential development not confirmed,0,False
DEV259,MA Group,,,,,,,Cairo,West Cairo,https://www.dailynewsegypt.com/2026/03/31/triumph-hotels-management-ma-group-announce-strategic-partnership-to-develop-triumph-pyramids-hotel-in-west-cairo/,False,Fetched sources show commercial/administrative/other activity only; residential development not confirmed,0,False
DEV260,Maqam Misr Developments,,,,,,,Cairo,New Capital,https://www.dailynewsegypt.com/2022/06/27/maqam-misr-launches-east-tower-5-project-at-nac-with-egp-670m-in-investments/,False,Fetched sources show commercial/administrative/other activity only; residential development not confirmed,0,False
DEV261,Mena Touristic and Real Estate Investment,,,,MENA,,,Cairo,,https://www.african-markets.com/en/stock-markets/egx/listed-companies|https://stockanalysis.com/list/egyptian-stock-exchange/,False,EGX-listed per listing aggregator(s); residential development activity not confirmed by press or official site,0,False
DEV262,Menassat Developments,,,,,,,Cairo,New Capital|New Cairo,https://www.zawya.com/mena/en/projects/story/PROJECTS_Egypts_Menassat_Developments_to_launch_two_new_projects_in_2021__Chairman-ZAWYA20210715073717/,False,Fetched sources show commercial/administrative/other activity only; residential development not confirmed,0,False
DEV263,Nawassy Developments,,,,,,,Cairo,New Cairo,https://www.dailynewsegypt.com/2026/02/08/nawassy-developments-partners-with-rotana-to-manage-n-line-hotel-in-new-cairo/,False,Fetched sources show commercial/administrative/other activity only; residential development not confirmed,0,False
DEV264,North Africa Real Estate Investment,,,,NOAF,,,Cairo,,https://www.african-markets.com/en/stock-markets/egx/listed-companies|https://stockanalysis.com/list/egyptian-stock-exchange/,False,EGX-listed per listing aggregator(s); residential development activity not confirmed by press or official site,0,False
DEV265,Paragon Developments,,,,,,2020.0,Cairo,New Capital|New Cairo,https://www.zawya.com/en/business/real-estate/paragon-developments-launches-office-in-riyadh-to-expand-regional-footprint-across-mena-d5naohyb,False,Fetched sources show commercial/administrative/other activity only; residential development not confirmed,0,False
DEV266,Prime Hills Developments,,,,,,,Cairo,6th of October,https://www.dailynewsegypt.com/2026/06/21/prime-hills-developments-launches-prime-plaza-mall-october-with-egp-2-5bn-investments/,False,Fetched sources show commercial/administrative/other activity only; residential development not confirmed,0,False
DEV267,Radix Development,,,,,,,Cairo,New Capital,https://www.dailynewsegypt.com/2021/09/22/radix-development-plans-to-invest-total-egp-5bn-in-egyptian-market-by-2025-end-executive-vp/,False,Fetched sources show commercial/administrative/other activity only; residential development not confirmed,0,False
DEV268,Real Estate Egyptian Consortium,,,,AREH,,,Cairo,,https://www.african-markets.com/en/stock-markets/egx/listed-companies|https://stockanalysis.com/list/egyptian-stock-exchange/,False,EGX-listed per listing aggregator(s); residential development activity not confirmed by press or official site,0,False
DEV269,Reflect Developments,,,,,,,Cairo,,https://www.dailynewsegypt.com/2026/06/21/reflect-developments-partners-with-egymap-to-lease-retail-spaces-at-infinity-selekt-malls/,False,Fetched sources show commercial/administrative/other activity only; residential development not confirmed,0,False
DEV270,SAK Developments,,,,,,,Cairo,New Capital,https://www.dailynewsegypt.com/2023/12/03/sak-developments-executes-3-projects-in-new-capital/,False,Fetched sources show commercial/administrative/other activity only; residential development not confirmed,0,False
DEV271,SAM Developments,,,,,,,Cairo,,https://www.dailynewsegypt.com/2026/09/13/sam-developments-begins-construction-of-90-gate-mall/,False,Fetched sources show commercial/administrative/other activity only; residential development not confirmed,0,False
DEV272,Scope Developments,,,,,,,Cairo,,https://www.dailynewsegypt.com/2026/09/13/scope-developments-unveils-new-corporate-identity-outlines-expansion-plans/,False,Fetched sources show commercial/administrative/other activity only; residential development not confirmed,0,False
DEV273,Sorouh Developments,,,,,,,Cairo,New Capital,https://www.dailynewsegypt.com/2020/08/17/sorouh-registers-egp-2-5bn-sales-at-entrada-new-capital-project/,False,Fetched sources show commercial/administrative/other activity only; residential development not confirmed,0,False
DEV274,Tanmiya for Real Estate Investment,,,,TANM,,,Cairo,,https://www.african-markets.com/en/stock-markets/egx/listed-companies|https://stockanalysis.com/list/egyptian-stock-exchange/,False,EGX-listed per listing aggregator(s); residential development activity not confirmed by press or official site,0,False
DEV275,Urbnlanes Developments,,,,,,,Cairo,New Capital,https://www.zawya.com/en/projects/projects-egypts-urbnlanes-developments-launches-levels-business-tower-obpbal5f,False,"Developer of Levels Business Tower; Stage 1a name 'Levels Developments' may refer to this project, unconfirmed",0,False
DEV276,Utopia Real Estate Investment and Tourism,,,,UTOP,,,Cairo,,https://www.african-markets.com/en/stock-markets/egx/listed-companies|https://stockanalysis.com/list/egyptian-stock-exchange/,False,EGX-listed per listing aggregator(s); residential development activity not confirmed by press or official site,0,False
DEV277,Valero Developments,,,,,,,Cairo,Obour,https://www.dailynewsegypt.com/2025/08/24/valero-developments-completes-concrete-works-for-circle-9-mall-launches-white-mall-construction/,False,Fetched sources show commercial/administrative/other activity only; residential development not confirmed,0,False
DEV278,Wealth Holding,,,,,,,Cairo,New Capital,https://www.dailynewsegypt.com/2025/09/29/wealth-holding-partners-with-retaj-hotels-hospitality-to-manage-jeval-business-complex-in-new-capital/,False,Fetched sources show commercial/administrative/other activity only; residential development not confirmed,0,False
DEV279,Wealth Plus Developments,,,,,,,Cairo,New Cairo,https://www.dailynewsegypt.com/2026/05/24/wealth-plus-developments-unveils-vers-commercial-arena-in-new-cairo-with-egp-4bn-investment/,False,Fetched sources show commercial/administrative/other activity only; residential development not confirmed,0,False
DEV280,WestWay Developments,,,,,,,Cairo,West Cairo,https://www.dailynewsegypt.com/2025/10/05/westway-developments-launches-ikon-mall-in-west-cairo/,False,Fetched sources show commercial/administrative/other activity only; residential development not confirmed,0,False
