name_en,legal_name_en,aliases_en,website,egx_ticker,parent_group,founded_year,hq_city,active_areas,source_urls,verified,notes
A-Plus Developments,,,,,,,Cairo,6th of October,https://www.dailynewsegypt.com/2026/04/13/a-plus-secures-ministerial-approval-for-jiran-residence-in-october-gardens/,true,
Aayan Developments,,,,,,,Cairo,New Capital,https://www.dailynewsegypt.com/2025/07/06/aayan-developments-debuts-in-egypt-with-launch-of-dao-towers-in-new-capital/,true,
Abu Soma Development Company,,Soma Bay Development Company|Somabay,,,,,Cairo,Soma Bay,https://www.zawya.com/en/business/real-estate/egypt-abu-soma-development-redcon-construction-to-launch-35mln-projects-on-red-sea-skt9o2k6,true,
AIG Developments,,,,,,,Cairo,New Capital,https://www.dailynewsegypt.com/2026/07/26/aig-eyes-new-capital-expansion-plans-new-projects/,true,
Ajna Developments,,,ajnadevelopments.com,,,2019,Cairo,Ain Sokhna|New Cairo,https://www.dailynewsegypt.com/2023/07/17/ajna-developments-to-introduce-residential-project-in-east-cairo/,true,
Akam AlRajhi Developments,,,,,Akam Developments|AlRajhi Saudi Group,,Cairo,North Coast,https://www.dailynewsegypt.com/2022/06/20/akamalrajhi-developments-egyptian-saudi-partnership-to-develop-urban-real-estate-projects/,true,
Aknan Developments,,,,,,,Cairo,New Cairo,https://www.dailynewsegypt.com/2026/07/19/aknan-developments-launches-tekvera-new-cairo-targets-egp-5bn-in-new-projects/,true,
Al Ahly Sabbour,,Al Ahly Sabbour Developments|Sabbour,alahlysabbour.com,,,1994,Cairo,Mostakbal City|New Cairo|North Coast,https://www.dailynewsegypt.com/2024/03/18/al-ahly-sabbour-unveils-egp-135bn-summer-at-east-projects-signaling-new-era-in-egyptian-real-estate/,true,Founding year from Zawya company profile snippet
Al Aliaa Developments,,,,,,,Cairo,,https://www.dailynewsegypt.com/2026/06/14/al-aliaa-developments-enters-egyptian-market-with-egp-100bn-investment-plan/,true,
Al Dawlia Developments,,,,,,,Cairo,New Cairo,https://www.dailynewsegypt.com/2024/07/01/adcb-grants-egp-1-45bn-to-al-dawlia-developments-for-new-project-in-new-cairo/,true,
Al Marasem International,,,almarasem.com,,,,Cairo,New Cairo|New Zayed,https://www.dailynewsegypt.com/2025/05/06/al-marasem-international-commits-egp-8bn-to-fuel-real-estate-expansion-in-egypt/|https://www.dailynewsegypt.com/2025/02/23/egypts-top-21-real-estate-developers-double-sales-to-egp-1-4trn-in-2024/,true,
Al Naser Developments,,,,,,,Cairo,New Capital,https://www.dailynewsegypt.com/2026/08/30/al-naser-developments-signs-radisson-hotel-management-agreement-for-new-capital-project/,true,
Al Qamzi Developments,,,,,,,Cairo,New Cairo,https://www.dailynewsegypt.com/2021/07/08/uaes-al-qamzi-developments-to-inject-egp14bn-investments-to-egypt-in-4-years/,true,
Al Rehab Developments,,,,,,,Cairo,,https://www.dailynewsegypt.com/2026/08/16/al-rehab-developments-invests-egp-5bn-in-egypts-real-estate-sector/,true,
Al Riyadh Misr Developments,,,,,,,Cairo,New Cairo,https://www.dailynewsegypt.com/2023/11/20/al-riyadh-misr-developments-launches-peerage-project-with-egp-3bn-investment/,true,
Al Salem Holding,,,,,,,Cairo,,https://www.dailynewsegypt.com/2026/08/16/al-salem-holding-targets-egp-50bn-investment-portfolio-within-five-years/,false,Fetched sources show commercial/administrative/other activity only; residential development not confirmed
Al Tameer Arabian,,,,,,,Cairo,New Capital,https://www.zawya.com/en/press-release/al-tameer-arabian-launches-its-egp-1-bln-investments-rivan-tower-the-third-project-in-egypts-new-capital-it0crp38,true,
Al-Futtaim Group Real Estate,,AFGRE|Al-Futtaim,,,Al-Futtaim Group,,Dubai,New Cairo,https://www.zawya.com/en/projects/construction/uaes-al-futtaim-group-launches-new-phase-of-aura-apartments-in-cairo-festival-city-jruock6v,true,Cairo Festival City
Al-Shennawy Group,,,,,,,Cairo,New Capital,https://dailynewsegypt.com/2022/02/14/al-shennawy-group-launches-finsquare-project-at-new-capital/,false,Fetched sources show commercial/administrative/other activity only; residential development not confirmed
Alhejaz Gardens,,,,,,,Cairo,,https://www.dailynewsegypt.com/2026/07/26/alhejaz-gardens-targets-egp-15bn-sales-unveils-two-new-projects/,true,
ALJAR Developments,,,,,,,Cairo,East Cairo,https://www.dailynewsegypt.com/2025/09/07/aljar-developments-launches-phase-one-of-aljar-british-district-in-east-cairo/,true,
AlWaheed Developments,,,,,,,Cairo,6th of October,https://www.dailynewsegypt.com/2026/07/26/alwaheed-developments-launches-egp-3bn-zaha-residence-in-west-cairo/,true,
Amaken Development,,Al Amaken Developments,,,Najma Properties,,Cairo,North Coast,https://www.dailynewsegypt.com/2020/03/02/amaken-development-acquires-the-shore-project-in-north-coast/,true,Acquires and completes stalled projects
Amarina Group,,,,,,,Cairo,,https://www.dailynewsegypt.com/2026/08/02/amarina-group-launches-real-estate-arm-plans-egp-10bn-investment-in-five-projects/,true,
Amer Group,Amer Group Holding,,,AMER,,,Cairo,Ain Sokhna|North Coast|Heliopolis|Port Said,https://www.dailynewsegypt.com/2015/11/15/amer-group-porto-group-sign-agreement-to-develop-4-projects/,true,Porto brand co-developer
Arab Developers Holding,,Porto Group|Porto Group Holding,,,,,Cairo,Ain Sokhna|North Coast|Heliopolis|New Capital,https://www.dailynewsegypt.com/2015/11/15/amer-group-porto-group-sign-agreement-to-develop-4-projects/|https://www.dailynewsegypt.com/tag/arab-developers-holding/|https://english.mubasher.info/markets/EGX/stocks/PORT/news|https://www.dailynewsegypt.com/2021/03/17/porto-group-invests-egp-20bn-in-3-property-projects/,true,"Renamed from Porto Group Holding (2022, per Arab Finance / Mubasher); EGX ticker uncertain (Mubasher URL uses PORT)"
Arab Real Estate Investment,,,,RREI,,,Cairo,,https://www.african-markets.com/en/stock-markets/egx/listed-companies|https://stockanalysis.com/list/egyptian-stock-exchange/,false,EGX-listed per listing aggregator(s); residential development activity not confirmed by press or official site
Arabia Holding,,,,,,,Cairo,6th of October,https://www.dailynewsegypt.com/2018/10/29/arabia-holding-to-direct-egp1-5bn-in-sun-capital-galleria-projects-in-2019/,true,Sun Capital (Hadayek October); distinct from EGX-listed Arabia Investments Holding
Arady Misr,,,,,,,Cairo,,https://www.dailynewsegypt.com/2026/09/07/arady-shares-moves-towards-implementation-as-arady-misr-appoints-dreny-partners/,false,Fetched sources show commercial/administrative/other activity only; residential development not confirmed
ARCO Developments,,ARCO Egypt,,,,,Cairo,North Coast,https://zawya.com/mena/en/business/story/Property_developer_ARCO_Egypt_launches_225_mln_CityStars_Al_Sahel__phase_I-ZAWYA20160812063540,true,CityStars Al Sahel (North Coast); Cairo project not confirmed
ARDIC Developments,,,,,,,Cairo,East Cairo,https://www.dailynewsegypt.com/2025/11/09/ardic-developments-prepares-to-launch-new-east-cairo-project-in-partnership-with-nuca/,true,
Arkan (UAE),,,,,,,Cairo,,https://www.dailynewsegypt.com/2025/11/16/emirati-arkan-debuts-in-egyptian-market-with-egp-10bn-slciti/,true,
Arkan Palm Developments,,Arkan Palm,,,Palm Hills Developments|Badreldin Group,,Cairo,Sheikh Zayed,https://www.dailynewsegypt.com/2025/02/15/arkan-palm-cib-partner-to-develop-16000-sqm-headquarters-in-sheikh-zayeds-financial-district/,true,"JV: 40% Palm Hills, 30% Al Badr Investments, 30% Badr El-Din (per Zawya); project 205"
Arkania Developments,,,,,,,Cairo,New Cairo,https://www.dailynewsegypt.com/2026/03/15/arkania-expands-investment-portfolio-to-egp-9-4bn-launches-refad-project-in-new-cairo/,true,
Asl Holding,,,,,,,Cairo,,https://www.dailynewsegypt.com/2026/08/23/asl-holding-acquires-alkayan-zurich-developments-to-expand-presence-in-egypt/,true,Acquired Alkayan and Zurich Developments
ASPECT Developments,,,,,,,Cairo,New Cairo,https://www.dailynewsegypt.com/2025/04/27/aspect-launches-in-egypt-with-egp-15bn-mixed-use-project-in-new-cairo/,true,
Ava Mina Group,,,,,,,Cairo,Obour,https://www.dailynewsegypt.com/2024/01/08/ava-mina-group-launches-28-feddan-project-in-obour-city/,true,
Badreldin Group,,Badr El Din Developments|Badr Eldine Developments,badreldin.com,,,,Cairo,Sheikh Zayed|West Cairo,https://www.dailynewsegypt.com/2020/12/08/badreldin-developments-introduces-new-phase-at-kayan-compound/|https://www.zawya.com/en/press-release/companies-news/badreldin-group-celebrates-50-years-of-experience-and-real-estate-excellence-with-landmark-innovation-in-west-cairo-m9sqkvs7,true,"Kayan compound, Karma Communities (Al Karma)"
Beta Developments,,,,,,,Cairo,6th of October,https://www.dailynewsegypt.com/2024/12/22/beta-developments-unveils-egp-5bn-beta-residence-in-6th-of-october-city/,true,
Better Home,,,,,,,Cairo,New Capital,https://www.dailynewsegypt.com/2025/06/22/better-home-group-completes-midtown-solo-delivery-in-new-administrative-capital/,true,
Biography Developments,,,,,El Attal Holding,,Cairo,Mostakbal City,https://www.dailynewsegypt.com/2026/04/20/biographys-egp-20bn-101-project-in-mostakbal-city-records-rapid-construction-progress/,true,
Brevan Developments,,,,,,,Cairo,Obour,https://www.dailynewsegypt.com/2025/01/12/brevan-developments-launches-lake-house-project-in-obour-city-with-egp-1-5bn-investment/,true,
BROUQ Developments,,,,,,,Cairo,New Capital,https://www.dailynewsegypt.com/2022/05/16/brouq-developments-debuts-centoo-project-at-new-capital/,true,
BUILDEX Developments,,,,,,,Cairo,6th of October,https://www.dailynewsegypt.com/2025/08/24/buildex-developments-launches-eden-park-in-6th-of-october-with-egp-600m-sales-target/,true,
Cairo Capital Developments,,,,,,,Cairo,New Zayed,https://www.dailynewsegypt.com/2021/07/26/cairo-capital-to-launch-residential-project-in-new-sheikh-zayed-as-lake-west-extension/,true,
Cairo Development and Investment,,,,CIRF,,,Cairo,,https://www.african-markets.com/en/stock-markets/egx/listed-companies|https://stockanalysis.com/list/egyptian-stock-exchange/,false,EGX-listed per listing aggregator(s); residential development activity not confirmed by press or official site
Capital Group Properties,,CGP,capitalgroupproperties.com,,Abu Dhabi Capital Group|Al Ain Properties,2015,Cairo,Shorouk|East Cairo,https://www.dailynewsegypt.com/2023/06/26/capital-group-properties-reinforces-commitment-to-strategic-growth-plan-in-egypt/,true,Al Burouj
Capital Hills Developments,,,,,,,Cairo,,https://www.dailynewsegypt.com/2025/11/09/capital-hills-completes-park-yard-1-construction-pushes-ahead-with-point-9-wider-2025-delivery-plan/,true,
Castle Development,,,,,,,Cairo,New Capital,https://blogs.realestate.gov.eg/castle-landmark-compound-new-capital-city-egypt/,true,Castle Landmark (R7 New Capital) with Misr El Makasa; may or may not be the Stage 1a name 'Castello Developments' (unconfirmed)
City Edge Developments,,,cityedgedevelopments.com,,,,Cairo,New Capital|New Cairo|North Coast|New Alamein,https://www.dailynewsegypt.com/2025/11/23/egypts-top-10-real-estate-developers-record-egp-1-05trn-in-sales-during-m9-2025/|https://www.dailynewsegypt.com/2024/06/10/city-edge-developments-launches-beachfront-towers-in-new-alamein-with-multi-use-podium-flexible-payment-plans/,true,
Citystars Properties,,,,,,,Cairo,Nasr City|Red Sea,https://www.dailynewsegypt.com/2025/09/07/emaar-misr-citystars-to-develop-egp-900bn-marassi-red-sea-resort-in-egypt/,true,
Contact Developments,,,,,,,Cairo,,https://www.dailynewsegypt.com/2026/07/06/contact-developments-partners-with-zerotech-to-deploy-smart-technologies-across-real-estate-projects/,false,Fetched sources show commercial/administrative/other activity only; residential development not confirmed
Cornerstone Development,,,,,,,Cairo,New Capital,https://www.zawya.com/en/projects/construction/egypts-cornerstone-development-to-deliver-the-curve-by-end-2024-fpowklc3,true,
Creast Mark Contracting and Real Estate Development,,,,CRST,,,Cairo,,https://stockanalysis.com/list/egyptian-stock-exchange/,false,EGX-listed per listing aggregator(s); residential development activity not confirmed by press or official site
Cred Developments,,,,,,,Cairo,New Capital,https://www.dailynewsegypt.com/2024/09/08/cred-developments-to-deliver-300-units-at-clm-in-new-capital-by-year-end/,true,
Damora Developments,,,,,,,Cairo,New Cairo,https://www.dailynewsegypt.com/2025/11/30/damora-developments-launches-damora-n5-mall-in-new-cairo-with-egp-600m-investment/,false,Fetched sources show commercial/administrative/other activity only; residential development not confirmed
Dar Al Alamia Developments,,,,,,,Cairo,New Cairo,https://www.dailynewsegypt.com/2025/09/07/dar-al-alamia-developments-launches-acasa-alma-in-new-cairo-with-egp-7bn-investment/,true,
Deals Investment Group,,DIG,,,,,Cairo,New Capital,https://www.dailynewsegypt.com/2022/06/06/dig-introduces-two-mixed-use-projects-at-new-capital-with-egp-1-2bn-investments/,false,Fetched sources show commercial/administrative/other activity only; residential development not confirmed
Delta Construction and Rebuilding,,,,DCRC,,,Cairo,,https://www.african-markets.com/en/stock-markets/egx/listed-companies|https://stockanalysis.com/list/egyptian-stock-exchange/,false,EGX-listed per listing aggregator(s); residential development activity not confirmed by press or official site
Deyaar Developments,,,,,,,Cairo,,https://www.dailynewsegypt.com/2026/08/02/deyaar-westway-and-harva-surpass-h1-2026-sales-targets-by-more-than-120/,true,
Dorra Group,,,dorra.com,,,1943,Cairo,Sheikh Zayed|North Coast,https://www.dailynewsegypt.com/2023/04/03/on-80th-anniversary-dorra-maintains-leadership-in-egypts-real-estate-market-expands-abroad/,true,"Contracting since 1943, development since 1994 per Daily News Egypt; site title says Dorra Holding"
Dubai Development,,,,,,,Cairo,West Cairo,https://www.dailynewsegypt.com/2026/07/05/dubai-development-launches-walkn-mixed-use-project-in-west-cairo/,true,
Eagles Developments,,,,,,,Cairo,Sheikh Zayed,https://www.dailynewsegypt.com/2024/07/03/eagles-developments-launches-egp-2bn-via-compound-in-sheikh-zayed/,true,
Eden Development,,,,,,,Cairo,,https://www.dailynewsegypt.com/2026/02/08/eden-development-plans-egp-3bn-in-real-estate-investments-during-2026/,false,Fetched sources show commercial/administrative/other activity only; residential development not confirmed
Egyptian Kuwaiti Real Estate Development,,,,,,,Cairo,West Cairo,https://www.dailynewsegypt.com/2026/06/14/egyptian-kuwaiti-real-estate-development-hassan-allam-holding-partner-on-egp-270bn-mixed-use-project-in-west-cairo/,true,Egypt Kuwait Holding affiliate is unconfirmed
Egyptian Resorts Company,,,,EGTS,,,Cairo,Sahl Hasheesh,https://www.dailynewsegypt.com/2019/11/10/egyptian-resorts-company-to-develop-sahl-hasheesh-project-worth-egp-15bn/,true,Master developer of Sahl Hasheesh (Red Sea); not Cairo residential
Egyptians for Housing and Development,,,,EHDR,,,Cairo,,https://www.arabfinance.com/en/home/companyprofile/ehdr|https://www.african-markets.com/en/stock-markets/egx/listed-companies,true,
Egyptians for Investment and Urban Development,,,,EIUD,,,Cairo,,https://www.african-markets.com/en/stock-markets/egx/listed-companies|https://stockanalysis.com/list/egyptian-stock-exchange/,false,EGX-listed per listing aggregator(s); residential development activity not confirmed by press or official site
El Attal Holding,,Attal Properties|Al Attal Holding,,,,,Cairo,New Capital|West Cairo|Ras Sudr,https://www.dailynewsegypt.com/2023/02/19/el-attal-holding-unveils-38-feddan-west-leaves-project-in-west-cairo/,true,Biography is a subsidiary
El Batal Developments,,,,,,,Cairo,New Heliopolis,https://www.dailynewsegypt.com/2024/06/03/el-batal-developments-to-launch-5-new-projects-with-egp-10bn-investments-in-2024/|https://www.zawya.com/en/press-release/companies-news/rock-developments-launches-under-the-umbrella-of-el-batal-for-investments-be9bkn7g,true,
El Kahera Housing,Cairo for Housing and Development,,,ELKA,,,Cairo,,https://english.mubasher.info/markets/EGX/stocks/ELKA/profile|https://stockanalysis.com/list/egyptian-stock-exchange/,true,EGX-listed since 1995 per Mubasher profile; housing and urban planning activity
El Mahfouz Developments,,,,,,,Cairo,East Cairo,https://www.dailynewsegypt.com/2026/04/26/el-mahfouz-developments-launches-moqattam-business-complex-in-east-cairo/,false,Fetched sources show commercial/administrative/other activity only; residential development not confirmed
El Mostakbal for Urban Development,,,,,,,Cairo,Mostakbal City,https://www.dailynewsegypt.com/2021/09/22/el-mostakbal-urban-development-launches-its-service-project-in-mostakbal-city-in-the-heart-of-new-cairo/,true,
El Obour Real Estate Investment,,,,OBRI,,,Cairo,,https://stockanalysis.com/list/egyptian-stock-exchange/,false,EGX-listed per listing aggregator(s); residential development activity not confirmed by press or official site
El Saeed Contracting and Real Estate Investment,,,,UEGC,,,Cairo,,https://stockanalysis.com/list/egyptian-stock-exchange/,false,EGX-listed per listing aggregator(s); residential development activity not confirmed by press or official site
El Shams Housing and Urbanization,,,,ELSH,,,Cairo,,https://www.african-markets.com/en/stock-markets/egx/listed-companies|https://stockanalysis.com/list/egyptian-stock-exchange/,false,EGX-listed per listing aggregator(s); residential development activity not confirmed by press or official site
ELM Developments,,,,,,,Cairo,6th of October,https://www.dailynewsegypt.com/2025/08/27/elm-developments-launches-its-first-project-elm-tree-offering-green-views-and-competitive-prices-in-west-cairo/,true,
Emaar Misr,Emaar Misr for Development,,emaarmisr.com,EMFD,Emaar Properties,,Cairo,New Cairo|Mokattam|North Coast|Sheikh Zayed|Red Sea,https://www.dailynewsegypt.com/2025/09/07/emaar-misr-citystars-to-develop-egp-900bn-marassi-red-sea-resort-in-egypt/|https://www.dailynewsegypt.com/2026/08/18/top-10-egyptian-developers-sales-rise-to-egp-670bn-in-h1-2026/,true,Website listed but not fetched (automated access excluded by brief). Mivida|Uptown Cairo|Marassi|Cairo Gate
Empire State Developments,,,,,,,Cairo,New Capital,https://www.dailynewsegypt.com/2026/07/12/empire-state-developments-targets-egp-5-6bn-sales-from-upmount-at-new-capital/,true,
Everestview Development,,,,,,,Cairo,Sheikh Zayed,https://www.dailynewsegypt.com/2026/08/30/everestview-development-launches-montania-gate-in-sheikh-zayed/,true,
Evora Developments,,,,,,,Cairo,Mostakbal City,https://www.dailynewsegypt.com/2025/08/24/evora-developments-launches-pulse-project-within-egp-30bn-investment-strategy/,true,
Fawaz Alhokair Group,,Fawaz Al Hokair Group,,,,,Riyadh,6th of October|New Cairo,https://www.dailynewsegypt.com/2022/06/21/saudi-arabias-fawaz-al-hokair-group-invests-over-480m-in-egypt-aims-to-inject-more/,true,Parent of Marakez
First Investment and Real Estate Development,,,,FIRED,,,Cairo,,https://www.african-markets.com/en/stock-markets/egx/listed-companies|https://stockanalysis.com/list/egyptian-stock-exchange/,false,EGX-listed per listing aggregator(s); residential development activity not confirmed by press or official site
Founders Developments,,,,,,,Cairo,New Cairo,https://www.dailynewsegypt.com/2023/08/08/egypts-top-10-developers-revealed-with-88-sales-increase-in-1h-2023/,true,
G Developments,,Art Life,,,,,Cairo,,https://www.dailynewsegypt.com/2026/08/18/top-10-egyptian-developers-sales-rise-to-egp-670bn-in-h1-2026/,true,
Gates Developments,,,gatesdevelopments.com,,,,Cairo,New Capital|Sheikh Zayed,https://www.dailynewsegypt.com/2026/02/01/gates-developments-delivers-gates-prive-in-sheikh-zayed-1-year-ahead-of-schedule/,true,
Gharbia Islamic Housing Development,,,,GIHD,,,Cairo,,https://www.african-markets.com/en/stock-markets/egx/listed-companies|https://stockanalysis.com/list/egyptian-stock-exchange/,false,EGX-listed per listing aggregator(s); residential development activity not confirmed by press or official site
Giza General Contracting and Real Estate Investment,,,,GGCC,,,Cairo,,https://stockanalysis.com/list/egyptian-stock-exchange/,false,EGX-listed per listing aggregator(s); residential development activity not confirmed by press or official site
Golden Land Development,,,,,,,Cairo,Sheikh Zayed,https://www.dailynewsegypt.com/2025/12/28/golden-land-development-launches-egp-5bn-naseem-residential-compound-in-sheikh-zayed/,true,
Grova Developments,,,,,,,Cairo,East Cairo,https://www.zawya.com/en/economy/north-africa/grova-developments-enters-egypts-real-estate-market-with-grova-easthills-launch-hvcfsmr0,true,
Harby Group,,,,,,,Cairo,6th of October,https://www.dailynewsegypt.com/2026/02/09/harby-group-launches-construction-of-seven-residence-in-october-gardens/,true,
Hassan Allam Properties,,,hap.com.eg,,,,Cairo,Mostakbal City,https://www.dailynewsegypt.com/2024/03/18/hassan-allam-properties-grows-presence-in-mostakbal-city-with-279-feddan-expansion/,true,
Heliopolis Developers,,,,,,,Cairo,New Heliopolis,https://www.dailynewsegypt.com/2021/04/26/heliopolis-developers-to-debut-residential-project-with-egp-2bn-investments/,true,Distinct from Heliopolis Housing (HELI)
Heliopolis Housing,Heliopolis Company for Housing and Development,Heliopolis Co. for Housing & Development,,HELI,,1905,Cairo,Heliopolis|New Cairo|New Heliopolis,https://zawya.com/mena/en/business/story/Heliopolis_Housing_launches_Heliopark_development_project-SNG_206785086,true,Founded 1905 per Daily News Egypt; New Heliopolis and Heliopark land bank
HHD,,,,,,,Cairo,New Heliopolis,https://www.dailynewsegypt.com/2024/02/07/hhd-to-invest-egp-4bn-in-new-heliopolis-city/,true,Heliopolis Housing and Development abbreviation seen in press; possibly the same as Heliopolis Housing (unconfirmed)
HIG Development,,,,,,,Cairo,West Cairo,https://www.dailynewsegypt.com/2026/05/17/hig-development-launches-barah-residence-in-west-cairo-with-egp-3bn-investment/,true,
Hills Developments,,,,,,,Cairo,,https://www.dailynewsegypt.com/2025/10/26/hills-developments-protection-real-estate-development-forge-strategic-partnership-to-advance-urban-projects/,false,Fetched sources show commercial/administrative/other activity only; residential development not confirmed
HMD Developments,,,,,,,Cairo,New Zayed,https://www.dailynewsegypt.com/2025/05/18/hmd-developments-launches-velora-villa-in-new-zayed-with-egp-2bn-investment/,true,
Hometown Developments,,,,,,,Cairo,New Capital,https://www.dailynewsegypt.com/2025/06/01/hometown-developments-signs-agreement-with-savills-egypt-to-manage-4-projects-in-new-capital/,false,Fetched sources show commercial/administrative/other activity only; residential development not confirmed
Horizon Egypt Developments,,Horizon Egypt,,,,2021,Cairo,New Cairo|North Coast,https://www.dailynewsegypt.com/2023/09/11/saada-new-cairo-new-real-estate-project-by-horizon-egypt-developments-with-egp-36bn-investment/,true,Saada New Cairo
Housing and Development Properties,,HDP,hdp.com.eg,,Housing and Development Bank,,Cairo,New Cairo,https://www.dailynewsegypt.com/2026/01/20/hdp-launches-grand-lane-residential-project-in-new-cairo-with-egp-50bn-investments/,true,
Hyde Park Developments,,,hydeparkdevelopments.com,,,,Cairo,New Cairo|6th of October|North Coast,https://www.dailynewsegypt.com/2022/09/23/hyde-park-developments-showcases-projects-in-east-and-west-cairo-north-coast-at-cityscape-egypt-exhibition/|https://www.dailynewsegypt.com/2026/08/18/top-10-egyptian-developers-sales-rise-to-egp-670bn-in-h1-2026/,true,
IGI Developments,,,igi-developments.com,,,,Cairo,6th of October|Sphinx City|New Cairo,https://www.dailynewsegypt.com/2024/09/24/igi-developments-celebrates-30-years-of-achievements-and-announces-ambitious-future-plans/,true,
IL Cazar Developments,,,,,,,Cairo,New Cairo|North Coast,https://www.dailynewsegypt.com/2022/04/11/go-khozam-rebrands-to-il-cazar-developments/,true,
Illume Societies,,,,,,,Cairo,New Cairo,https://www.dailynewsegypt.com/2026/06/07/illume-societies-launches-egp-4-5bn-illume-residence-in-new-cairos-sixth-settlement/,true,
Imarrae,,,,,,,Cairo,New Cairo,https://www.dailynewsegypt.com/2026/08/09/imarrae-begins-construction-of-egp-22bn-kin-residential-project-in-new-cairo/,true,
Inertia Egypt,,,inertiaegypt.com,,,,Cairo,Sheikh Zayed|North Coast|El Gouna,https://www.dailynewsegypt.com/2025/02/22/inertia-egypt-to-invest-egp-8bn-in-real-estate-during-2025/,true,
Innovo Group,,,,,,,London,East Cairo,https://www.dailynewsegypt.com/2025/04/06/innovo-group-to-launch-two-real-estate-projects-in-egypt-in-2025/,true,Primarily design-and-build contractor; building zones in Al Burouj; also announced own projects
Ismailia Development and Real Estate,,,,IDRE,,,Cairo,,https://www.african-markets.com/en/stock-markets/egx/listed-companies|https://stockanalysis.com/list/egyptian-stock-exchange/,false,EGX-listed per listing aggregator(s); residential development activity not confirmed by press or official site
Iwan Developments,,,iwandevelopments.com,,,,Cairo,Ain Sokhna|Sheikh Zayed,https://www.dailynewsegypt.com/2019/10/15/iwan-developments-launches-egp-5bn-majada-project-in-ain-sokhna/,true,
J Communities,,New Jersey Developments,,,,,Cairo,New Cairo|New Capital,https://www.dailynewsegypt.com/2026/07/12/j-communities-launches-as-parent-platform-restructuring-new-jersey-developments-real-estate-portfolio/,true,Parent platform restructuring New Jersey Developments portfolio
Jadeer Developments,,,,,,,Cairo,New Capital,https://www.dailynewsegypt.com/2026/06/07/jadeer-developments-launches-egp-10bn-chapters-residential-project-in-new-capital/,true,
Jawad Developments,,,,,,,Cairo,6th of October,https://www.dailynewsegypt.com/2025/02/02/jawad-developments-unveils-hayah-residence-in-6th-of-october-city-with-egp-5bn-sales-target/,true,
JORA Developments,,,,,,,Cairo,6th of October,https://www.dailynewsegypt.com/2026/07/26/jora-developments-begins-construction-of-ixora-residence-launches-third-phase/,true,
Just Development,,,,,,,Cairo,New Capital,https://www.zawya.com/en/projects/construction/egypts-just-development-to-launch-21mln-mixed-use-project-in-new-capital-vzpd33u6,false,Fetched sources show commercial/administrative/other activity only; residential development not confirmed
JUZUR Developments,,,,,,,Cairo,New Cairo,https://www.dailynewsegypt.com/2026/07/05/juzur-signs-mou-with-hossam-fahmy-consultancy-for-new-cairo-mixed-use-project/,true,
K Developments,,,,,,,Cairo,Shorouk,https://www.dailynewsegypt.com/2026/05/03/k-developments-launches-egp-1-5bn-palencia-plaza-in-shorouk-city/,true,
Khaled Sabry Developments,,,,,,,Cairo,Mostakbal City,https://www.dailynewsegypt.com/2026/05/10/khaled-sabry-developments-launches-waterside-villas-in-rosail-city-with-immediate-delivery/,true,
Kleek Developments,,,kleekdevelopments.com,,,,Cairo,New Cairo,https://www.dailynewsegypt.com/2025/01/26/kleek-developments-enters-egyptian-market-with-egp-8bn-sales-target-for-first-year/,true,
Kulture Developments,,,,,,,Cairo,East Cairo|West Cairo,https://www.zawya.com/en/press-release/companies-news/igi-developments-and-kulture-developments-announce-strategic-partnership-for-mixed-use-projects-in-east-and-west-cairo-403010,true,
La Vista Developments,,,lavista-developments.com,,,,Cairo,New Cairo|North Coast|Ain Sokhna|New Capital,https://www.dailynewsegypt.com/2026/08/18/top-10-egyptian-developers-sales-rise-to-egp-670bn-in-h1-2026/,true,
Lake View Urban Development,,Lake View Developments|Lake View Residence,,,El Hazek Group,,Cairo,New Cairo,https://www.dailynewsegypt.com/2024/01/10/adifinance-joins-alliance-to-offer-financing-of-egp-1-3bn-to-el-hazek-construction/,true,
Landmark Developments,,,,,,,Cairo,New Cairo|North Coast,https://www.dailynewsegypt.com/2023/08/08/egypts-top-10-developers-revealed-with-88-sales-increase-in-1h-2023/,true,
Laverde Developments,,,,,,,Cairo,New Capital,https://www.dailynewsegypt.com/2024/09/24/laverde-developments-completes-60-of-la-verde-new-capital-project/,true,
Lazura Developments,,,,,,,Cairo,New Cairo,https://www.dailynewsegypt.com/2026/01/04/lazura-developments-launches-new-cairo-project-with-egp-8bn-in-investments/,true,
Living Yards Developments,,,,,,,Cairo,,https://www.dailynewsegypt.com/2025/10/05/living-yards-lemon-spaces-partner-for-maison-s-branded-residences/,false,Fetched sources show commercial/administrative/other activity only; residential development not confirmed
LMD,,,,,,,Cairo,New Cairo,https://www.zawya.com/en/business/real-estate/egyptian-developer-lmd-inks-strategic-partnership-with-finance-house-i94j3sf4,true,
M Squared Developments,,,,,,,Cairo,Ras El Hekma,https://www.dailynewsegypt.com/2026/09/06/m-squareds-masyaf-ras-al-hekma-reaches-41-construction-completion-as-phase-two-begins/,true,
MA Group,,,,,,,Cairo,West Cairo,https://www.dailynewsegypt.com/2026/03/31/triumph-hotels-management-ma-group-announce-strategic-partnership-to-develop-triumph-pyramids-hotel-in-west-cairo/,false,Fetched sources show commercial/administrative/other activity only; residential development not confirmed
Mabany Edris,,,mabanyedris.com,,,,Cairo,New Zayed|Ras El Hekma,https://www.dailynewsegypt.com/2025/05/04/mabany-edris-launches-ons-new-zayed-with-egp-13-5bn-investment-across-84-feddans/,true,
Madaar Developments,,,,,,,Cairo,Sheikh Zayed|North Coast|Ain Sokhna,https://www.dailynewsegypt.com/2026/04/19/madaar-developments-unveils-the-hillage-in-sheikh-zayed-with-egp-15bn-investments/|https://www.dailynewsegypt.com/2024/10/02/madaar-announces-expansion-plans-exclusive-offers-at-cityscape-egypt-2024/,true,
Madinet Masr,Madinet Masr for Housing and Development,MNHD|Madinet Nasr Housing and Development|Medinet Nasr Housing,madinetmasr.com,MASR,,,Cairo,New Cairo|New Heliopolis|Nasr City,https://www.dailynewsegypt.com/2026/01/19/madinet-masr-posts-record-egp-52-1bn-in-new-sales-as-deliveries-surge-201-in-2025/|https://www.dailynewsegypt.com/2026/08/18/top-10-egyptian-developers-sales-rise-to-egp-670bn-in-h1-2026/,true,Taj City|Sarai|Talala
Majid Al Futtaim,,,,,,,Dubai,New Cairo,https://www.dailynewsegypt.com/2026/06/21/midar-majid-al-futtaim-sign-3-1bn-partnership-to-develop-integrated-urban-project-in-new-cairo/,true,Mixed-use with MIDAR in New Cairo; mainly retail
Makkah Developments,,,,,,,Cairo,Sheikh Zayed,https://www.dailynewsegypt.com/2026/05/17/makkah-developments-partners-with-golden-tulip-for-hospitality-operations-at-rowaq-in-sheikh-zayed/,true,
Maqam Misr Developments,,,,,,,Cairo,New Capital,https://www.dailynewsegypt.com/2022/06/27/maqam-misr-launches-east-tower-5-project-at-nac-with-egp-670m-in-investments/,false,Fetched sources show commercial/administrative/other activity only; residential development not confirmed
Marakez,,,marakez.net,,Fawaz Alhokair Group,,Cairo,New Cairo|6th of October|North Coast,https://www.dailynewsegypt.com/2026/01/19/marakez-secures-egp-3bn-financing-from-kfh-egypt-to-expand-district-5-commercial-office-offerings/,true,
Mardev Developments,,,,,,,Cairo,New Zayed,https://www.zawya.com/en/press-release/companies-news/mardev-developments-appointes-azur-to-manage-urban-zen-branded-residences-in-menorca-new-zayed-at-egp-1bn-investment-ssa0cdq9,true,
Margins Developments,,,,,,,Cairo,New Cairo|Mostakbal City,https://www.dailynewsegypt.com/2024/11/10/margins-developments-launches-sheraton-residence-with-egp-15bn-investment/,true,
Marquee Developments,,,,,,,Cairo,New Cairo,https://www.dailynewsegypt.com/2024/12/15/marquee-developments-unveils-shababeek-with-egp-6bn-investment-in-new-cairos-fifth-settlement/,true,
Marseilia Group,,,marseilia.com,,,,Cairo,New Capital|North Coast|Alexandria,https://www.dailynewsegypt.com/2020/08/30/marseilia-group-keeps-up-with-delivering-schedule-despite-pandemic-chairperson/,true,
Marsoum Developments,,,,,,,Cairo,West Cairo,https://www.dailynewsegypt.com/2026/09/13/marsoum-developments-launches-the-central-gate-in-west-cairo/,true,
Master Group,,,,,,,Cairo,New Capital,https://www.dailynewsegypt.com/2023/09/20/master-group-completes-55-of-the-city-project-in-new-administrative-capital/,true,
Maven Developments,,,,,RiverWards Group,,Cairo,Ain Sokhna|Ras El Hekma,https://www.dailynewsegypt.com/2020/02/03/maven-developments-launches-first-egypt-project-in-ain-sokhna-with-egp-4bn-investment/,true,Ain Sokhna and North Coast only in fetched press
Maxim Investment,,Maxim,,,,,Cairo,North Coast,https://www.zawya.com/en/projects/construction/egypts-maxim-to-partner-with-the-marq-communities-for-north-coast-project-a8cxbsru,true,Only a Zawya headline snippet; details not fetched
Mazaya Developments,,,,,,,Cairo,New Capital|Obour,https://www.dailynewsegypt.com/2026/08/09/mazaya-developments-launches-25-feddan-town-ten-in-new-obour/,true,
MBG Developments,,,,,,,Cairo,Ras El Bar|New Capital,https://www.zawya.com/en/business/real-estate/egypt-mbg-develops-323mln-co-development-with-nuca-in-ras-el-bar-i5ikdn6p|https://www.dailynewsegypt.com/2020/02/24/mbg-development-directs-egp-700m-investment-to-pukka-new-capital/,true,
Mena Touristic and Real Estate Investment,,,,MENA,,,Cairo,,https://www.african-markets.com/en/stock-markets/egx/listed-companies|https://stockanalysis.com/list/egyptian-stock-exchange/,false,EGX-listed per listing aggregator(s); residential development activity not confirmed by press or official site
Menassat Developments,,,,,,,Cairo,New Capital|New Cairo,https://www.zawya.com/mena/en/projects/story/PROJECTS_Egypts_Menassat_Developments_to_launch_two_new_projects_in_2021__Chairman-ZAWYA20210715073717/,false,Fetched sources show commercial/administrative/other activity only; residential development not confirmed
Mercon Developments,,,,,,,Cairo,New Cairo,https://www.dailynewsegypt.com/2025/09/14/mercon-developments-el-tamayuz-kuwaiti-egyptian-launch-riverton-project-in-new-cairo/,true,
Methaq Arab Group,,MAG,,,,,Cairo,East Cairo,https://www.dailynewsegypt.com/2025/08/24/methaq-arab-group-launches-first-project-in-egypt-with-planned-investments-of-egp-60bn/,true,
METRA Developments,,,,,,,Cairo,West Cairo,https://www.dailynewsegypt.com/2026/09/20/metra-developments-launches-liwan-residence-in-west-cairo/,true,
MG Developments,,,,,,,Cairo,Ain Sokhna,https://www.dailynewsegypt.com/2024/12/08/mg-developments-to-launch-two-new-projects-in-ain-sokhna-by-q1-2025/,true,
MIDAR,,,,,,,Cairo,Mostakbal City,https://www.dailynewsegypt.com/2024/12/22/midar-invests-7bn-in-mostakbal-city-plans-for-local-regional-expansion-targeting-14bn/,true,
Misr Abu Dhabi Real Estate Development,,MAD,,,,,Cairo,Giza,https://www.dailynewsegypt.com/2026/07/14/mad-unveils-hotel-project-opposite-grand-egyptian-museum-as-part-of-expansion-strategy/,true,
Misr Italia Properties,,,misritaliaproperties.com,,,,Cairo,6th of October|New Cairo|New Capital|Ras El Hekma,https://www.dailynewsegypt.com/2026/08/09/misr-italia-showcases-solare-progress-launches-amare-seafront-villas-in-ras-el-hekma/,true,
Modon Developments,,,,,,,Cairo,New Capital,https://www.dailynewsegypt.com/2026/09/06/modon-developments-invests-egp-5bn-in-green-river-tower-at-new-capital/,true,Egyptian developer in New Capital; distinct from Abu Dhabi Modon Holding
Modon Holding,,Modon|Modon Ras El Hekma|Madaar Ras El Hekma,,,,,Abu Dhabi,Ras El Hekma,https://www.zawya.com/en/press-release/companies-news/modon-holding-and-nammos-hotels-resorts-bring-nammos-ras-el-hekma-to-egypts-north-coast-394193|https://www.dailynewsegypt.com/2026/08/18/top-10-egyptian-developers-sales-rise-to-egp-670bn-in-h1-2026/,true,Abu Dhabi master developer of Ras El Hekma; distinct from Egyptian Modon Developments
Morshedy Group,,Memaar Al Morshedy,,,,1983,Cairo,New Cairo|North Coast,https://www.dailynewsegypt.com/2025/02/10/morshedy-group-acquires-iconic-zamalek-tower-in-egp-750m-deal/,true,
Mountain View,,DMG Mountain View|Mountain View for Development and Real Estate Investment,mountainviewegypt.com,,,,Cairo,New Cairo|6th of October|Mostakbal City|North Coast|Ain Sokhna,https://www.dailynewsegypt.com/2026/08/18/top-10-egyptian-developers-sales-rise-to-egp-670bn-in-h1-2026/,true,
MRB Developments,,,,,,,Cairo,6th of October,https://www.dailynewsegypt.com/2026/01/04/mrb-launches-district-9-project-in-6th-of-october-city-with-carrefour-as-anchor-tenant/,true,
Murtaqa Developments,,,,,,,Cairo,,https://www.dailynewsegypt.com/2026/09/13/murtaqa-developments-to-launch-210-feddan-residential-project/,true,
N Developments,,,,,,,Cairo,,https://www.dailynewsegypt.com/2025/09/23/n-developments-unveils-exclusive-offers-for-nest-project-at-cityscape-egypt-2025/,true,
NAIA Developments,,,,,,,Cairo,New Zayed,https://www.dailynewsegypt.com/2026/03/01/naia-developments-completes-90-of-first-phase-at-naia-west-in-new-sheikh-zayed/,true,
Najm Developments,,,,,,,Cairo,New Cairo,https://www.dailynewsegypt.com/2025/11/16/najm-developments-initiates-veln-project-in-new-cairo-with-egp-1-6bn-in-investments/,true,
Nakheel Developments,,,,,,,Cairo,Shorouk,https://www.dailynewsegypt.com/2026/03/29/nakheel-developments-launches-livyn-residential-project-in-shorouk/,true,
Nations of Sky,,,nationsofsky.com,,,,Cairo,New Cairo,https://www.dailynewsegypt.com/2025/03/16/nations-of-sky-enters-egyptian-market-with-bold-vision-diverse-real-estate-portfolio/,true,
Nawassy Developments,,,,,,,Cairo,New Cairo,https://www.dailynewsegypt.com/2026/02/08/nawassy-developments-partners-with-rotana-to-manage-n-line-hotel-in-new-cairo/,false,Fetched sources show commercial/administrative/other activity only; residential development not confirmed
New City Developments,,,,,,,Cairo,West Cairo,https://www.dailynewsegypt.com/2021/03/09/new-city-launches-eco-west-development-with-egp-2-5bn-investments/,true,
New Event Developments,,,,,,,Cairo,New Capital,https://www.dailynewsegypt.com/2026/05/24/new-event-developments-launches-layal-residence-project-in-new-capital/,true,
New Plan Developments,,,,,,,Cairo,New Capital,https://www.dailynewsegypt.com/2026/09/20/new-plan-developments-targets-delivery-of-1700-units-in-2026/,true,
NEWGIZA,,,newgiza.com,,,,Cairo,Giza|North Coast,https://www.dailynewsegypt.com/2023/08/08/egypts-top-10-developers-revealed-with-88-sales-increase-in-1h-2023/,true,
Nile Developments,,,,,,,Cairo,New Capital,https://www.dailynewsegypt.com/2026/08/30/nile-developments-launches-28th-floor-at-tycoon-tower-in-new-capital/,false,Fetched sources show commercial/administrative/other activity only; residential development not confirmed
North Africa Real Estate Investment,,,,NOAF,,,Cairo,,https://www.african-markets.com/en/stock-markets/egx/listed-companies|https://stockanalysis.com/list/egyptian-stock-exchange/,false,EGX-listed per listing aggregator(s); residential development activity not confirmed by press or official site
ON Developments,,,,,,,Cairo,,https://www.zawya.com/en/press-release/companies-news/on-developmentslaunches-as-the-real-estate-arm-of-arginza-holding-vi4racdl,true,
One Development,,,,,,,Cairo,New Cairo,https://www.dailynewsegypt.com/2026/04/26/one-development-breaks-ground-on-do-new-cairo-launches-second-phase/,true,
One of One Developments,,,,,,,Cairo,Sheikh Zayed,https://www.dailynewsegypt.com/2026/05/21/one-of-one-records-egp-1-5bn-sales-opens-new-hq-to-drive-expansion/,true,
Ora Developers,,,oradevelopers.com,,,,Cairo,New Cairo|Sheikh Zayed|North Coast|Mostakbal City,https://www.dailynewsegypt.com/2026/07/11/four-bank-consortium-extends-egp-4bn-syndicated-loan-to-ora-developers-egypt/|https://www.dailynewsegypt.com/2025/02/23/egypts-top-21-real-estate-developers-double-sales-to-egp-1-4trn-in-2024/,true,
Orascom Development Egypt,,Orascom Hotels and Development|ODE,orascomdh.com,ORHD,Orascom Development Holding,,Cairo,6th of October|El Gouna|North Coast,https://www.dailynewsegypt.com/2023/05/07/orascom-development-begins-handover-of-1st-phase-of-o-west/,true,O West|El Gouna|Makadi; website shown is the holding site
Oria Developments,,,,,,,Cairo,6th of October,https://www.dailynewsegypt.com/2025/10/26/oria-developments-partners-with-swiss-inn-to-manage-alamat-hotel-residences-in-6th-of-october-city/,true,
Palm Hills Developments,Palm Hills Developments S.A.E.,PHD,palmhillsdevelopments.com,PHDC,,,Cairo,6th of October|Sheikh Zayed|New Cairo|North Coast,https://www.dailynewsegypt.com/2026/08/18/top-10-egyptian-developers-sales-rise-to-egp-670bn-in-h1-2026/|https://blogs.realestate.gov.eg/best-real-estate-developers-in-egypt-2025/,true,
Palmier Developments,,,,,,,Cairo,New Zayed,https://www.dailynewsegypt.com/2025/11/04/palmier-developments-launches-vert-project-in-new-sheikh-zayed-city/,true,
Paragon Developments,,,,,,2020,Cairo,New Capital|New Cairo,https://www.zawya.com/en/business/real-estate/paragon-developments-launches-office-in-riyadh-to-expand-regional-footprint-across-mena-d5naohyb,false,Fetched sources show commercial/administrative/other activity only; residential development not confirmed
Polaris Homes,,,,,,,Cairo,Sheikh Zayed,https://www.dailynewsegypt.com/2026/06/14/polaris-parks-expands-into-residential-market-with-launch-of-polaris-homes-in-sheikh-zayed/,true,
Prax Developments,,,,,,,Cairo,New Obour,https://www.dailynewsegypt.com/2026/08/30/egyptian-saudi-partnership-launches-prax-developments-announces-first-project-in-new-obour/,true,
PRE Group,Pioneers Properties for Urban Development,PRE Developments|Pioneers Real Estate,,PRDC,,,Cairo,Sheikh Zayed|New Cairo,https://www.dailynewsegypt.com/2026/05/19/pre-group-targets-end-2026-delivery-of-first-phase-at-ivoire-west-in-sheikh-zayed/,true,Ivoire West|Big Business District
Prime Hills Developments,,,,,,,Cairo,6th of October,https://www.dailynewsegypt.com/2026/06/21/prime-hills-developments-launches-prime-plaza-mall-october-with-egp-2-5bn-investments/,false,Fetched sources show commercial/administrative/other activity only; residential development not confirmed
Prime Living Developments,,,,,,,Cairo,New Heliopolis,https://www.dailynewsegypt.com/2026/01/04/prime-living-developments-targets-egp-500m-investments-in-2026-expansion-plan/,true,
Pyramids Developments,,,,,,,Cairo,New Capital,https://www.zawya.com/mena/en/story/Egypts_Pyramids_Developments_announces_real_estate_projects_in_New_Administrative_Capital-ZAWYA20190210052118/,true,
Q Developments,,,,,,,Cairo,,https://www.dailynewsegypt.com/2024/11/24/q-developments-to-introduce-two-new-projects-with-egp-11bn-investments-in-2025/,true,
Qatari Diar,,,,,,,Doha,North Coast|New Cairo,https://www.dailynewsegypt.com/2026/08/09/madbouly-launches-construction-of-qatari-diars-29-7bn-alam-al-roum-project-in-north-coast/,true,Alam El Roum (North Coast); kept because Stage 1a found it in listing data
QORE Developments,,,,,,,Cairo,6th of October,https://www.dailynewsegypt.com/2026/09/20/qore-enters-egypts-real-estate-market-with-egp-30bn-investment-plan-through-2030/,true,
Qurtuba Developments,,,,,,,Cairo,New Capital,https://www.dailynewsegypt.com/2025/11/30/qurtuba-developments-to-launch-new-capital-residential-project-before-year-end/,true,
Radix Development,,,,,,,Cairo,New Capital,https://www.dailynewsegypt.com/2021/09/22/radix-development-plans-to-invest-total-egp-5bn-in-egyptian-market-by-2025-end-executive-vp/,false,Fetched sources show commercial/administrative/other activity only; residential development not confirmed
Ramtan Developments,,,,,,,Cairo,New Capital,https://www.dailynewsegypt.com/2026/07/26/nbe-partners-with-ramtan-developments-to-market-ready-to-move-homes-in-new-capital/,true,
Rayz Developments,,,,,,,Cairo,New Cairo,https://www.dailynewsegypt.com/2026/05/12/rayz-developments-debuts-in-egypt-with-brx-mixed-use-project-in-new-cairo/,true,
Real Estate Egyptian Consortium,,,,AREH,,,Cairo,,https://www.african-markets.com/en/stock-markets/egx/listed-companies|https://stockanalysis.com/list/egyptian-stock-exchange/,false,EGX-listed per listing aggregator(s); residential development activity not confirmed by press or official site
Reedy Group,,Reedy for Real Estate Investment,,,,,Cairo,New Cairo,https://www.zawya.com/en/business/egypts-reedy-group-plans-700mln-955mln-real-estate-investments-in-five-years-v6o5zdev,true,
Reflect Developments,,,,,,,Cairo,,https://www.dailynewsegypt.com/2026/06/21/reflect-developments-partners-with-egymap-to-lease-retail-spaces-at-infinity-selekt-malls/,false,Fetched sources show commercial/administrative/other activity only; residential development not confirmed
Reportage Properties,,,,,,,Abu Dhabi,Mostakbal City,https://www.dailynewsegypt.com/2021/04/07/al-ahly-sabbour-reportage-properties-agree-to-develop-real-estate-project-in-mostakbal-city/,true,UAE developer; Montenapoleone in Mostakbal City with Al Ahly Sabbour
Rock Developments,,,,,El Batal for Investments,,Cairo,,https://zawya.com/en/business/real-estate/egypt-rock-developments-launches-with-201mln-investments-uysc2il5,true,Launched under the umbrella of El Batal for Investments (Zawya); Rock White|Rock Green in New Heliopolis
Roshan Masr Developments,,,,,,,Cairo,West Cairo,https://www.dailynewsegypt.com/2026/08/09/roshan-masr-developments-signs-partnerships-ahead-of-west-cairo-project-launch/,true,
Roya Developments,,Rooya Group,royadevelopments.com,,,,Cairo,,https://www.royadevelopments.com/,false,Official-looking site responded (title 'Roya'); no press confirmation fetched; merged with Rooya Group
Royal Developments,,,,,,,Cairo,,https://www.dailynewsegypt.com/2023/09/20/we-aim-to-be-one-of-top-real-estate-developers-in-egypt-royal-developments/,true,
SAK Developments,,,,,,,Cairo,New Capital,https://www.dailynewsegypt.com/2023/12/03/sak-developments-executes-3-projects-in-new-capital/,false,Fetched sources show commercial/administrative/other activity only; residential development not confirmed
SAM Developments,,,,,,,Cairo,,https://www.dailynewsegypt.com/2026/09/13/sam-developments-begins-construction-of-90-gate-mall/,false,Fetched sources show commercial/administrative/other activity only; residential development not confirmed
Saudi Egyptian Developers,,SED,,,,1975,Cairo,New Capital|New Cairo|North Coast,https://www.dailynewsegypt.com/2024/12/02/saudi-egyptian-developers-unveils-first-phase-of-bleu-vert-in-new-capital-with-egp-8-7bn-investment/,true,Government-to-government company (Egypt Housing Ministry and Saudi Ministry of Finance) per Daily News Egypt
Saudi Group Developments,,,,,,,Cairo,West Cairo,https://www.dailynewsegypt.com/2025/05/21/saudi-group-developments-unveils-egp-3bn-valea-project-in-west-cairo/,true,
Sckylers Developments,,,,,,,Cairo,East Cairo,https://www.dailynewsegypt.com/2025/09/14/sckylers-developments-debuts-in-egypt-with-oc-project-in-east-cairo/,true,
Scope Developments,,,,,,,Cairo,,https://www.dailynewsegypt.com/2026/09/13/scope-developments-unveils-new-corporate-identity-outlines-expansion-plans/,false,Fetched sources show commercial/administrative/other activity only; residential development not confirmed
SIAC Developments,,,,,,,Cairo,New Capital|Sheikh Zayed,https://www.dailynewsegypt.com/2025/07/13/siac-developments-begins-handover-of-the-central-in-new-capital-with-over-70-delivered-90-sold/,true,
Sky Abu Dhabi,,,,,,,Cairo,New Cairo|New Capital,https://www.dailynewsegypt.com/2026/03/15/sky-abu-dhabi-acquires-75-feddans-in-sixth-settlement-for-mixed-use-project/,true,Possibly the same company as Sky AD Developments; not confirmed
Sky AD Developments,,SKY AD. Developments,,,,,Cairo,New Capital|Ras El Hekma,https://www.dailynewsegypt.com/2025/07/15/sky-ad-developments-launches-egp-80bn-sky-north-project-in-ras-el-hekma/,true,
Sky Innovo Developments,,,,,,,Cairo,New Cairo,https://www.dailynewsegypt.com/2024/05/27/sky-innovo-developments-initiates-its-business-in-egyptian-market-with-park-st-edition/,true,
Slvr Communities,,,,,,,Cairo,New Cairo,https://www.dailynewsegypt.com/2025/10/26/slvr-communities-launches-vybe-mixed-use-project-in-new-cairos-fifth-settlement/,true,
SODIC,Sixth of October for Development and Investment,Sixth of October Development and Investment|Six of October Development & Investment,sodic.com,OCDI,Aldar Properties / Alpha Dhabi consortium,1996,Cairo,Sheikh Zayed|New Cairo|6th of October|North Coast,https://www.dailynewsegypt.com/2025/02/23/egypts-top-21-real-estate-developers-double-sales-to-egp-1-4trn-in-2024/,true,"Founding year from official site title; parent from general knowledge, not source-verified"
Sorouh Developments,,,,,,,Cairo,New Capital,https://www.dailynewsegypt.com/2020/08/17/sorouh-registers-egp-2-5bn-sales-at-entrada-new-capital-project/,false,Fetched sources show commercial/administrative/other activity only; residential development not confirmed
Space Shapers,,,,,,,Cairo,6th of October,https://www.dailynewsegypt.com/2026/09/20/space-shapers-launches-rawaj-mixed-use-project-in-6th-of-october-city/,true,
Special Group,,,,,,,Cairo,New Capital,https://www.dailynewsegypt.com/2025/05/11/special-group-mint-real-estate-launch-40-square-residential-project-in-new-capital/,true,
Squares Developments,,,,,,,Cairo,New Capital,https://www.dailynewsegypt.com/2025/10/19/squares-developments-launches-egp-15-bn-sage-lakes-residence-in-new-capitals-r8-district/,true,
Starlight Developments,,,,,,,Cairo,New Cairo,https://www.dailynewsegypt.com/2021/02/02/starlight-developments-invests-egp-3-1bn-in-katameya-creeks-project/,true,"Katameya Creeks, New Cairo"
STM Investment,,,,,,,Cairo,East Cairo,https://www.zawya.com/en/projects/construction/egypts-mountain-view-stm-investment-partner-for-residential-project-in-east-cairo-nlxh8kuz,true,
T Developments,,,,,Tatra Group,,Cairo,,https://www.dailynewsegypt.com/2026/09/20/tatra-group-launches-t-developments-in-egypt/,true,
Tabarak Developments,,Tabarak Holding,tabarakholding.com,,,1979,Cairo,New Capital,https://www.dailynewsegypt.com/2024/12/24/tabarak-holding-invests-egp-60bn-in-real-estate-development-for-2024/,true,
Taj Misr Developments,,,,,,,Cairo,New Capital|Sheikh Zayed,https://www.dailynewsegypt.com/2020/10/01/taj-misr-launches-ezdan-de-joya1-in-new-capital-with-egp-3bn-investments/,true,
Talaat Moustafa Group,Talaat Moustafa Group Holding,TMG|TMG Holding,talaatmoustafa.com,TMGH,,,Cairo,New Cairo|Madinaty|Rehab|New Capital|North Coast,https://www.dailynewsegypt.com/2026/08/18/top-10-egyptian-developers-sales-rise-to-egp-670bn-in-h1-2026/,true,Madinaty|Al Rehab|Noor|Celia|SouthMED
Tameer,,,,,,,Cairo,New Cairo,https://www.dailynewsegypt.com/2025/01/14/tameer-egypt-unveils-urban-business-lane-mega-project-in-new-cairo/,true,
Tanmiya for Real Estate Investment,,,,TANM,,,Cairo,,https://www.african-markets.com/en/stock-markets/egx/listed-companies|https://stockanalysis.com/list/egyptian-stock-exchange/,false,EGX-listed per listing aggregator(s); residential development activity not confirmed by press or official site
Tatweer Misr,,,tatweermisr.com,,,,Cairo,New Cairo|North Coast|Ain Sokhna|Mostakbal City,https://www.dailynewsegypt.com/2026/07/12/tatweer-misr-launches-salt-marina-with-egp-28bn-investment-in-north-coast/|https://www.dailynewsegypt.com/2026/08/18/top-10-egyptian-developers-sales-rise-to-egp-670bn-in-h1-2026/,true,
TBK Developments,,,,,,,Cairo,,https://www.dailynewsegypt.com/2025/05/25/tbk-developments-announces-egp-180bn-investment-across-three-real-estate-projects-in-egypt/,true,Possibly related to Tabarak Holding (unconfirmed)
Tesla Developments,,,,,,,Cairo,West Cairo,https://www.dailynewsegypt.com/2026/01/18/tesla-developments-to-launch-second-phase-of-tesla-residence-in-west-cairo/,true,
The Ark Development,,,,,,,Cairo,New Cairo,https://www.dailynewsegypt.com/2022/10/19/the-ark-development-launches-its-business-in-egypts-real-estate-market-with-egp-30bn-in-investments/,true,
The MarQ Communities,,,,,,,Cairo,New Cairo,https://www.dailynewsegypt.com/2025/03/02/the-marq-communities-delivers-first-residential-units-at-the-marq-gardens-in-new-cairo/,true,
The Waterway Developments,,,,,,,Cairo,New Cairo,https://www.dailynewsegypt.com/2020/11/03/the-waterway-developments-launches-egp-5bn-residential-project-in-new-cairo/,true,
Times Developments,,,,,,,Cairo,West Cairo|North Coast,https://www.dailynewsegypt.com/2026/08/23/times-developments-invests-egp-30bn-plans-expansion-into-north-coast-red-sea-and-west-cairo/,true,
TLD,,,,,,,Cairo,Sheikh Zayed,https://www.dailynewsegypt.com/2026/05/03/tld-launches-westrict-mixed-use-project-in-sheikh-zayed-with-marriott-partnership/,true,
Top Kapi Developments,,,,,,,Cairo,,https://www.dailynewsegypt.com/2025/11/09/top-kapi-developments-launches-vira-compound-targets-egp-1-1bn-in-first-phase-sales/,true,
Travco Properties,,,,,Travco Group,,Cairo,Sahl Hasheesh,https://www.dailynewsegypt.com/2015/05/06/local-regional-investors-eye-opportunities-in-sahl-hasheesh/,true,Only confirmed in Red Sea (Sahl Hasheesh) hospitality context; Cairo residential not confirmed
United for Real Estate,,,,,,,Cairo,Ain Sokhna|New Capital,https://dailynewsegypt.com/2022/03/07/united-for-real-estate-commences-g-bay-project-in-ain-el-sokhna-g3-mall-in-nac/,true,
United Housing and Development,,,,UNIT,,1907,Alexandria,Alexandria,https://www.arabfinance.com/en/news/newdetails/34568|https://www.african-markets.com/en/stock-markets/egx/listed-companies,true,Founded 1907 per Arab Finance; mainly Alexandria
Uptown 6 October,,,,,,,Cairo,6th of October,https://www.dailynewsegypt.com/2025/11/09/uptown-6-october-global-school-management-break-ground-on-kingdom-of-knowledge-school/,true,
Upwyde Developments,,,upwyde.com,,,,Cairo,Sheikh Zayed|New Cairo,https://www.zawya.com/en/press-release/companies-news/upwyde-developments-launches-commonhaus-serviced-apartments-project-in-skyramp-tmlnstn9,true,
Urbnlanes Developments,,,,,,,Cairo,New Capital,https://www.zawya.com/en/projects/projects-egypts-urbnlanes-developments-launches-levels-business-tower-obpbal5f,false,"Developer of Levels Business Tower; Stage 1a name 'Levels Developments' may refer to this project, unconfirmed"
Utopia Real Estate Investment and Tourism,,,,UTOP,,,Cairo,,https://www.african-markets.com/en/stock-markets/egx/listed-companies|https://stockanalysis.com/list/egyptian-stock-exchange/,false,EGX-listed per listing aggregator(s); residential development activity not confirmed by press or official site
Valero Developments,,,,,,,Cairo,Obour,https://www.dailynewsegypt.com/2025/08/24/valero-developments-completes-concrete-works-for-circle-9-mall-launches-white-mall-construction/,false,Fetched sources show commercial/administrative/other activity only; residential development not confirmed
VIE Communities,,,,,,,Cairo,New Cairo,https://www.dailynewsegypt.com/2026/05/17/vie-communities-debuts-in-egypt-with-egp-150bn-new-cairo-projects/,true,
Voya Developments,,,,,,,Cairo,Sheikh Zayed,https://www.dailynewsegypt.com/2025/05/25/voya-development-launches-coy-project-in-west-cairo-with-egp-2bn-investment/,true,
VRE Developments,,Value Developments,,,,,Cairo,Shorouk|New Cairo|Maadi,https://www.dailynewsegypt.com/2026/04/13/vre-developments-launches-town-center-2-in-shorouk-city/,true,
Wadi Degla Developments,,,wadidegladevelopments.com,,,,Cairo,Ain Sokhna|New Cairo,https://www.dailynewsegypt.com/2026/04/19/wadi-degla-developments-records-egp-5-6bn-in-2025-sales/,true,
Wadi Valley Developments,,,,,,,Cairo,10th of Ramadan,https://www.dailynewsegypt.com/2024/10/27/wadi-valley-launches-egp-2bn-the-capital-project-in-10th-of-ramadan/,true,
Wealth Holding,,,,,,,Cairo,New Capital,https://www.dailynewsegypt.com/2025/09/29/wealth-holding-partners-with-retaj-hotels-hospitality-to-manage-jeval-business-complex-in-new-capital/,false,Fetched sources show commercial/administrative/other activity only; residential development not confirmed
Wealth Plus Developments,,,,,,,Cairo,New Cairo,https://www.dailynewsegypt.com/2026/05/24/wealth-plus-developments-unveils-vers-commercial-arena-in-new-cairo-with-egp-4bn-investment/,false,Fetched sources show commercial/administrative/other activity only; residential development not confirmed
WestWay Developments,,,,,,,Cairo,West Cairo,https://www.dailynewsegypt.com/2025/10/05/westway-developments-launches-ikon-mall-in-west-cairo/,false,Fetched sources show commercial/administrative/other activity only; residential development not confirmed
Winvestor Developments,,,,,,,Cairo,New Cairo,https://www.dailynewsegypt.com/2026/05/24/winvestor-developments-launches-aurevia-community-in-sixth-settlement-targets-egp-8bn-in-sales/,true,
Zaeem Holding,,,,,,,Cairo,Badr City,https://www.dailynewsegypt.com/2024/11/03/zaeem-holding-launches-new-compound-in-badr-city-with-egp-1-2bn-projected-sales/,true,
Zahraa El Maadi Investment and Development,,Zahraa Maadi,,ZMID,,,Cairo,Maadi|New Heliopolis,https://www.zawya.com/en/business/egypts-zahraa-maadi-in-talks-with-heliopolis-housing-over-34-feddan-land-dq8apkey,true,
Zawaya Developments,,,,,,,Cairo,West Cairo,https://www.dailynewsegypt.com/2026/08/16/zawaya-edic-to-develop-egp-3-5bn-sia-boulevard-in-west-cairo/,true,
ZAYA Developments,,,,,,,Cairo,6th of October,https://www.dailynewsegypt.com/2025/12/21/zaya-developments-launches-hom-residential-project-in-6th-of-october-city/,true,
Zhour Developments,,,,,,,Cairo,West Cairo,https://www.dailynewsegypt.com/2026/04/26/zhour-developments-launches-egp-10bn-fiori-compound-in-west-cairo/,true,
Zurich Developments,,,,,Asl Holding,,Cairo,,https://www.dailynewsegypt.com/2026/08/23/asl-holding-acquires-alkayan-zurich-developments-to-expand-presence-in-egypt/,true,
