compound_name_en,developer_name_en,city_or_area,listing_count,datasets_seen,evidence
1st Avenue South side,AKA Group,Hurghada Resorts,8,hassankhaled21_pf|propertyfinder_2026,text
1St Avenue North Side,AKA Group,hurghada,6,hassankhaled21_pf|propertyfinder_2026,text
Alhambra Waterfalls,AKA Group,hurghada,4,hassankhaled21_pf|propertyfinder_2026,text
Dyar Park,ARCO Developments,Ext North Inves Area,11,hassankhaled21_pf|propertyfinder_2026,text
Bellagio,ARCO Developments,New Cairo - El Tagamoa,5,propertyfinder_2026|units_bayut,text
Dyar,ARCO Developments,New Cairo - El Tagamoa,3,hassankhaled21_pf|propertyfinder_2026,text
Dose,Akam AlRajhi,Qesm Ad Dabaah,5,hassankhaled21_pf,text
D.O.S.E North Coast,Akam AlRajhi,Qesm Ad Dabaah,3,hassankhaled21_pf,text
L'avenir,Al Ahly Sabbour,Mostakbal City Compounds,58,hassankhaled21_pf|propertyfinder_2026,text
The Square,Al Ahly Sabbour,New Cairo,34,geoshy|hassankhaled21_pf|propertyfinder_2026,text
Green Square,Al Ahly Sabbour,Mostakbal City,29,hassankhaled21_pf|propertyfinder_2026,text
Amwaj,Al Ahly Sabbour,North Coast,27,hassankhaled21_pf|propertyfinder_2026,text
Gaia,Al Ahly Sabbour,North Coast,16,hassankhaled21_pf,text
Summer,Al Ahly Sabbour,North Coast,14,hassankhaled21_pf,text
Keeva,Al Ahly Sabbour,6th of October,13,hassankhaled21_pf|propertyfinder_2026,text
The Square Sabbour,Al Ahly Sabbour,new cairo,10,sherp_dubizzle,column
Obour City,Al Ahly Sabbour,Cairo,7,hassankhaled21_pf,text
Youd,Al Ahly Sabbour,Ras Al Hekma,6,hassankhaled21_pf,text
Ghazala Bay,Al Ahly Sabbour,Qesm Ad Dabaah,6,hassankhaled21_pf,text
Layan Residence,Al Ahly Sabbour,5th Settlement Compounds,5,hassankhaled21_pf,text
Stei8ht,Al Ahly Sabbour,New Cairo,4,hassankhaled21_pf|propertyfinder_2026,text
Alaire,Al Ahly Sabbour,The City of Odyssia,4,hassankhaled21_pf,text
L’Avenir Sabbour,Al Ahly Sabbour,mostakbal city,4,sherp_dubizzle,column
The City of Odyssia,Al Ahly Sabbour,Mostakbal City Compounds,3,propertyfinder_2026,text
The Ridge,Al Ahly Sabbour,Mostakbal City,3,hassankhaled21_pf|propertyfinder_2026,text
Grand Residence,Al Ahly Sabbour,New Cairo - El Tagamoa,3,hassankhaled21_pf|propertyfinder_2026,text
Laviner Sabbour,Al Ahly Sabbour,mostakbal city,2,sherp_dubizzle,column
Green Square Sabbour,Al Ahly Sabbour,mostakbal city,2,sherp_dubizzle,column
L’Avenir Al Ahly Sabbour,Al Ahly Sabbour,mostakbal city,1,sherp_dubizzle,column
The Square Ahly Sabbour,Al Ahly Sabbour,new cairo,1,sherp_dubizzle,column
Oddysia Alahly Sabbour,Al Ahly Sabbour,mostakbal city,1,sherp_dubizzle,column
Lavenir Ahly Sabbour,Al Ahly Sabbour,mostakbal city,1,sherp_dubizzle,column
L'Aviner Sabbour Al Mostakbal City,Al Ahly Sabbour,mostakbal city,1,sherp_dubizzle,column
Amwaj Ahli Sabbour,Al Ahly Sabbour,north coast,1,sherp_dubizzle,column
Amwaj Al Ahly Sabbour,Al Ahly Sabbour,north coast,1,sherp_dubizzle,column
Gaia Al Ahli Sabbour,Al Ahly Sabbour,north coast,1,sherp_dubizzle,column
Square Sabbour,Al Ahly Sabbour,new cairo,1,sherp_dubizzle,column
AlKarma Kay,Al Karma Developments,Sheikh Zayed Compounds,13,hassankhaled21_pf|propertyfinder_2026,text
Novella,Al Karma Developments,Waslet Dahshur Road,5,hassankhaled21_pf|propertyfinder_2026,text
Al Marasem,Al Marasem,new cairo,160,geoshy|sherp_dubizzle|units_bayut,column
Fifth Square,Al Marasem,new cairo,87,hassankhaled21_pf|propertyfinder_2026,text
Moon Residences,Al Marasem,Fifth Square,36,hassankhaled21_pf,text
Mar Bay,Al Marasem,Ras Al Hekma,23,hassankhaled21_pf,text
MarVille New Zayed,Al Marasem,Sheikh Zayed,11,hassankhaled21_pf|propertyfinder_2026,text
Marasem,Al Marasem,sheikh zayed,5,sherp_dubizzle,column
Marasem Lake Residence / Rotana Hotel,Al Marasem,new cairo,2,sherp_dubizzle,column
Al Marasem Fifth Square,Al Marasem,new cairo,2,sherp_dubizzle,column
Marasem Moon Residence,Al Marasem,new cairo,1,sherp_dubizzle,column
El Marasem,Al Marasem,new cairo,1,sherp_dubizzle,column
Lake Residence Marasem,Al Marasem,new cairo,1,sherp_dubizzle,column
Marasem 5Th Square,Al Marasem,new cairo,1,sherp_dubizzle,column
Marasem Lake Residence Rotana,Al Marasem,new cairo,1,sherp_dubizzle,column
Marasem Lake Residence,Al Marasem,new cairo,1,sherp_dubizzle,column
Marville Marasem New Zayed,Al Marasem,sheikh zayed,1,sherp_dubizzle,column
Marasem Marvel New Zayed,Al Marasem,sheikh zayed,1,sherp_dubizzle,column
Cairo Festival City,Al-Futtaim Group Real Estate,North Investors Area,51,hassankhaled21_pf|propertyfinder_2026,text
Golf Porto Marina,Amer Group,Al Alamein,7,hassankhaled21_pf,text
Nyoum October,Arab Developers Holding,6th of October,4,hassankhaled21_pf|propertyfinder_2026,text
Direction White,Arabella Developments,North Coast,27,hassankhaled21_pf,text
West Arabella,Arabella Developments,New Cairo,20,ameribrahim_bayut|hassankhaled21_pf|sherp_dubizzle,column
Arabella,Arabella Developments,New Cairo,18,ameribrahim_bayut|hassankhaled21_pf|units_bayut,column
Arabella Park,Arabella Developments,New Cairo - El Tagamoa,9,ameribrahim_bayut|mohammedaltet_houses|mohammedaltet_villas,column
Gharb Arabella,Arabella Developments,new cairo,1,sherp_dubizzle,column
Galleria Moon Valley,Arabia Holding,New Cairo,17,hassankhaled21_pf|propertyfinder_2026,text
Sun Capital,Arabia Holding,Hadayek October,13,hassankhaled21_pf|propertyfinder_2026|units_bayut,text
Elora,Arabia Holding,Sheikh Zayed,7,hassankhaled21_pf|propertyfinder_2026,text
Bungalows North Coast,Arabia Holding,Bungalows,3,hassankhaled21_pf|propertyfinder_2026,text
Kayan,Badr El Din Developments,6th of October,33,amr|hassankhaled21_pf|propertyfinder_2026|units_bayut,text
One33,Badr El Din Developments,6 October Compounds,5,hassankhaled21_pf|propertyfinder_2026,text
BETA Residence,Beta Egypt Developments,Hadayek October,8,hassankhaled21_pf|propertyfinder_2026,text
Lake West,Cairo Capital Developments,Sheikh Zayed,12,hassankhaled21_pf|propertyfinder_2026|units_bayut,text
Al Burouj,Capital Group Properties,Shorouk City,24,hassankhaled21_pf|propertyfinder_2026,text
Atalantis,Castello Developments,Hurghada Resorts,29,hassankhaled21_pf|propertyfinder_2026,text
Storia Del Mare,Castello Developments,Hurghada Resorts,23,hassankhaled21_pf|propertyfinder_2026,text
Hurghada,Castello Developments,Red Sea,16,hassankhaled21_pf|propertyfinder_2026,text
Al Maqsad,City Edge Developments,New Capital City,74,hassankhaled21_pf|propertyfinder_2026,text
Mazarine,City Edge Developments,New Alamein City,66,hassankhaled21_pf|propertyfinder_2026|units_bayut,text
Etapa,City Edge Developments,Sheikh Zayed,31,hassankhaled21_pf|propertyfinder_2026|units_bayut,text
North Edge Towers,City Edge Developments,North Coast,19,hassankhaled21_pf|propertyfinder_2026,text
The Gate Towers,City Edge Developments,New Alamein City,14,hassankhaled21_pf|propertyfinder_2026,text
New Garden City,City Edge Developments,New Capital City,12,geoshy|hassankhaled21_pf|propertyfinder_2026,text
Alamein,City Edge Developments,North Coast,12,hassankhaled21_pf|units_bayut,text
Downtown,City Edge Developments,New Alamein City,8,hassankhaled21_pf|propertyfinder_2026,text
City Edge Towers,City Edge Developments,north coast,4,sherp_dubizzle,column
Jade Park,City Edge Developments,new capital city,3,propertyfinder_2026,text
Mazarine City Edge,City Edge Developments,north coast,1,sherp_dubizzle,column
Mazarine Tiffany - City Edge,City Edge Developments,north coast,1,sherp_dubizzle,column
Mazarin Tiffany - City Edge,City Edge Developments,north coast,1,sherp_dubizzle,column
The Gate Towers By City Edge,City Edge Developments,north coast,1,sherp_dubizzle,column
Mazarin - City Edge,City Edge Developments,north coast,1,sherp_dubizzle,column
Village West,Dorra Group,Sheikh Zayed,90,hassankhaled21_pf|propertyfinder_2026|units_bayut,text
The Address,Dorra Group,12th District,12,hassankhaled21_pf|propertyfinder_2026,text
The Address East,Dorra Group,New Cairo,12,geoshy|hassankhaled21_pf|saeed_dubizzle|units_bayut,text
Dorra,Dorra Group,North Investors Area,9,propertyfinder_2026|sherp_dubizzle,column
Tara,Dorra Group,Sheikh Zayed Compounds,6,hassankhaled21_pf|propertyfinder_2026,text
Royal City,Dorra Group,Sheikh Zayed Compounds,5,hassankhaled21_pf|propertyfinder_2026,text
Zayed 2000,Dorra Group,Sheikh Zayed,4,hassankhaled21_pf|propertyfinder_2026,text
Royal Meadows,Dorra Group,Sheikh Zayed,4,hassankhaled21_pf|propertyfinder_2026,text
Atrio,Dorra Group,Sheikh Zayed,4,hassankhaled21_pf|propertyfinder_2026,text
Address East By Dorra,Dorra Group,new cairo,1,sherp_dubizzle,column
Durra Cairo,Dorra Group,new cairo,1,sherp_dubizzle,column
The Address Dorra,Dorra Group,sheikh zayed,1,sherp_dubizzle,column
The Islands,EGYGAB,New Capital City,5,hassankhaled21_pf|units_bayut,text
Red Hills by Enza,ENZA Developments,Sahl Hasheesh,5,propertyfinder_2026,text
Lake view Residence,El Hazek,New Cairo,12,hassankhaled21_pf,text
Lake View Residence 2,El Hazek,New Cairo,6,hassankhaled21_pf,text
The Lakeview Boutique Villas,El Hazek,5th Settlement Compounds,3,hassankhaled21_pf,text
Elm,Elm Development,Northern Expansions,6,propertyfinder_2026,text
Marassi,Emaar Misr,North Coast,100,hassankhaled21_pf|units_bayut,text
Mivida,Emaar Misr,new cairo,94,hassankhaled21_pf|propertyfinder_2026|saeed_dubizzle|units_bayut,text
Belle Vie,Emaar Misr,Sheikh Zayed,69,hassankhaled21_pf|propertyfinder_2026|units_bayut,text
Soul North Coast,Emaar Misr,Qesm Ad Dabaah,58,hassankhaled21_pf,text
The Fourteen Golf Residences,Emaar Misr,Uptown Cairo,44,hassankhaled21_pf|propertyfinder_2026,text
The Sierras,Emaar Misr,Uptown Cairo,38,hassankhaled21_pf|propertyfinder_2026,text
Levana,Emaar Misr,Uptown Cairo,37,hassankhaled21_pf|propertyfinder_2026,text
Celesta Hills,Emaar Misr,Uptown Cairo,33,hassankhaled21_pf|propertyfinder_2026,text
Cairo Gate,Emaar Misr,Sheikh Zayed,21,mohammedaltet_villas|propertyfinder_2026|units_bayut,text
Aurora,Emaar Misr,Uptown Cairo,15,propertyfinder_2026,text
Uptown Cairo,Emaar Misr,Mokattam,13,geoshy|hassankhaled21_pf|propertyfinder_2026|units_bayut,text
Alto,Emaar Misr,Uptown Cairo,12,hassankhaled21_pf|propertyfinder_2026,text
Alba Spendia,Emaar Misr,Uptown Cairo,12,hassankhaled21_pf|propertyfinder_2026,text
Golf Side,Emaar Misr,Uptown Cairo,10,hassankhaled21_pf|propertyfinder_2026,text
Fountain Side,Emaar Misr,Uptown Cairo,8,hassankhaled21_pf|propertyfinder_2026,text
Eleva,Emaar Misr,Uptown Cairo,8,hassankhaled21_pf|propertyfinder_2026,text
Elan,Emaar Misr,Cairo Gate,8,hassankhaled21_pf,text
Valea,Emaar Misr,sheikh zayed,5,propertyfinder_2026,text
Alba Aliyah,Emaar Misr,Uptown Cairo,4,hassankhaled21_pf|propertyfinder_2026,text
Reyna,Emaar Misr,Uptown Cairo,3,propertyfinder_2026,text
Belle Vie Emaar,Emaar Misr,sheikh zayed,3,sherp_dubizzle,column
Uptown Emaar,Emaar Misr,mokattam,3,sherp_dubizzle,column
Mokattam,Emaar Misr,Mokattam,3,units_bayut,text
Cairo Gate Emaar,Emaar Misr,sheikh zayed,2,sherp_dubizzle,column
Uptown Emaar New Cairo,Emaar Misr,mokattam,2,sherp_dubizzle,column
Emaar City,Emaar Misr,mokattam,1,sherp_dubizzle,column
AZAD,Fawaz Alhokair Group,new cairo,5,hassankhaled21_pf,text
Seashell,G Developments,North Coast,12,hassankhaled21_pf|propertyfinder_2026,text
Lugar,Gates Developments,New Zayed City,12,hassankhaled21_pf|propertyfinder_2026,text
Terrace,HDP,sheikh zayed,22,hassankhaled21_pf|propertyfinder_2026|units_bayut,text
Westview Residence,HDP,New Zayed City,12,hassankhaled21_pf|propertyfinder_2026,text
Grand Lane,HDP,The 6th Settlement,4,propertyfinder_2026,text
Marina 5,HDP,Marina,3,hassankhaled21_pf,text
Swan Lake Residence,Hassan Allam Properties,5th Settlement Compounds,49,hassankhaled21_pf|propertyfinder_2026|units_bayut,text
Swan Lake West,Hassan Allam Properties,6 October Compounds,48,hassankhaled21_pf|propertyfinder_2026|units_bayut,text
Haptown,Hassan Allam Properties,Mostakbal City,47,hassankhaled21_pf|propertyfinder_2026|units_bayut,text
Swan Lake North Coast,Hassan Allam Properties,Qesm Ad Dabaah,16,hassankhaled21_pf|units_bayut,text
Haptown Hassan Allam,Hassan Allam Properties,mostakbal city,13,sherp_dubizzle,column
Park Central,Hassan Allam Properties,Mostakbal City,11,hassankhaled21_pf|propertyfinder_2026,text
Park View,Hassan Allam Properties,North Investors Area,7,hassankhaled21_pf|propertyfinder_2026,text
Park View - Hassan Allam,Hassan Allam Properties,new cairo,6,sherp_dubizzle,column
Hassan Allam,Hassan Allam Properties,new cairo,4,sherp_dubizzle,column
Cleopatra Square,Hassan Allam Properties,Sheikh Zayed,3,propertyfinder_2026,text
Swan Lake Katameya,Hassan Allam Properties,The 1st Settlement,3,hassankhaled21_pf,text
Swan Lake,Hassan Allam Properties,new cairo,3,units_bayut,text
New Alamein Towers,Hassan Allam Properties,north coast,3,units_bayut,text
Hassan Allam Towers,Hassan Allam Properties,north coast,2,sherp_dubizzle,column
Lavenir Hap Town Hassan Allam,Hassan Allam Properties,mostakbal city,1,sherp_dubizzle,column
Hassan Allam Park Center,Hassan Allam Properties,mostakbal city,1,sherp_dubizzle,column
Hassan Allam Parks And Gardens,Hassan Allam Properties,mostakbal city,1,sherp_dubizzle,column
Haptown – Park View – Hassan Allam,Hassan Allam Properties,mostakbal city,1,sherp_dubizzle,column
Lavenir Hassan Allam,Hassan Allam Properties,mostakbal city,1,sherp_dubizzle,column
Springs Hassan Allam,Hassan Allam Properties,shorouk city,1,sherp_dubizzle,column
Saada,Horizon Egypt,New Cairo,19,hassankhaled21_pf|propertyfinder_2026,text
Hyde Park,Hyde Park Developments,new cairo,2905,ameribrahim_bayut|geoshy|hassankhaled21_pf|propertyfinder_2026|sherp_dubizzle|units_bayut,column
Hyde Park New Cairo,Hyde Park Developments,New Cairo,1779,ameribrahim_bayut|mohammedaltet_combined|mohammedaltet_houses|mohammedaltet_villas,column
Tawny Hyde Park,Hyde Park Developments,6 October Compounds,71,hassankhaled21_pf|propertyfinder_2026,column
Seashore,Hyde Park Developments,North Coast,49,hassankhaled21_pf,text
Hyde Park Central,Hyde Park Developments,The 6th Settlement,29,propertyfinder_2026,column
Garden Lakes,Hyde Park Developments,6th of October,24,hassankhaled21_pf|propertyfinder_2026,text
Granville,Hyde Park Developments,New Capital City,6,hassankhaled21_pf,text
Creek Town,IL Cazar Developments,new cairo,30,hassankhaled21_pf|propertyfinder_2026,text
Safia,IL Cazar Developments,North Coast,11,hassankhaled21_pf|units_bayut,text
Stoda,IL Cazar Developments,sheraton,10,hassankhaled21_pf|propertyfinder_2026,text
The Crest,IL Cazar Developments,New Cairo,5,hassankhaled21_pf|units_bayut,text
Glen,IL Cazar Developments,The 6th Settlement,4,hassankhaled21_pf,text
Alma,IWAN Developments,Sheikh Zayed,3,propertyfinder_2026,text
Joulz,Inertia Egypt,6th of October,31,hassankhaled21_pf|propertyfinder_2026,text
Jefaira,Inertia Egypt,North Coast,16,hassankhaled21_pf|units_bayut,text
Veranda,Inertia Egypt,Sahl Hasheesh,6,hassankhaled21_pf|propertyfinder_2026,text
Brix,Inertia Egypt,Cairo Alexandria Desert Road,4,hassankhaled21_pf|propertyfinder_2026,text
Soleya,Inertia Egypt,6 October Compounds,3,propertyfinder_2026,text
One7 Residence,Kronberg,Hurghada Resorts,37,hassankhaled21_pf|propertyfinder_2026,text
Magawish Resort,Kronberg,Hurghada Resorts,20,propertyfinder_2026,text
Jasmine Village,Kronberg,Hurghada Resorts,11,hassankhaled21_pf|propertyfinder_2026,text
Jasmine Palace Resort,Kronberg,Hurghada Resorts,11,hassankhaled21_pf,text
La Vista Gardens,La Vista Developments,Ain Sukhna,570,ameribrahim_bayut|hassankhaled21_pf|mohammedaltet_houses|propertyfinder_2026|sherp_dubizzle,column
La Vista City,La Vista Developments,New Capital Compounds,415,ameribrahim_bayut|hassankhaled21_pf|mohammedaltet_houses|mohammedaltet_villas|propertyfinder_2026,column
La Vista 6,La Vista Developments,Ain Sukhna,302,ameribrahim_bayut|hassankhaled21_pf|mohammedaltet_houses|propertyfinder_2026|sherp_dubizzle,column
La Vista Topaz of Ain Sokhna,La Vista Developments,Ain Sukhna,200,ameribrahim_bayut|mohammedaltet_houses,column
La Vista Ras El Hikma,La Vista Developments,North Coast,130,ameribrahim_bayut|hassankhaled21_pf|mohammedaltet_houses,column
La Vista Ray,La Vista Developments,Ain Sukhna,76,ameribrahim_bayut|hassankhaled21_pf|mohammedaltet_houses|propertyfinder_2026|sherp_dubizzle,column
La Vista Bay,La Vista Developments,La Vista,67,hassankhaled21_pf|propertyfinder_2026|sherp_dubizzle,column
El Patio Oro,La Vista Developments,new cairo,66,hassankhaled21_pf,text
La Vista Bay East,La Vista Developments,North Coast,63,ameribrahim_bayut|mohammedaltet_houses,column
La Vista 3,La Vista Developments,Ain Sukhna,53,ameribrahim_bayut|hassankhaled21_pf|mohammedaltet_houses|propertyfinder_2026|sherp_dubizzle,column
La Vista Bay North Coast,La Vista Developments,North Coast,53,ameribrahim_bayut|mohammedaltet_houses|sherp_dubizzle,column
La Vista Cascada,La Vista Developments,North Coast,46,ameribrahim_bayut|hassankhaled21_pf|mohammedaltet_houses|sherp_dubizzle,column
La Vista Patio Oro,La Vista Developments,new cairo,45,sherp_dubizzle,column
La Vista 5,La Vista Developments,Ain Sukhna,28,ameribrahim_bayut|hassankhaled21_pf|mohammedaltet_houses|propertyfinder_2026,column
La Vista,La Vista Developments,North Coast,28,iyadelwy|propertyfinder_2026|saeed_dubizzle|sherp_dubizzle|units_bayut,column
Patio Al Zahraa,La Vista Developments,Sheikh Zayed Compounds,26,hassankhaled21_pf|propertyfinder_2026,text
La Vista 7,La Vista Developments,Ain Sukhna,25,ameribrahim_bayut|hassankhaled21_pf|mohammedaltet_houses|propertyfinder_2026|sherp_dubizzle,column
Patio Oro La Vista,La Vista Developments,new cairo,25,sherp_dubizzle,column
El Patio,La Vista Developments,El Shorouk Compounds,21,propertyfinder_2026,text
La Vista Patio,La Vista Developments,new cairo,19,sherp_dubizzle,column
La Vista Patio Sola,La Vista Developments,shorouk city,19,sherp_dubizzle,column
La Vista 1,La Vista Developments,Ain Sukhna,16,ameribrahim_bayut|hassankhaled21_pf|mohammedaltet_houses|propertyfinder_2026,column
El Patio Vida,La Vista Developments,The 6th Settlement,16,hassankhaled21_pf|propertyfinder_2026,text
La Vista Topaz,La Vista Developments,ain sukhna,16,hassankhaled21_pf|propertyfinder_2026|sherp_dubizzle,column
La Vista 4,La Vista Developments,Ain Sukhna,16,ameribrahim_bayut|hassankhaled21_pf|mohammedaltet_houses|sherp_dubizzle,column
La Vista 2,La Vista Developments,Ain Sukhna,15,ameribrahim_bayut|hassankhaled21_pf|mohammedaltet_houses|propertyfinder_2026|sherp_dubizzle,column
Al Patio Oro La Vista,La Vista Developments,new cairo,10,sherp_dubizzle,column
El Patio Town,La Vista Developments,5th Settlement Compounds,6,hassankhaled21_pf,text
Al Patio 2,La Vista Developments,North Investors Area,5,propertyfinder_2026,text
El Patio Jade,La Vista Developments,New Capital Compounds,3,propertyfinder_2026,text
El Patio Riva,La Vista Developments,new cairo,3,propertyfinder_2026,text
EL Patio 7,La Vista Developments,New Cairo,3,hassankhaled21_pf,text
La Vista Oro,La Vista Developments,new cairo,3,sherp_dubizzle,column
La Vista Plateau Oro,La Vista Developments,new cairo,3,sherp_dubizzle,column
La Vista El Patio Sola,La Vista Developments,shorouk city,3,sherp_dubizzle,column
La Vista Al Patio,La Vista Developments,new cairo,3,sherp_dubizzle,column
La Vista El Patio Riva,La Vista Developments,new cairo,3,sherp_dubizzle,column
La Vista Ain Sokhna,La Vista Developments,ain sukhna,3,sherp_dubizzle,column
La Vista Topaz Ain Sokhna,La Vista Developments,ain sukhna,2,sherp_dubizzle,column
Lavista Al Patio Oro,La Vista Developments,new cairo,2,sherp_dubizzle,column
La Vista Project,La Vista Developments,new cairo,2,sherp_dubizzle,column
La Vista Riva,La Vista Developments,new cairo,2,sherp_dubizzle,column
Lavista Gardens El Sokhna,La Vista Developments,ain sukhna,2,sherp_dubizzle,column
Patio Casa La Vista,La Vista Developments,shorouk city,1,sherp_dubizzle,column
Patio Oro - Lavista New Cairo,La Vista Developments,new cairo,1,sherp_dubizzle,column
La Vista Al Patio Vida,La Vista Developments,new cairo,1,sherp_dubizzle,column
Patio Riva Gathering Lavista,La Vista Developments,new cairo,1,sherp_dubizzle,column
El- Patio Oro - Lavista,La Vista Developments,new cairo,1,sherp_dubizzle,column
Patio Pro La Vista,La Vista Developments,new cairo,1,sherp_dubizzle,column
La Vista Patio Or,La Vista Developments,new cairo,1,sherp_dubizzle,column
La Vista Elpatio Oro,La Vista Developments,new cairo,1,sherp_dubizzle,column
La Vista El Patio,La Vista Developments,new cairo,1,sherp_dubizzle,column
Al Patio Oro La Vista City,La Vista Developments,new cairo,1,sherp_dubizzle,column
La Vista Patio 7,La Vista Developments,new cairo,1,sherp_dubizzle,column
La Vista Developments,La Vista Developments,new cairo,1,sherp_dubizzle,column
La Vista Patio Riva,La Vista Developments,new cairo,1,sherp_dubizzle,column
El Patio Vida La Vista,La Vista Developments,new cairo,1,sherp_dubizzle,column
La Vista El Patio Vida,La Vista Developments,new cairo,1,sherp_dubizzle,column
La Vista Ras El Hekma,La Vista Developments,north coast,1,sherp_dubizzle,column
Lavista Ray El Sokhna,La Vista Developments,ain sukhna,1,sherp_dubizzle,column
La Vista Ray Village,La Vista Developments,ain sukhna,1,sherp_dubizzle,column
La Vista Ray Ain Sokhna,La Vista Developments,ain sukhna,1,sherp_dubizzle,column
La Vista 3 El Sokhna,La Vista Developments,ain sukhna,1,sherp_dubizzle,column
La Vista Albetto Oro,La Vista Developments,new capital city,1,sherp_dubizzle,column
La Vista Al Patio Sola,La Vista Developments,shorouk city,1,sherp_dubizzle,column
La Vista Patio Shorouk,La Vista Developments,shorouk city,1,sherp_dubizzle,column
La Vista Patio Casa El Sherouk,La Vista Developments,shorouk city,1,sherp_dubizzle,column
La Vista Batu Casa,La Vista Developments,shorouk city,1,sherp_dubizzle,column
La Vista Patio Al Shorouk,La Vista Developments,shorouk city,1,sherp_dubizzle,column
Cape Bay Sokhna,Lasirena Group,Al Ain Al Sokhna,8,hassankhaled21_pf,text
Al Nawadi St,Levels Developments,Hadayek October,3,propertyfinder_2026,text
Hay El Maadi,Lovera Development,Cairo,5,hassankhaled21_pf,text
Al Masyaf,M Squared Developments,Ras Al Hekma,26,hassankhaled21_pf,text
TRIO,M Squared Developments,5th Settlement Compounds,11,hassankhaled21_pf,text
Koun,Mabany Edris,Ras Al Hekma,25,hassankhaled21_pf,text
Azha North,Madaar Developments,Ras Al Hekma,108,hassankhaled21_pf|propertyfinder_2026|units_bayut,text
Azha,Madaar Developments,Ain Sukhna,22,hassankhaled21_pf,text
Sarai,Madinet Masr,Mostakbal City,103,geoshy|hassankhaled21_pf|propertyfinder_2026|units_bayut,text
Talala,Madinet Masr,New Heliopolis Compounds,38,hassankhaled21_pf|propertyfinder_2026|units_bayut,text
Taj City,Madinet Masr,New Cairo,35,hassankhaled21_pf|propertyfinder_2026|units_bayut,text
Croons Sarai,Madinet Masr,Mostakbal City Compounds,5,propertyfinder_2026,text
New Heliopolis,Madinet Masr,New Heliopolis,4,geoshy,text
Zahraa Madinat Nasr,Madinet Masr,Nasr City,3,ameribrahim_bayut|hassankhaled21_pf,column
Zahraa Madinet Nasr School St.,Madinet Masr,10th District,1,propertyfinder_2026,column
Zahrat Madinat Nasr,Madinet Masr,nasr city,1,sherp_dubizzle,column
Ramla Lakeside,Marakez,Qesm Ad Dabaah,70,hassankhaled21_pf,text
District 5,Marakez,new cairo,40,amr|geoshy|hassankhaled21_pf|propertyfinder_2026|saeed_dubizzle|units_bayut,text
Aeon,Marakez,6 October Compounds,18,hassankhaled21_pf|propertyfinder_2026,text
Aeon Marakez Towers,Marakez,6th of october,6,sherp_dubizzle,column
Aeon Marakez,Marakez,6th of october,5,sherp_dubizzle,column
Aeon By Marakez,Marakez,6th of october,3,sherp_dubizzle,column
Crescent Walk Marakez,Marakez,new cairo,2,sherp_dubizzle,column
Marakez Aeon,Marakez,sheikh zayed,1,sherp_dubizzle,column
Courtyard Aeon Marakez,Marakez,6th of october,1,sherp_dubizzle,column
Ramla By Marakez,Marakez,north coast,1,sherp_dubizzle,column
Ramla Marakez North Coast,Marakez,north coast,1,sherp_dubizzle,column
Cali Coast,Maven Developments,North Coast,42,hassankhaled21_pf|propertyfinder_2026|units_bayut,text
The Med,Maven Developments,Ras Al Hekma,5,hassankhaled21_pf,text
IL Bosco,Misr Italia Properties,New Capital City,16,hassankhaled21_pf|propertyfinder_2026|saeed_dubizzle|units_bayut,text
Solare,Misr Italia Properties,Ras Al Hekma,14,hassankhaled21_pf|units_bayut,text
IL Bosco City,Misr Italia Properties,Mostakbal City,3,propertyfinder_2026|saeed_dubizzle,text
El Bosco – Misr Italia,Misr Italia Properties,new capital city,1,sherp_dubizzle,column
Vinci By Misr Italia,Misr Italia Properties,new capital city,1,sherp_dubizzle,column
Mountain View Icity,Mountain View,new cairo,6385,ameribrahim_bayut|hassankhaled21_pf|mohammedaltet_combined|mohammedaltet_houses|mohammedaltet_villas|sherp_dubizzle,column
Mountain View Hyde Park,Mountain View,new cairo,1528,ameribrahim_bayut|hassankhaled21_pf|mohammedaltet_combined|mohammedaltet_houses|mohammedaltet_villas|sherp_dubizzle,column
Mountain View North Coast,Mountain View,North Coast,858,ameribrahim_bayut|mohammedaltet_houses|sherp_dubizzle,column
Mountain View Chillout Park,Mountain View,6th of October,626,ameribrahim_bayut|hassankhaled21_pf|mohammedaltet_combined|mohammedaltet_houses|mohammedaltet_villas|propertyfinder_2026|sherp_dubizzle,column
Mountain View iCity October,Mountain View,6 October Compounds,585,hassankhaled21_pf|propertyfinder_2026|sherp_dubizzle,column
Mountain View - October Park,Mountain View,6th of October,475,ameribrahim_bayut|hassankhaled21_pf|mohammedaltet_combined|mohammedaltet_houses|mohammedaltet_villas|propertyfinder_2026,column
Mountain View,Mountain View,Ras Al Hekma,364,geoshy|hassankhaled21_pf|propertyfinder_2026|saeed_dubizzle|sherp_dubizzle|units_bayut,column
Mountain View 1.1,Mountain View,New Cairo,175,ameribrahim_bayut|hassankhaled21_pf|sherp_dubizzle,column
Mountain View Ras Al Hekma,Mountain View,North Coast,114,ameribrahim_bayut|sherp_dubizzle,column
Mountain View 2,Mountain View,New Cairo - El Tagamoa,82,ameribrahim_bayut|hassankhaled21_pf|mohammedaltet_houses|mohammedaltet_villas|sherp_dubizzle,column
Mountain View 1,Mountain View,New Cairo - El Tagamoa,77,ameribrahim_bayut|hassankhaled21_pf|mohammedaltet_combined|mohammedaltet_houses|mohammedaltet_villas|sherp_dubizzle,column
Mountain View Executive,Mountain View,Al Andalus District,64,ameribrahim_bayut|hassankhaled21_pf|mohammedaltet_combined|mohammedaltet_houses|mohammedaltet_villas|propertyfinder_2026,column
Mountain View 4,Mountain View,6 October Compounds,61,hassankhaled21_pf|propertyfinder_2026,column
Mountain View Aliva,Mountain View,mostakbal city,57,sherp_dubizzle,column
Mountain View Giza Plateau,Mountain View,Ring Road,53,ameribrahim_bayut|hassankhaled21_pf|mohammedaltet_combined|mohammedaltet_houses|mohammedaltet_villas|propertyfinder_2026|sherp_dubizzle,column
Mountain View Ras El Hekma,Mountain View,North Coast,49,sherp_dubizzle,column
Mountain View Sokhna,Mountain View,Ain Sukhna,36,ameribrahim_bayut|hassankhaled21_pf|mohammedaltet_houses|propertyfinder_2026,column
Mountain View 3,Mountain View,New Cairo - El Tagamoa,36,ameribrahim_bayut|hassankhaled21_pf|mohammedaltet_houses|mohammedaltet_villas,column
Mountain View LVLS,Mountain View,North Coast,35,ameribrahim_bayut|sherp_dubizzle,column
LVLS By Mountain View,Mountain View,Qesm Ad Dabaah,34,hassankhaled21_pf|units_bayut,column
Mountain View I-City New Cairo,Mountain View,new cairo,28,sherp_dubizzle,column
Mountain View October,Mountain View,6th of October,28,sherp_dubizzle,column
Mountain View 1 City,Mountain View,6th of october,23,sherp_dubizzle,column
Plage,Mountain View,Sidi Abdel Rahman,17,hassankhaled21_pf,text
Skala Mountain View Ras El Hikma,Mountain View,North Coast Resorts,16,hassankhaled21_pf,column
Mountain View Mostakbal City,Mountain View,Mostakbal City Compounds,13,hassankhaled21_pf|propertyfinder_2026|sherp_dubizzle,column
Mountain View City,Mountain View,new cairo,11,sherp_dubizzle,column
Aliva,Mountain View,Mostakbal City Compounds,10,hassankhaled21_pf|propertyfinder_2026,text
Mountain View Elifa,Mountain View,mostakbal city,10,sherp_dubizzle,column
Aliva Mountain View,Mountain View,mostakbal city,9,sherp_dubizzle,column
Mountain View Club Park,Mountain View,6th of october,9,sherp_dubizzle,column
Mountain View Ras El Hikma,Mountain View,north coast,8,sherp_dubizzle,column
Icity  By Mountain View,Mountain View,new cairo,7,sherp_dubizzle,column
Mountain View I-City 6 October,Mountain View,6th of october,7,sherp_dubizzle,column
Mountain View Alifa,Mountain View,mostakbal city,6,sherp_dubizzle,column
Mountain View City October,Mountain View,6th of october,6,sherp_dubizzle,column
Diplomats Mountain View,Mountain View,Fuka,5,hassankhaled21_pf,column
Mountain View Executive Residence Katameya,Mountain View,El Katameya Compounds,4,hassankhaled21_pf,column
I-City Mountain View,Mountain View,new cairo,4,sherp_dubizzle,column
Mountain View Ras Al-Hikma,Mountain View,north coast,4,sherp_dubizzle,column
Kingsway,Mountain View,6th of October,3,hassankhaled21_pf,text
Mountain View New Cairo,Mountain View,new cairo,3,sherp_dubizzle,column
Mountain View 1.1 Extension,Mountain View,new cairo,3,sherp_dubizzle,column
Mountain View Chillout,Mountain View,6th of october,3,sherp_dubizzle,column
Diplo Mountain View,Mountain View,North Coast,2,ameribrahim_bayut,column
I-City Mountain View New Cairo,Mountain View,new cairo,2,sherp_dubizzle,column
Mountain View I-City – Club Park,Mountain View,new cairo,2,sherp_dubizzle,column
Mountain View Eliva,Mountain View,mostakbal city,2,sherp_dubizzle,column
Mountain View Elifa Al Mostakbal,Mountain View,mostakbal city,2,sherp_dubizzle,column
Mountain View Eliva Future City,Mountain View,mostakbal city,2,sherp_dubizzle,column
I-City Mountain View 6 October,Mountain View,6th of october,2,sherp_dubizzle,column
Icity October – Mountain View,Mountain View,6th of october,2,sherp_dubizzle,column
Mountain View Levels North Coast Ras El Hekma,Mountain View,north coast,2,sherp_dubizzle,column
Mountain View Al Sokhna 2,Mountain View,Mountain view,1,propertyfinder_2026,column
Mountain View Grand Valley,Mountain View,New Capital City,1,hassankhaled21_pf,column
Icity New Cairo Mountain View,Mountain View,new cairo,1,sherp_dubizzle,column
Mountain View Ic October,Mountain View,6th of october,1,sherp_dubizzle,column
Mountain View I City Lagoon Park,Mountain View,new cairo,1,sherp_dubizzle,column
Mountain View Haydpark,Mountain View,new cairo,1,sherp_dubizzle,column
Mountain View City View Lagoon,Mountain View,new cairo,1,sherp_dubizzle,column
I-City Fifth Settlement Mountain View,Mountain View,new cairo,1,sherp_dubizzle,column
Mountain View C City,Mountain View,new cairo,1,sherp_dubizzle,column
Mountain View City - I City,Mountain View,new cairo,1,sherp_dubizzle,column
Mountain View Hy,Mountain View,new cairo,1,sherp_dubizzle,column
Mountain View El Andalus,Mountain View,new cairo,1,sherp_dubizzle,column
Mountain View Alandis,Mountain View,new cairo,1,sherp_dubizzle,column
Mountain View Extension 1.1,Mountain View,new cairo,1,sherp_dubizzle,column
Mountain View Icity Extension,Mountain View,new cairo,1,sherp_dubizzle,column
Mountain View 1.1 New Cairo,Mountain View,new cairo,1,sherp_dubizzle,column
Mountain View – Al Andalus,Mountain View,new cairo,1,sherp_dubizzle,column
Jirian Mountain View,Mountain View,sheikh zayed,1,sherp_dubizzle,column
Mountain View City Cairo,Mountain View,mostakbal city,1,sherp_dubizzle,column
River Mountain View El-Elysees,Mountain View,mostakbal city,1,sherp_dubizzle,column
Mountain View Aliva Mostakbal City,Mountain View,mostakbal city,1,sherp_dubizzle,column
River Mountain View Elia Al-Mustaqbal,Mountain View,mostakbal city,1,sherp_dubizzle,column
Mountain View Aliva El Mostakbal City,Mountain View,mostakbal city,1,sherp_dubizzle,column
Mountain View Elifa Al-Mostaqbal,Mountain View,mostakbal city,1,sherp_dubizzle,column
River Mountain View Eleva,Mountain View,mostakbal city,1,sherp_dubizzle,column
Mountain View Eleva,Mountain View,mostakbal city,1,sherp_dubizzle,column
Mountain View Elafa,Mountain View,mostakbal city,1,sherp_dubizzle,column
Mountain View Al Mostakbal City,Mountain View,mostakbal city,1,sherp_dubizzle,column
Mountain View Eliva Mostakbal City,Mountain View,mostakbal city,1,sherp_dubizzle,column
Eliva Mountain View Mostakbal City,Mountain View,mostakbal city,1,sherp_dubizzle,column
Eliva Mostakbal City Mountain View,Mountain View,mostakbal city,1,sherp_dubizzle,column
Icity October By Mountain View,Mountain View,6th of october,1,sherp_dubizzle,column
Mountain View Park,Mountain View,6th of october,1,sherp_dubizzle,column
Mountain View T City October,Mountain View,6th of october,1,sherp_dubizzle,column
Mountain View City (Club Park),Mountain View,6th of october,1,sherp_dubizzle,column
Mountain View A City October,Mountain View,6th of october,1,sherp_dubizzle,column
Mountain View Club Park Icity October,Mountain View,6th of october,1,sherp_dubizzle,column
Mountain View October Icity,Mountain View,6th of october,1,sherp_dubizzle,column
Lagoon Mountain View,Mountain View,6th of october,1,sherp_dubizzle,column
Mountain View Chill Out October,Mountain View,6th of october,1,sherp_dubizzle,column
Mountain View Sell Out Park,Mountain View,6th of october,1,sherp_dubizzle,column
Mountain View Kings Way,Mountain View,6th of october,1,sherp_dubizzle,column
Mountain View Scity,Mountain View,6th of october,1,sherp_dubizzle,column
Group And Mountain View,Mountain View,6th of october,1,sherp_dubizzle,column
Mountain View - Crete Phase,Mountain View,north coast,1,sherp_dubizzle,column
Mountain View Diplo Phase,Mountain View,north coast,1,sherp_dubizzle,column
Mountain View North Coast Ras El Hekma,Mountain View,north coast,1,sherp_dubizzle,column
Mountain View North Coast – Scala Seafront,Mountain View,north coast,1,sherp_dubizzle,column
Mountain View Ras Al Hikma Rhodes Phase,Mountain View,north coast,1,sherp_dubizzle,column
Mountain View Scala,Mountain View,north coast,1,sherp_dubizzle,column
Plage Mountain View,Mountain View,north coast,1,sherp_dubizzle,column
Mountain View Ras El Hekma – Evia,Mountain View,north coast,1,sherp_dubizzle,column
Mountain View Ras El Hekma – Paros Heights,Mountain View,north coast,1,sherp_dubizzle,column
Lvls Mountain View,Mountain View,north coast,1,sherp_dubizzle,column
Mountain View Coast,Mountain View,north coast,1,sherp_dubizzle,column
Mountain View Ain Sokhna,Mountain View,ain sukhna,1,sherp_dubizzle,column
Mountain View El Andalous,Mountain View,new cairo,1,sherp_dubizzle,column
Mountain View Square,Mountain View,new cairo,1,sherp_dubizzle,column
Mountain View Elifa Future City,Mountain View,mostakbal city,1,sherp_dubizzle,column
Mountain View Future City,Mountain View,mostakbal city,1,sherp_dubizzle,column
Naia West,Naia Developments,Sheikh Zayed,19,hassankhaled21_pf|propertyfinder_2026,text
Naia bay,Naia Developments,North Coast,3,hassankhaled21_pf,text
Zomra East,Nations of Sky Developments,The 5th Settlement,8,hassankhaled21_pf|propertyfinder_2026,text
New Giza,New Giza Development,Cairo Alexandria Desert Road,40,hassankhaled21_pf|propertyfinder_2026,text
Playa Resort,New Giza Development,Sidi Abdel Rahman,14,hassankhaled21_pf,text
ARC of Soma,Olayan Group,Soma Bay,12,hassankhaled21_pf,text
Mesca,Olayan Group,Soma Bay,9,hassankhaled21_pf,text
Bay West,Olayan Group,Soma Bay,4,hassankhaled21_pf,text
Zed Towers,Ora Developers,Sheikh Zayed Compounds,198,hassankhaled21_pf|propertyfinder_2026|units_bayut,text
Silver Sands,Ora Developers,Qesm Marsa Matrouh,130,hassankhaled21_pf|propertyfinder_2026|units_bayut,text
Solana,Ora Developers,Sheikh Zayed,80,hassankhaled21_pf|propertyfinder_2026|units_bayut,text
Zed East,Ora Developers,New Cairo,41,geoshy|hassankhaled21_pf|propertyfinder_2026|saeed_dubizzle,text
Park Side Residence,Ora Developers,Zed Towers,21,hassankhaled21_pf,text
Pyramids Hills,Ora Developers,6th of October,18,hassankhaled21_pf|propertyfinder_2026|units_bayut,text
Solana east,Ora Developers,New Cairo,17,hassankhaled21_pf|units_bayut,text
Zed West,Ora Developers,sheikh zayed,10,units_bayut,text
Village Views,Ora Developers,Zed Towers,5,hassankhaled21_pf,text
Modon Golf Town,Ora Developers,The 6th Settlement,4,propertyfinder_2026,text
O West,Orascom Development Egypt,6th of october,321,hassankhaled21_pf|propertyfinder_2026|units_bayut,text
Makadi Orascom Resort,Orascom Development Egypt,Makadi,286,hassankhaled21_pf|propertyfinder_2026|sherp_dubizzle,column
Mangroovy Residence,Orascom Development Egypt,Al Gouna,78,hassankhaled21_pf|propertyfinder_2026,text
Kamaran,Orascom Development Egypt,Al Gouna,26,hassankhaled21_pf|propertyfinder_2026,text
Makadi Heights,Orascom Development Egypt,Hurghada,17,saeed_dubizzle|units_bayut,text
Swan Lake Gouna,Orascom Development Egypt,Al Gouna,16,hassankhaled21_pf|propertyfinder_2026,text
Tuban Islands,Orascom Development Egypt,El Gouna,8,propertyfinder_2026,text
Ancient Sands Resort,Orascom Development Egypt,El Gouna,7,hassankhaled21_pf|propertyfinder_2026,text
Tawila El Gouna,Orascom Development Egypt,Al Gouna,5,hassankhaled21_pf|propertyfinder_2026,text
Ancient Hill,Orascom Development Egypt,El Gouna,4,propertyfinder_2026,text
Sabina,Orascom Development Egypt,Al Gouna,3,propertyfinder_2026,text
Bali,Orascom Development Egypt,Al Gouna,3,propertyfinder_2026,text
Owest - Orascom,Orascom Development Egypt,6th of october,2,sherp_dubizzle,column
Orascom,Orascom Development Egypt,6th of october,1,sherp_dubizzle,column
Makadi Heights Orascom,Orascom Development Egypt,makadi bay,1,sherp_dubizzle,column
Stone Residence,PRE Developments,katameya,17,hassankhaled21_pf|kamelfares122,text
Ivoire,PRE Developments,Sheikh Zayed,9,hassankhaled21_pf,text
The Brooks,PRE Developments,New Cairo - El Tagamoa,9,hassankhaled21_pf,text
Ivoire East,PRE Developments,New Cairo,4,hassankhaled21_pf|saeed_dubizzle,text
Palm Hills,Palm Hills Developments,new cairo,3930,geoshy|hassankhaled21_pf|propertyfinder_2026|saeed_dubizzle|sherp_dubizzle|units_bayut,column
Badya Palm Hills,Palm Hills Developments,6th of October,1741,ameribrahim_bayut|hassankhaled21_pf|mohammedaltet_combined|mohammedaltet_houses|mohammedaltet_villas|propertyfinder_2026|sherp_dubizzle|units_bayut,column
Palm Hills New Cairo,Palm Hills Developments,New Cairo,1350,ameribrahim_bayut|geoshy|hassankhaled21_pf|mohammedaltet_combined|mohammedaltet_houses|mohammedaltet_villas|sherp_dubizzle,column
Palm Hills Golf Extension,Palm Hills Developments,Al Wahat Road,418,ameribrahim_bayut|hassankhaled21_pf|mohammedaltet_houses|mohammedaltet_villas|propertyfinder_2026,column
Palm Parks   Palm Hills,Palm Hills Developments,South Dahshur Link,309,hassankhaled21_pf|propertyfinder_2026,column
Palm Hills Village Gate,Palm Hills Developments,South Investors Area,253,hassankhaled21_pf|propertyfinder_2026,column
Palm Hills Katameya,Palm Hills Developments,New Cairo - El Tagamoa,203,ameribrahim_bayut|mohammedaltet_combined|mohammedaltet_houses|mohammedaltet_villas,column
PX Palm Hills,Palm Hills Developments,6th of October,190,ameribrahim_bayut|hassankhaled21_pf|propertyfinder_2026|sherp_dubizzle,column
Palm Hills Golf Views,Palm Hills Developments,Cairo Alexandria Desert Road,156,ameribrahim_bayut|hassankhaled21_pf|mohammedaltet_houses|mohammedaltet_villas|propertyfinder_2026,column
Palm Hills Katameya Extension,Palm Hills Developments,New Cairo - El Tagamoa,129,ameribrahim_bayut|hassankhaled21_pf|mohammedaltet_houses|mohammedaltet_villas,column
Capital Gardens   Palm Hills,Palm Hills Developments,Mostakbal City Compounds,97,hassankhaled21_pf|propertyfinder_2026,column
Palm Hills Alexandria,Palm Hills Developments,Amreya,96,ameribrahim_bayut|mohammedaltet_combined|mohammedaltet_houses|mohammedaltet_villas|sherp_dubizzle,column
Palm Hills October,Palm Hills Developments,Cairo Alexandria Desert Road,94,hassankhaled21_pf|propertyfinder_2026|units_bayut,column
Palm Hills WoodVille,Palm Hills Developments,Al Wahat Road,56,hassankhaled21_pf|propertyfinder_2026,column
The Crown,Palm Hills Developments,Cairo Alexandria Desert Road,56,hassankhaled21_pf|propertyfinder_2026,text
Bamboo Palm Hills,Palm Hills Developments,26th of July Corridor,52,ameribrahim_bayut|hassankhaled21_pf|mohammedaltet_houses|propertyfinder_2026,column
Casa,Palm Hills Developments,Sheikh Zayed Compounds,49,hassankhaled21_pf|propertyfinder_2026,text
Hacienda West,Palm Hills Developments,North Coast,42,hassankhaled21_pf,text
Hacienda Waters,Palm Hills Developments,North Coast,36,hassankhaled21_pf,text
Bait Alwatan,Palm Hills Developments,The 5th Settlement,34,propertyfinder_2026,text
Palm Hills New Alamein,Palm Hills Developments,North Coast,33,ameribrahim_bayut|hassankhaled21_pf|mohammedaltet_houses|propertyfinder_2026|sherp_dubizzle,column
Palm Hills   Palm Valley,Palm Hills Developments,26th of July Corridor,31,hassankhaled21_pf|propertyfinder_2026,column
The Village,Palm Hills Developments,South Investors Area,29,hassankhaled21_pf|propertyfinder_2026,text
Hacienda Bay,Palm Hills Developments,North Coast,28,hassankhaled21_pf,text
Palm Hills Kattameya,Palm Hills Developments,El Katameya Compounds,25,hassankhaled21_pf,column
Hacienda Heneish,Palm Hills Developments,Qesm Marsa Matrouh,19,hassankhaled21_pf,text
Jirian,Palm Hills Developments,New Zayed City,8,hassankhaled21_pf|propertyfinder_2026,text
Hacienda White,Palm Hills Developments,Sidi Abdel Rahman,6,hassankhaled21_pf,text
Village Gardens Katameya,Palm Hills Developments,New Cairo,6,hassankhaled21_pf,text
Palm Hills Village Avenue,Palm Hills Developments,North Investors Area,2,hassankhaled21_pf|propertyfinder_2026,column
Badia Palm Hills,Palm Hills Developments,6th of october,1,sherp_dubizzle,column
Palm Hills Capital Garden,Palm Hills Developments,new capital city,1,sherp_dubizzle,column
City Gate,Qatari Diar,5th Settlement Compounds,48,hassankhaled21_pf|propertyfinder_2026|units_bayut,text
Azzar 2,Reedy Group,5th Settlement Compounds,10,hassankhaled21_pf,text
Azzar Islands,Reedy Group,North Coast,8,hassankhaled21_pf,text
Azzar,Reedy Group,New Cairo - El Tagamoa,6,hassankhaled21_pf|propertyfinder_2026,text
Telal East,Roya Developments,New Cairo,15,hassankhaled21_pf,text
Telal Al Sokhna,Roya Developments,Al Ain Al Sokhna,13,hassankhaled21_pf,text
Telal Alamein,Roya Developments,Sidi Abdel Rahman,7,hassankhaled21_pf,text
Stone Park,Roya Developments,New Cairo,3,hassankhaled21_pf,text
Sodic East,SODIC,New Heliopolis,1339,ameribrahim_bayut|hassankhaled21_pf|mohammedaltet_combined|mohammedaltet_houses|mohammedaltet_villas|propertyfinder_2026|sherp_dubizzle,column
Vye Sodic,SODIC,New Zayed City,599,ameribrahim_bayut|hassankhaled21_pf|mohammedaltet_combined|mohammedaltet_villas|propertyfinder_2026|sherp_dubizzle,column
October Plaza Sodic,SODIC,6th of October,202,ameribrahim_bayut|mohammedaltet_combined|mohammedaltet_houses|sherp_dubizzle,column
Sky Condos Sodic,SODIC,New Cairo - El Tagamoa,128,ameribrahim_bayut|mohammedaltet_combined|mohammedaltet_houses|mohammedaltet_villas|sherp_dubizzle,column
June Sodic,SODIC,North Coast,127,ameribrahim_bayut|mohammedaltet_houses,column
Sodic Westown,SODIC,Sheikh Zayed,119,ameribrahim_bayut|mohammedaltet_combined|mohammedaltet_houses|mohammedaltet_villas|sherp_dubizzle,column
Allegria,SODIC,Sheikh Zayed Compounds,99,hassankhaled21_pf|propertyfinder_2026,text
Sodic,SODIC,Sheikh Zayed,75,abdelrahmanahmed110|geoshy|sherp_dubizzle|units_bayut,column
Sodic West,SODIC,Sheikh Zayed Compounds,62,hassankhaled21_pf|propertyfinder_2026|sherp_dubizzle,column
The Estates,SODIC,Sheikh Zayed,53,hassankhaled21_pf|propertyfinder_2026,text
Westown,SODIC,Sheikh Zayed Compounds,45,hassankhaled21_pf|propertyfinder_2026,text
Caesar,SODIC,Qesm Marsa Matrouh,43,hassankhaled21_pf,text
June,SODIC,Ras Al Hekma,43,hassankhaled21_pf,text
Beverly Hills,SODIC,sheikh zayed,40,propertyfinder_2026,text
Villette,SODIC,New Cairo - El Tagamoa,40,hassankhaled21_pf|mohammedaltet_villas,text
Karmell,SODIC,sheikh zayed,36,hassankhaled21_pf|propertyfinder_2026,text
Ogami,SODIC,Ras Al Hekma,36,hassankhaled21_pf,text
Eastown,SODIC,new cairo,23,hassankhaled21_pf,text
Forty West - Sodic,SODIC,Sheikh Zayed,18,ameribrahim_bayut|mohammedaltet_combined|mohammedaltet_houses,column
Sodic Vye,SODIC,sheikh zayed,18,sherp_dubizzle,column
October Plaza,SODIC,6 October Compounds,16,hassankhaled21_pf|propertyfinder_2026,text
The Courtyards,SODIC,Sheikh Zayed Compounds,14,hassankhaled21_pf|propertyfinder_2026,text
Six West,SODIC,Beverly Hills,13,hassankhaled21_pf,text
Westown Sodic,SODIC,sheikh zayed,13,sherp_dubizzle,column
Forty West,SODIC,Sheikh Zayed Compounds,11,hassankhaled21_pf|propertyfinder_2026,text
Vye By Sodic,SODIC,sheikh zayed,11,sherp_dubizzle,column
Casa Sodic,SODIC,sheikh zayed,9,sherp_dubizzle,column
Al Katameya Plaza,SODIC,The 1st Settlement,8,hassankhaled21_pf|propertyfinder_2026,text
Sodic Casa,SODIC,sheikh zayed,8,sherp_dubizzle,column
Eden,SODIC,Cairo Gate,6,hassankhaled21_pf,text
October Plaza By Sodic,SODIC,6th of october,5,sherp_dubizzle,column
Katameya Plaza Sodic,SODIC,new cairo,5,sherp_dubizzle,column
Courtyard Sodic,SODIC,sheikh zayed,5,sherp_dubizzle,column
Bel Air - Sodic,SODIC,Sheikh Zayed,4,ameribrahim_bayut|mohammedaltet_villas,column
Sodic October Plaza,SODIC,6th of october,4,sherp_dubizzle,column
Sodic Katameya Plaza,SODIC,new cairo,3,sherp_dubizzle,column
Allegria Sodic,SODIC,sheikh zayed,2,sherp_dubizzle,column
Casa - Sodic - Sheikh Zayed,SODIC,sheikh zayed,2,sherp_dubizzle,column
Sodic Villette,SODIC,new cairo,2,sherp_dubizzle,column
West Town Sodic,SODIC,sheikh zayed,2,sherp_dubizzle,column
Sodic Courtyard,SODIC,sheikh zayed,2,sherp_dubizzle,column
Sodic Sheikh Zayed,SODIC,sheikh zayed,2,sherp_dubizzle,column
Sodic West – Westown,SODIC,sheikh zayed,2,sherp_dubizzle,column
Sodic Wtr,SODIC,sheikh zayed,2,sherp_dubizzle,column
Carmel Sodic,SODIC,sheikh zayed,2,sherp_dubizzle,column
Sodic Carmel,SODIC,sheikh zayed,2,sherp_dubizzle,column
Sodic Vye - New Zayed,SODIC,sheikh zayed,2,sherp_dubizzle,column
Courtyards Westown Sodic,SODIC,sheikh zayed,2,sherp_dubizzle,column
October Plaza Sodic Sheikh Zayed,SODIC,6th of october,2,sherp_dubizzle,column
Vay (Sodic),SODIC,sheikh zayed,1,sherp_dubizzle,column
Sodic Eastville,SODIC,new heliopolis,1,sherp_dubizzle,column
Sodic Eastown,SODIC,new cairo,1,sherp_dubizzle,column
Carmel  Sodic Sheikh Zayed,SODIC,sheikh zayed,1,sherp_dubizzle,column
Sodic June,SODIC,north coast,1,sherp_dubizzle,column
Sodic Ville,SODIC,new cairo,1,sherp_dubizzle,column
East Town Sodic,SODIC,new cairo,1,sherp_dubizzle,column
Casa Sodic West,SODIC,sheikh zayed,1,sherp_dubizzle,column
Sodic Vista,SODIC,new cairo,1,sherp_dubizzle,column
V Residence Sodic,SODIC,new cairo,1,sherp_dubizzle,column
Courtyard – Sodic Westown,SODIC,sheikh zayed,1,sherp_dubizzle,column
Westown Sodic West,SODIC,sheikh zayed,1,sherp_dubizzle,column
Sodic West Court Yard,SODIC,sheikh zayed,1,sherp_dubizzle,column
Sodic West Town,SODIC,sheikh zayed,1,sherp_dubizzle,column
Courtyard Sodic West,SODIC,sheikh zayed,1,sherp_dubizzle,column
Sodic Zayed New City,SODIC,sheikh zayed,1,sherp_dubizzle,column
The Estates Residences By Sodic,SODIC,sheikh zayed,1,sherp_dubizzle,column
Six West Sodic,SODIC,sheikh zayed,1,sherp_dubizzle,column
Vye New Zayed Sodic,SODIC,sheikh zayed,1,sherp_dubizzle,column
The Estates Residence – Sodic,SODIC,sheikh zayed,1,sherp_dubizzle,column
Vye Project By Sodic,SODIC,sheikh zayed,1,sherp_dubizzle,column
Sodic Valley,SODIC,mostakbal city,1,sherp_dubizzle,column
The Estates Sodic,SODIC,sheikh zayed,1,sherp_dubizzle,column
Sodic Karmel,SODIC,sheikh zayed,1,sherp_dubizzle,column
The Courtyard  Sodic Sheikh Zayed October,SODIC,sheikh zayed,1,sherp_dubizzle,column
Belle Vie Sodic,SODIC,sheikh zayed,1,sherp_dubizzle,column
Courtyards  By Sodic,SODIC,sheikh zayed,1,sherp_dubizzle,column
One 16 Sodic,SODIC,sheikh zayed,1,sherp_dubizzle,column
Sodic Allegria,SODIC,sheikh zayed,1,sherp_dubizzle,column
Sodic Allegria Residence,SODIC,sheikh zayed,1,sherp_dubizzle,column
Fye Sodic,SODIC,sheikh zayed,1,sherp_dubizzle,column
Plaza Sodic October,SODIC,6th of october,1,sherp_dubizzle,column
October Plaza Sodic October,SODIC,6th of october,1,sherp_dubizzle,column
June Sodic Ras Al-Hekma,SODIC,north coast,1,sherp_dubizzle,column
June Sodic Ras El Hekma,SODIC,north coast,1,sherp_dubizzle,column
Sodic Velet,SODIC,new cairo,1,sherp_dubizzle,column
Courtyard  Sodic Sheikh Zayed,SODIC,sheikh zayed,1,sherp_dubizzle,column
Marina 8,Saudi Egyptian Developers,North Coast,3,hassankhaled21_pf|propertyfinder_2026,text
Key Of Greens,TBK Developments,New Zayed City,4,propertyfinder_2026,text
Palm East,TG Developments,South Investors Area,3,hassankhaled21_pf|propertyfinder_2026,text
90 Avenue,Tabarak Holding,South Investors Area,22,hassankhaled21_pf|propertyfinder_2026,text
Tabarak,Tabarak Holding,Zahraa El Maadi,16,ameribrahim_bayut|hassankhaled21_pf|propertyfinder_2026,column
Tabarak Maadi Heights,Tabarak Holding,zahraa al maadi,1,sherp_dubizzle,column
Tabarak City 1,Tabarak Holding,al ibrahimiyyah,1,sherp_dubizzle,column
DeJoya Residence,Taj Misr Developments,New Zayed City,28,hassankhaled21_pf|propertyfinder_2026,text
Dejoya,Taj Misr Developments,new capital city,6,propertyfinder_2026|units_bayut,text
De Joya 4,Taj Misr Developments,new capital city,4,units_bayut,text
El Rehab Extension,Talaat Moustafa Group,Al Rehab,230,propertyfinder_2026,text
Rehab City First Phase,Talaat Moustafa Group,Al Rehab,39,propertyfinder_2026,text
Madinaty,Talaat Moustafa Group,madinaty,38,geoshy|hassankhaled21_pf|propertyfinder_2026|units_bayut,text
Rehab City Fifth Phase,Talaat Moustafa Group,Al Rehab,32,propertyfinder_2026,text
Rehab City Second Phase,Talaat Moustafa Group,Al Rehab,25,propertyfinder_2026,text
Rehab City Third Phase,Talaat Moustafa Group,Al Rehab,24,propertyfinder_2026,text
Celia,Talaat Moustafa Group,New Capital City,18,geoshy|hassankhaled21_pf|propertyfinder_2026|saeed_dubizzle|units_bayut,text
Noor City,Talaat Moustafa Group,New Capital City,14,hassankhaled21_pf|propertyfinder_2026|units_bayut,text
South Med,Talaat Moustafa Group,North Coast,13,hassankhaled21_pf|units_bayut,text
Rehab City Forth Phase,Talaat Moustafa Group,Al Rehab,6,propertyfinder_2026,text
Talaat Mostafa,Talaat Moustafa Group,madinaty,3,sherp_dubizzle,column
Talaat Moustafa,Talaat Moustafa Group,madinaty,2,sherp_dubizzle,column
Noor Tmg,Talaat Moustafa Group,new capital city,2,sherp_dubizzle,column
TMG North Coast,Talaat Moustafa Group,Qesm Ad Dabaah,1,hassankhaled21_pf,column
Talaat Mostafa St.,Talaat Moustafa Group,Rehab City Fifth Phase,1,hassankhaled21_pf,column
Rawasi Talaat Mostafa,Talaat Moustafa Group,madinaty,1,sherp_dubizzle,column
New City Talaat Mustafa,Talaat Moustafa Group,new capital city,1,sherp_dubizzle,column
New City Talaat Mostafa,Talaat Moustafa Group,new capital city,1,sherp_dubizzle,column
Fouka Bay,Tatweer Misr,North Coast,71,hassankhaled21_pf|units_bayut,text
IL Monte Galala,Tatweer Misr,Ain Sukhna,44,hassankhaled21_pf|propertyfinder_2026|units_bayut,text
Salt,Tatweer Misr,Ras Al Hekma,37,hassankhaled21_pf,text
Rivers,Tatweer Misr,Sheikh Zayed,25,hassankhaled21_pf|propertyfinder_2026|units_bayut,text
D-Bay,Tatweer Misr,North Coast,22,hassankhaled21_pf,text
Bloomfields,Tatweer Misr,mostakbal city,19,hassankhaled21_pf|propertyfinder_2026|saeed_dubizzle,text
Scenes,Tatweer Misr,Mostakbal City Compounds,8,hassankhaled21_pf|propertyfinder_2026,text
Bloomfields Tatweer Misr ( Mostakbal City,Tatweer Misr,mostakbal city,1,sherp_dubizzle,column
Bloomfields - Tatweer Misr,Tatweer Misr,mostakbal city,1,sherp_dubizzle,column
The Waterway,The Waterway Developments,North Investors Area,7,propertyfinder_2026,text
The Waterway View,The Waterway Developments,90 Street,7,hassankhaled21_pf,text
W Signature By Waterway,The Waterway Developments,South Investors Area,4,hassankhaled21_pf|propertyfinder_2026,text
Almaza Bay,Travco Properties,Qesm Marsa Matrouh,37,hassankhaled21_pf|units_bayut,text
Ras Soma,Travco Properties,Safaga,6,hassankhaled21_pf|propertyfinder_2026,text
Valore,Valore Developments,sheraton,5,hassankhaled21_pf|propertyfinder_2026,text
Aljar,Valore Developments,sheraton,4,hassankhaled21_pf|propertyfinder_2026,text
Coy,Voya Developments,sheikh zayed,4,hassankhaled21_pf|propertyfinder_2026,text
Neopolis   Wadi Degla,Wadi Degla Developments,Mostakbal City Compounds,17,hassankhaled21_pf|propertyfinder_2026,text
Promenade New Cairo,Wadi Degla Developments,New Cairo,12,hassankhaled21_pf,text
Bluemar Wadi Degla,Wadi Degla Developments,Sidi Abdel Rahman,3,hassankhaled21_pf,text
